league,season,season_type,date,event_id,away,home,neutral,spread_home,total,away_score,home_score,away_p1,away_p2,away_p3,away_p4,home_p1,home_p2,home_p3,home_p4,ot_periods,provider
nba,2024,2,2023-10-25,401584691,Atlanta Hawks,Charlotte Hornets,0,4.0,236.0,110,116,29,23,21,37,25,26,27,38,0,DraftKings
nba,2024,2,2023-10-24,401584689,Los Angeles Lakers,Denver Nuggets,0,-4.5,228.5,107,119,20,34,26,27,34,29,24,32,0,DraftKings
nba,2024,2,2023-10-25,401584693,Boston Celtics,New York Knicks,0,4.0,223.0,108,104,30,21,31,26,18,28,27,31,0,DraftKings
nba,2024,2,2023-10-25,401584702,Portland Trail Blazers,LA Clippers,0,-9.5,225.5,111,123,20,27,26,38,29,38,32,24,0,DraftKings
nba,2024,2,2023-10-26,401584703,Philadelphia 76ers,Milwaukee Bucks,0,-6.0,228.0,117,118,23,31,31,32,30,33,25,30,0,DraftKings
nba,2024,2,2023-10-24,401584690,Phoenix Suns,Golden State Warriors,0,-2.5,234.5,108,104,28,33,19,28,28,18,40,18,0,DraftKings
nba,2024,2,2023-10-25,401584692,Washington Wizards,Indiana Pacers,0,-5.0,235.5,120,143,39,29,28,24,34,39,37,33,0,DraftKings
nba,2024,2,2023-10-25,401584695,Cleveland Cavaliers,Brooklyn Nets,0,1.5,219.0,114,113,37,26,27,24,32,31,24,26,0,DraftKings
nba,2024,2,2023-10-25,401584696,Detroit Pistons,Miami Heat,0,-9.5,218.5,102,103,29,18,28,27,26,32,25,20,0,DraftKings
nba,2024,2,2023-10-25,401584701,Dallas Mavericks,San Antonio Spurs,0,5.0,231.5,126,119,36,28,32,30,43,25,23,28,0,DraftKings
nba,2024,2,2023-10-26,401584704,Phoenix Suns,Los Angeles Lakers,0,-6.5,226.5,95,100,30,22,32,11,18,30,24,28,0,DraftKings
nba,2024,2,2023-10-25,401584698,Oklahoma City Thunder,Chicago Bulls,0,-2.5,224.0,124,104,33,28,30,33,35,20,27,22,0,DraftKings
nba,2024,2,2023-10-25,401584694,Houston Rockets,Orlando Magic,0,-4.5,220.0,86,116,20,23,26,17,29,25,33,29,0,DraftKings
nba,2024,2,2023-10-25,401584697,Minnesota Timberwolves,Toronto Raptors,0,-1.0,221.0,94,97,25,26,23,20,25,28,20,24,0,DraftKings
nba,2024,2,2023-10-25,401584700,Sacramento Kings,Utah Jazz,0,1.5,233.5,130,114,32,40,33,25,24,34,29,27,0,DraftKings
nba,2024,2,2023-10-25,401584699,New Orleans Pelicans,Memphis Grizzlies,0,-1.0,224.5,111,104,25,32,25,29,28,19,23,34,0,DraftKings
nba,2024,2,2023-10-27,401584706,Denver Nuggets,Memphis Grizzlies,0,6.0,221.5,108,104,25,36,28,19,18,38,23,25,0,DraftKings
nba,2024,2,2023-10-27,401584708,Miami Heat,Boston Celtics,0,-8.5,217.5,111,119,28,27,33,23,25,35,27,32,0,DraftKings
nba,2024,2,2023-10-27,401584707,New York Knicks,Atlanta Hawks,0,1.0,229.5,126,120,35,34,31,26,31,30,31,28,0,DraftKings
nba,2024,2,2023-10-27,401584709,Oklahoma City Thunder,Cleveland Cavaliers,0,-2.0,226.0,108,105,31,21,27,29,26,16,33,30,0,DraftKings
nba,2024,2,2023-10-27,401584713,LA Clippers,Utah Jazz,0,4.0,228.0,118,120,30,24,29,35,33,30,26,31,0,DraftKings
nba,2024,2,2023-10-27,401584712,Brooklyn Nets,Dallas Mavericks,0,-6.0,230.0,120,125,25,34,30,31,26,31,31,37,0,DraftKings
nba,2024,2,2023-10-27,401584705,Detroit Pistons,Charlotte Hornets,0,-4.5,227.0,111,99,32,22,29,28,21,26,28,24,0,DraftKings
nba,2024,2,2023-10-27,401584714,Orlando Magic,Portland Trail Blazers,0,3.5,220.5,102,97,31,32,19,20,26,29,25,17,0,DraftKings
nba,2024,2,2023-10-27,401584711,Houston Rockets,San Antonio Spurs,0,-3.5,224.5,122,126,23,29,31,28,25,27,24,35,1,DraftKings
nba,2024,2,2023-10-27,401584715,Golden State Warriors,Sacramento Kings,0,-3.0,237.0,122,114,24,36,39,23,29,28,27,30,0,DraftKings
nba,2024,2,2023-10-28,401584718,New York Knicks,New Orleans Pelicans,0,-3.0,223.5,87,96,12,25,31,19,26,29,22,19,0,DraftKings
nba,2024,2,2023-10-28,401584717,Memphis Grizzlies,Washington Wizards,0,1.0,229.0,106,113,22,24,34,26,25,37,30,21,0,DraftKings
nba,2024,2,2023-10-27,401584710,Toronto Raptors,Chicago Bulls,0,-2.5,216.0,103,104,18,17,33,25,24,18,23,28,1,DraftKings
nba,2024,2,2023-10-28,401584716,Chicago Bulls,Detroit Pistons,0,2.5,214.0,102,118,26,18,33,25,29,28,27,34,0,DraftKings
nba,2024,2,2023-10-28,401584719,Indiana Pacers,Cleveland Cavaliers,0,4.5,220.0,125,113,31,29,31,34,37,12,38,26,0,DraftKings
nba,2024,2,2023-10-28,401584720,Philadelphia 76ers,Toronto Raptors,0,5.0,214.5,114,107,27,29,35,23,36,23,20,28,0,DraftKings
nba,2024,2,2023-10-28,401584722,Utah Jazz,Phoenix Suns,0,-5.5,223.0,104,126,27,23,28,26,37,29,40,20,0,DraftKings
nba,2024,2,2023-10-28,401584721,Miami Heat,Minnesota Timberwolves,0,-8.5,215.0,90,106,31,22,20,17,26,29,25,26,0,DraftKings
nba,2024,2,2023-10-29,401584723,Denver Nuggets,Oklahoma City Thunder,0,3.5,229.5,128,95,34,35,28,31,23,28,24,20,0,DraftKings
nba,2024,2,2023-10-29,401584724,Golden State Warriors,Houston Rockets,0,6.5,223.5,106,95,26,31,24,25,24,23,28,20,0,DraftKings
nba,2024,2,2023-10-30,401584730,Chicago Bulls,Indiana Pacers,0,-3.5,229.5,112,105,27,26,25,34,30,25,28,22,0,DraftKings
nba,2024,2,2023-10-29,401584727,San Antonio Spurs,LA Clippers,0,-9.0,229.5,83,123,17,20,23,23,23,33,37,30,0,DraftKings
nba,2024,2,2023-10-29,401584726,Portland Trail Blazers,Philadelphia 76ers,0,-9.5,217.0,98,126,28,32,21,17,36,30,33,27,0,DraftKings
nba,2024,2,2023-10-29,401584728,Los Angeles Lakers,Sacramento Kings,0,-2.5,236.0,127,132,28,27,28,32,41,25,21,28,1,DraftKings
nba,2024,2,2023-10-30,401584729,Brooklyn Nets,Charlotte Hornets,0,1.0,227.5,133,121,42,24,33,34,23,32,28,38,0,DraftKings
nba,2024,2,2023-10-29,401584725,Atlanta Hawks,Milwaukee Bucks,0,-6.0,239.0,127,110,31,37,33,26,25,22,33,30,0,DraftKings
nba,2024,2,2023-10-30,401584734,Dallas Mavericks,Memphis Grizzlies,0,-1.5,222.5,125,110,30,37,30,28,36,25,25,24,0,DraftKings
nba,2024,2,2023-10-30,401584731,Boston Celtics,Washington Wizards,0,10.5,231.5,126,107,42,35,31,18,19,32,24,32,0,DraftKings
nba,2024,2,2023-10-30,401584733,Portland Trail Blazers,Toronto Raptors,0,-9.5,216.5,99,91,21,26,33,19,25,25,24,17,0,DraftKings
nba,2024,2,2023-10-30,401584732,Minnesota Timberwolves,Atlanta Hawks,0,2.0,227.5,113,127,42,37,19,15,35,25,38,29,0,DraftKings
nba,2024,2,2023-10-30,401584735,Miami Heat,Milwaukee Bucks,0,-7.5,225.5,114,122,28,24,21,41,28,34,35,25,0,DraftKings
nba,2024,2,2023-10-30,401584736,Golden State Warriors,New Orleans Pelicans,0,-3.0,220.5,130,102,29,30,39,32,27,30,21,24,0,DraftKings
nba,2024,2,2023-10-30,401584737,Detroit Pistons,Oklahoma City Thunder,0,-6.5,224.0,112,124,21,26,32,33,33,26,32,33,0,DraftKings
nba,2024,2,2023-10-30,401584739,Orlando Magic,Los Angeles Lakers,0,-3.5,220.0,103,106,24,34,22,23,29,25,27,25,0,DraftKings
nba,2024,2,2023-10-30,401584738,Utah Jazz,Denver Nuggets,0,-8.5,225.5,102,110,21,24,24,33,31,27,22,30,0,DraftKings
nba,2024,2,2023-10-31,401584740,New York Knicks,Cleveland Cavaliers,0,1.5,214.0,109,91,28,30,28,23,24,28,16,23,0,DraftKings
nba,2024,2,2023-10-31,401584741,San Antonio Spurs,Phoenix Suns,0,-7.0,225.5,115,114,18,27,37,33,27,36,32,19,0,DraftKings
nba,2024,2,2023-11-01,401584744,Milwaukee Bucks,Toronto Raptors,0,4.0,223.5,111,130,18,26,35,32,31,35,29,35,0,DraftKings
nba,2024,2,2023-11-01,401584746,Indiana Pacers,Boston Celtics,0,-13.5,233.5,104,155,27,27,17,33,44,31,34,46,0,DraftKings
nba,2024,2,2023-10-31,401584742,Orlando Magic,LA Clippers,0,-6.5,220.0,102,118,18,32,21,31,13,34,41,30,0,DraftKings
nba,2024,2,2023-11-01,401584743,Portland Trail Blazers,Detroit Pistons,0,-3.5,216.0,110,101,26,21,36,27,32,27,25,17,0,DraftKings
nba,2024,2,2023-11-01,401584745,Washington Wizards,Atlanta Hawks,0,-9.5,240.0,121,130,30,21,31,39,25,34,40,31,0,DraftKings
nba,2024,2,2023-11-01,401584747,Brooklyn Nets,Miami Heat,0,-7.0,223.0,109,105,29,17,29,34,32,24,27,22,0,DraftKings
nba,2024,2,2023-11-01,401584748,Cleveland Cavaliers,New York Knicks,0,-5.5,211.0,95,89,24,25,22,24,22,28,13,26,0,DraftKings
nba,2024,2,2023-11-01,401584749,New Orleans Pelicans,Oklahoma City Thunder,0,-3.5,227.5,110,106,14,29,35,32,33,18,26,29,0,DraftKings
nba,2024,2,2023-11-01,401584750,Charlotte Hornets,Houston Rockets,0,-3.0,222.0,119,128,27,31,20,41,39,22,25,42,0,DraftKings
nba,2024,2,2023-11-01,401584751,Denver Nuggets,Minnesota Timberwolves,0,2.5,219.5,89,110,21,23,28,17,28,35,26,21,0,DraftKings
nba,2024,2,2023-11-01,401584752,Chicago Bulls,Dallas Mavericks,0,-3.5,220.5,105,114,23,27,33,22,26,23,32,33,0,DraftKings
nba,2024,2,2023-11-01,401584753,Memphis Grizzlies,Utah Jazz,0,-2.0,225.5,109,133,19,27,33,30,42,37,25,29,0,DraftKings
nba,2024,2,2023-11-01,401584754,Sacramento Kings,Golden State Warriors,0,-6.5,227.5,101,102,31,24,24,22,28,28,18,28,0,DraftKings
nba,2024,2,2023-11-02,401584756,Toronto Raptors,Philadelphia 76ers,0,-7.5,215.0,99,114,26,23,28,22,30,28,32,24,0,DraftKings
nba,2024,2,2023-11-02,401584757,Detroit Pistons,New Orleans Pelicans,0,-4.5,215.5,116,125,29,20,34,33,35,37,22,31,0,DraftKings
nba,2024,2,2023-11-01,401584755,LA Clippers,Los Angeles Lakers,0,-3.0,228.5,125,130,37,24,24,32,24,24,39,30,1,DraftKings
nba,2024,2,2023-11-02,401584759,San Antonio Spurs,Phoenix Suns,0,-10.5,229.5,132,121,39,36,28,29,20,35,34,32,0,DraftKings
nba,2024,2,2023-11-03,401584090,New York Knicks,Milwaukee Bucks,0,-5.0,223.5,105,110,25,21,30,29,21,35,26,28,0,DraftKings
nba,2024,2,2023-11-03,401584089,Cleveland Cavaliers,Indiana Pacers,0,2.0,230.0,116,121,26,27,34,29,36,34,18,33,0,DraftKings
nba,2024,2,2023-11-03,401584093,Golden State Warriors,Oklahoma City Thunder,0,6.0,225.5,141,139,38,31,37,35,33,34,39,33,0,DraftKings
nba,2024,2,2023-11-03,401584095,Memphis Grizzlies,Portland Trail Blazers,0,3.5,220.0,113,115,26,27,24,25,33,21,22,26,1,DraftKings
nba,2024,2,2023-11-03,401584091,Washington Wizards,Miami Heat,0,-8.5,224.5,114,121,34,20,27,33,34,26,41,20,0,DraftKings
nba,2024,2,2023-11-03,401584092,Brooklyn Nets,Chicago Bulls,0,-4.0,221.0,109,107,35,24,19,31,30,28,22,27,0,DraftKings
nba,2024,2,2023-11-02,401584758,Orlando Magic,Utah Jazz,0,1.5,224.5,115,113,30,36,24,25,34,24,28,27,0,DraftKings
nba,2024,2,2023-11-04,401584760,Phoenix Suns,Philadelphia 76ers,0,-6.5,220.0,100,112,24,21,30,25,25,27,28,32,0,DraftKings
nba,2024,2,2023-11-03,401584094,Dallas Mavericks,Denver Nuggets,0,-5.5,229.5,114,125,24,31,32,27,40,30,32,23,0,DraftKings
nba,2024,2,2023-11-04,401584761,Charlotte Hornets,Indiana Pacers,0,-5.0,241.0,125,124,27,27,38,33,27,19,50,28,0,DraftKings
nba,2024,2,2023-11-04,401584762,Los Angeles Lakers,Orlando Magic,0,3.5,222.5,101,120,25,26,29,21,39,28,34,19,0,DraftKings
nba,2024,2,2023-11-04,401584765,Sacramento Kings,Houston Rockets,0,2.5,221.0,89,107,19,34,15,21,33,26,12,36,0,DraftKings
nba,2024,2,2023-11-04,401584763,Atlanta Hawks,New Orleans Pelicans,0,-2.0,237.5,123,105,27,26,41,29,35,25,23,22,0,DraftKings
nba,2024,2,2023-11-04,401584767,Chicago Bulls,Denver Nuggets,0,-9.0,217.5,101,123,22,31,21,27,23,28,35,37,0,DraftKings
nba,2024,2,2023-11-04,401584766,Utah Jazz,Minnesota Timberwolves,0,-7.5,224.5,95,123,27,23,27,18,29,26,37,31,0,DraftKings
nba,2024,2,2023-11-06,401584773,Golden State Warriors,Detroit Pistons,0,9.0,224.0,120,109,31,25,27,37,26,22,34,27,0,DraftKings
nba,2024,2,2023-11-05,401584768,Phoenix Suns,Detroit Pistons,0,3.0,219.0,120,106,28,30,34,28,27,22,31,26,0,DraftKings
nba,2024,2,2023-11-06,401584775,Dallas Mavericks,Orlando Magic,0,1.0,229.5,117,102,27,26,33,31,33,33,17,19,0,DraftKings
nba,2024,2,2023-11-06,401584774,San Antonio Spurs,Indiana Pacers,0,-8.5,238.0,111,152,28,33,26,24,44,42,33,33,0,DraftKings
nba,2024,2,2023-11-05,401584770,Golden State Warriors,Cleveland Cavaliers,0,-1.0,222.5,104,115,30,15,32,27,29,28,29,29,0,DraftKings
nba,2024,2,2023-11-05,401584769,Toronto Raptors,San Antonio Spurs,0,3.5,222.5,123,116,22,13,36,39,26,28,32,24,1,DraftKings
nba,2024,2,2023-11-05,401584772,Memphis Grizzlies,Portland Trail Blazers,0,3.0,219.0,112,100,30,33,19,30,32,23,31,14,0,DraftKings
nba,2024,2,2023-11-04,401584764,Boston Celtics,Brooklyn Nets,0,10.0,226.0,124,114,34,36,21,33,34,24,30,26,0,DraftKings
nba,2024,2,2023-11-06,401584776,Washington Wizards,Philadelphia 76ers,0,-11.0,229.5,128,146,24,34,40,30,33,42,45,26,0,DraftKings
nba,2024,2,2023-11-06,401584777,Milwaukee Bucks,Brooklyn Nets,0,5.0,233.5,129,125,29,34,33,33,32,35,27,31,0,DraftKings
nba,2024,2,2023-11-05,401584771,Charlotte Hornets,Dallas Mavericks,0,-11.5,234.0,118,124,31,31,22,34,26,24,33,41,0,DraftKings
nba,2024,2,2023-11-06,401584778,Los Angeles Lakers,Miami Heat,0,-1.5,222.5,107,108,33,26,20,28,33,29,28,18,0,DraftKings
nba,2024,2,2023-11-06,401584781,Sacramento Kings,Houston Rockets,0,2.5,218.0,97,122,22,20,18,37,32,35,30,25,0,DraftKings
nba,2024,2,2023-11-06,401584779,LA Clippers,New York Knicks,0,-2.0,223.5,97,111,21,25,30,21,19,23,34,35,0,DraftKings
nba,2024,2,2023-11-06,401584780,Utah Jazz,Chicago Bulls,0,-4.0,222.5,113,130,32,20,26,35,37,29,32,32,0,DraftKings
nba,2024,2,2023-11-06,401584782,Boston Celtics,Minnesota Timberwolves,0,3.5,222.0,109,114,26,29,19,27,29,23,27,22,1,DraftKings
nba,2024,2,2023-11-06,401584783,Atlanta Hawks,Oklahoma City Thunder,0,1.0,243.0,117,126,28,22,27,40,29,29,38,30,0,DraftKings
nba,2024,2,2023-11-06,401584784,New Orleans Pelicans,Denver Nuggets,0,-6.0,222.0,116,134,27,44,21,24,25,34,40,35,0,DraftKings
nba,2024,2,2023-11-08,401584787,Boston Celtics,Philadelphia 76ers,0,3.0,229.5,103,106,27,27,17,32,22,39,20,25,0,DraftKings
nba,2024,2,2023-11-08,401584789,San Antonio Spurs,New York Knicks,0,-9.0,224.5,105,126,16,35,21,33,33,32,34,27,0,DraftKings
nba,2024,2,2023-11-08,401584791,Los Angeles Lakers,Houston Rockets,0,2.0,224.0,94,128,19,26,26,23,32,34,33,29,0,DraftKings
nba,2024,2,2023-11-08,401584785,Washington Wizards,Charlotte Hornets,0,-2.0,240.0,132,116,24,41,38,29,29,17,38,32,0,DraftKings
nba,2024,2,2023-11-08,401584786,Utah Jazz,Indiana Pacers,0,-6.0,243.0,118,134,29,31,38,20,29,38,34,33,0,DraftKings
nba,2024,2,2023-11-08,401584788,LA Clippers,Brooklyn Nets,0,5.5,231.5,93,100,21,28,22,22,13,33,27,27,0,DraftKings
nba,2024,2,2023-11-08,401584790,Phoenix Suns,Chicago Bulls,0,1.0,218.0,116,115,36,21,31,19,28,29,27,23,1,DraftKings
nba,2024,2,2023-11-08,401584792,Miami Heat,Memphis Grizzlies,0,2.0,217.0,108,102,33,21,23,31,26,20,30,26,0,DraftKings
nba,2024,2,2023-11-08,401584793,Detroit Pistons,Milwaukee Bucks,0,-12.0,227.0,118,120,23,29,43,23,24,38,28,30,0,DraftKings
nba,2024,2,2023-11-08,401584794,New Orleans Pelicans,Minnesota Timberwolves,0,-9.5,215.5,101,122,24,20,24,33,28,44,25,25,0,DraftKings
nba,2024,2,2023-11-08,401584795,Cleveland Cavaliers,Oklahoma City Thunder,0,2.0,227.0,120,128,29,28,30,33,36,34,29,29,0,DraftKings
nba,2024,2,2023-11-08,401584797,Golden State Warriors,Denver Nuggets,0,-4.5,228.0,105,108,21,26,31,27,26,27,23,32,0,DraftKings
nba,2024,2,2023-11-08,401584798,Portland Trail Blazers,Sacramento Kings,0,-8.0,221.0,118,121,29,31,24,27,34,22,29,26,1,DraftKings
nba,2024,2,2023-11-08,401584796,Toronto Raptors,Dallas Mavericks,0,-4.0,225.5,127,116,27,35,37,28,33,25,30,28,0,DraftKings
nba,2024,2,2023-11-09,401584800,Atlanta Hawks,Orlando Magic,1,3.5,233.0,120,119,34,39,20,27,34,35,29,21,0,DraftKings
nba,2024,2,2023-11-09,401584799,Milwaukee Bucks,Indiana Pacers,0,1.0,239.0,124,126,24,36,34,30,38,28,27,33,0,DraftKings
nba,2024,2,2023-11-10,401584098,Brooklyn Nets,Boston Celtics,0,-12.0,230.5,107,121,33,21,30,23,38,28,27,28,0,DraftKings
nba,2024,2,2023-11-10,401584096,Philadelphia 76ers,Detroit Pistons,0,8.5,224.5,114,106,21,27,35,31,33,23,21,29,0,DraftKings
nba,2024,2,2023-11-10,401584099,New Orleans Pelicans,Houston Rockets,0,-3.0,219.5,101,104,31,17,31,22,26,28,16,34,0,DraftKings
nba,2024,2,2023-11-10,401584097,Charlotte Hornets,Washington Wizards,0,-3.0,239.5,124,117,22,35,31,36,27,36,34,20,0,DraftKings
nba,2024,2,2023-11-10,401584101,Minnesota Timberwolves,San Antonio Spurs,0,7.5,224.5,117,110,22,34,34,27,27,27,19,37,0,DraftKings
nba,2024,2,2023-11-10,401584100,Utah Jazz,Memphis Grizzlies,0,-5.0,230.0,127,121,34,42,27,24,32,31,32,26,0,DraftKings
nba,2024,2,2023-11-10,401584103,Los Angeles Lakers,Phoenix Suns,0,-2.0,225.0,122,119,25,30,34,33,34,29,33,23,0,DraftKings
nba,2024,2,2023-11-10,401584104,Oklahoma City Thunder,Sacramento Kings,0,2.0,232.0,98,105,20,22,28,28,34,19,22,30,0,DraftKings
nba,2024,2,2023-11-11,401584801,Milwaukee Bucks,Orlando Magic,0,2.0,227.0,97,112,25,24,23,25,29,36,23,24,0,DraftKings
nba,2024,2,2023-11-10,401584102,LA Clippers,Dallas Mavericks,0,-1.0,235.5,126,144,33,18,38,37,30,47,38,29,0,DraftKings
nba,2024,2,2023-11-11,401584802,Toronto Raptors,Boston Celtics,0,-9.0,223.0,94,117,26,20,25,23,30,25,33,29,0,DraftKings
nba,2024,2,2023-11-11,401584803,Miami Heat,Atlanta Hawks,0,-7.5,227.5,117,109,41,22,30,24,24,28,30,27,0,DraftKings
nba,2024,2,2023-11-12,401584805,Charlotte Hornets,New York Knicks,0,-10.5,224.5,107,129,25,29,25,28,32,32,35,30,0,DraftKings
nba,2024,2,2023-11-12,401584806,Washington Wizards,Brooklyn Nets,0,-7.0,233.0,94,102,15,26,31,22,30,19,29,24,0,DraftKings
nba,2024,2,2023-11-12,401584807,Memphis Grizzlies,LA Clippers,0,-8.5,224.0,105,101,33,19,27,26,20,25,23,33,0,DraftKings
nba,2024,2,2023-11-11,401584804,Cleveland Cavaliers,Golden State Warriors,0,-4.5,224.0,118,110,30,38,16,34,31,21,31,27,0,DraftKings
nba,2024,2,2023-11-12,401584808,Indiana Pacers,Philadelphia 76ers,0,-7.0,237.5,126,137,27,33,39,27,38,31,31,37,0,DraftKings
nba,2024,2,2023-11-12,401584811,Dallas Mavericks,New Orleans Pelicans,0,3.5,237.0,136,124,34,33,42,27,27,27,31,39,0,DraftKings
nba,2024,2,2023-11-12,401584810,Denver Nuggets,Houston Rockets,0,5.0,216.0,104,107,30,20,26,28,23,23,28,33,0,DraftKings
nba,2024,2,2023-11-12,401584809,Detroit Pistons,Chicago Bulls,0,-6.5,220.0,108,119,31,19,31,27,22,33,29,35,0,DraftKings
nba,2024,2,2023-11-12,401584812,Miami Heat,San Antonio Spurs,0,2.0,221.5,118,113,15,35,32,36,29,24,31,29,0,DraftKings
nba,2024,2,2023-11-12,401584815,Portland Trail Blazers,Los Angeles Lakers,0,-8.5,221.0,110,116,28,29,23,30,31,25,35,25,0,DraftKings
nba,2024,2,2023-11-12,401584813,Oklahoma City Thunder,Phoenix Suns,0,-3.5,232.0,111,99,29,25,26,31,29,30,27,13,0,DraftKings
nba,2024,2,2023-11-12,401584814,Minnesota Timberwolves,Golden State Warriors,0,-3.5,222.0,116,110,29,25,35,27,31,20,22,37,0,DraftKings
nba,2024,2,2023-11-13,401584817,Washington Wizards,Toronto Raptors,0,-8.0,230.0,107,111,32,32,27,16,25,20,36,30,0,DraftKings
nba,2024,2,2023-11-13,401584816,New York Knicks,Boston Celtics,0,-9.5,220.5,98,114,24,29,23,22,25,27,32,30,0,DraftKings
nba,2024,2,2023-11-13,401584818,Chicago Bulls,Milwaukee Bucks,0,-9.5,230.5,109,118,18,31,25,35,35,24,24,35,0,DraftKings
nba,2024,2,2023-11-14,401584105,Miami Heat,Charlotte Hornets,0,6.0,221.0,111,105,24,33,30,24,32,16,32,25,0,DraftKings
nba,2024,2,2023-11-13,401584819,Cleveland Cavaliers,Sacramento Kings,0,-1.0,229.0,120,132,25,35,29,31,33,35,42,22,0,DraftKings
nba,2024,2,2023-11-14,401584106,Atlanta Hawks,Detroit Pistons,0,4.5,225.0,126,120,38,26,33,29,29,31,31,29,0,DraftKings
nba,2024,2,2023-11-14,401584107,Indiana Pacers,Philadelphia 76ers,0,-6.0,240.5,132,126,36,27,32,37,30,24,40,32,0,DraftKings
nba,2024,2,2023-11-14,401584108,Orlando Magic,Brooklyn Nets,0,-2.5,217.5,104,124,24,36,26,18,33,24,31,36,0,DraftKings
nba,2024,2,2023-11-14,401584110,Dallas Mavericks,New Orleans Pelicans,0,3.5,239.5,110,131,26,28,31,25,33,37,44,17,0,DraftKings
nba,2024,2,2023-11-14,401584109,San Antonio Spurs,Oklahoma City Thunder,0,-10.5,237.5,87,123,25,23,18,21,28,30,33,32,0,DraftKings
nba,2024,2,2023-11-14,401584112,LA Clippers,Denver Nuggets,0,-4.5,226.5,108,111,26,26,32,24,28,32,24,27,0,DraftKings
nba,2024,2,2023-11-14,401584111,Portland Trail Blazers,Utah Jazz,0,-7.0,231.0,99,115,28,30,28,13,36,31,28,20,0,DraftKings
nba,2024,2,2023-11-14,401584113,Minnesota Timberwolves,Golden State Warriors,0,3.0,216.0,104,101,22,32,22,28,30,29,24,18,0,DraftKings
nba,2024,2,2023-11-15,401584822,Boston Celtics,Philadelphia 76ers,0,1.0,223.0,117,107,37,20,26,34,22,36,17,32,0,DraftKings
nba,2024,2,2023-11-15,401584821,New York Knicks,Atlanta Hawks,0,-1.5,229.0,116,114,33,24,30,29,22,34,25,33,0,DraftKings
nba,2024,2,2023-11-14,401584114,Memphis Grizzlies,Los Angeles Lakers,0,-6.5,226.0,107,134,26,25,35,21,37,37,33,27,0,DraftKings
nba,2024,2,2023-11-15,401584820,Dallas Mavericks,Washington Wizards,0,4.0,243.5,130,117,41,30,33,26,26,25,32,34,0,DraftKings
nba,2024,2,2023-11-15,401584823,Milwaukee Bucks,Toronto Raptors,0,1.0,225.5,128,112,36,34,30,28,21,26,32,33,0,DraftKings
nba,2024,2,2023-11-15,401584824,Orlando Magic,Chicago Bulls,0,-2.0,215.5,96,94,21,29,23,23,21,12,31,30,0,DraftKings
nba,2024,2,2023-11-15,401584826,Sacramento Kings,Los Angeles Lakers,0,-1.0,237.5,125,110,38,34,32,21,25,34,21,30,0,DraftKings
nba,2024,2,2023-11-15,401584825,Minnesota Timberwolves,Phoenix Suns,0,-4.5,223.0,115,133,29,25,28,33,35,41,34,23,0,DraftKings
nba,2024,2,2023-11-15,401584827,Cleveland Cavaliers,Portland Trail Blazers,0,9.5,218.0,109,95,30,25,28,26,25,22,28,20,0,DraftKings
nba,2024,2,2023-11-16,401584829,Oklahoma City Thunder,Golden State Warriors,0,3.0,226.5,128,109,39,28,27,34,24,36,25,24,0,DraftKings
nba,2024,2,2023-11-16,401584828,Brooklyn Nets,Miami Heat,0,-3.5,214.5,115,122,27,25,31,32,30,30,35,27,0,DraftKings
nba,2024,2,2023-11-17,401584116,New York Knicks,Washington Wizards,0,7.0,226.0,120,99,35,30,24,31,25,29,30,15,0,DraftKings
nba,2024,2,2023-11-17,401584115,Milwaukee Bucks,Charlotte Hornets,0,8.5,243.0,130,99,28,31,33,38,37,20,24,18,0,DraftKings
nba,2024,2,2023-11-17,401584117,Philadelphia 76ers,Atlanta Hawks,0,1.5,236.5,126,116,30,27,37,32,24,32,31,29,0,DraftKings
nba,2024,2,2023-11-17,401584118,Detroit Pistons,Cleveland Cavaliers,0,-9.0,218.5,100,108,26,19,28,27,35,24,21,28,0,DraftKings
nba,2024,2,2023-11-17,401584119,Boston Celtics,Toronto Raptors,0,9.0,223.5,108,105,26,39,19,24,32,17,32,24,0,DraftKings
nba,2024,2,2023-11-17,401584122,Denver Nuggets,New Orleans Pelicans,0,5.0,226.5,110,115,28,25,33,24,36,33,26,20,0,DraftKings
nba,2024,2,2023-11-17,401584124,Los Angeles Lakers,Portland Trail Blazers,0,9.5,226.5,107,95,30,30,22,25,23,27,25,20,0,DraftKings
nba,2024,2,2023-11-18,401584830,New York Knicks,Charlotte Hornets,0,6.5,223.5,122,108,30,31,28,33,19,31,30,28,0,DraftKings
nba,2024,2,2023-11-17,401584125,Houston Rockets,LA Clippers,0,-7.5,217.5,100,106,23,27,27,23,29,19,31,27,0,DraftKings
nba,2024,2,2023-11-17,401584123,Phoenix Suns,Utah Jazz,0,5.5,237.5,131,128,41,34,27,29,38,37,24,29,0,DraftKings
nba,2024,2,2023-11-17,401584120,Sacramento Kings,San Antonio Spurs,0,8.5,238.0,129,120,29,33,33,34,31,31,32,26,0,DraftKings
nba,2024,2,2023-11-17,401584121,Orlando Magic,Chicago Bulls,0,-3.5,215.5,103,97,23,25,29,26,16,17,32,32,0,DraftKings
nba,2024,2,2023-11-18,401584831,Minnesota Timberwolves,New Orleans Pelicans,0,7.5,219.5,121,120,27,32,26,36,35,29,31,25,0,DraftKings
nba,2024,2,2023-11-18,401584832,Miami Heat,Chicago Bulls,0,2.0,212.0,97,102,26,24,26,21,14,26,28,34,0,DraftKings
nba,2024,2,2023-11-18,401584833,Dallas Mavericks,Milwaukee Bucks,0,-2.0,247.0,125,132,34,24,40,27,33,27,29,43,0,DraftKings
nba,2024,2,2023-11-18,401584835,Oklahoma City Thunder,Golden State Warriors,0,-2.5,236.5,130,123,33,18,34,32,31,30,26,30,1,DraftKings
nba,2024,2,2023-11-18,401584834,Memphis Grizzlies,San Antonio Spurs,0,3.0,226.5,120,108,26,25,36,33,35,33,26,14,0,DraftKings
nba,2024,2,2023-11-19,401584836,Philadelphia 76ers,Brooklyn Nets,0,3.5,224.0,121,99,23,38,33,27,22,27,22,28,0,DraftKings
nba,2024,2,2023-11-19,401584837,Orlando Magic,Indiana Pacers,0,-4.5,236.0,128,116,42,36,29,21,21,23,34,38,0,DraftKings
nba,2024,2,2023-11-19,401584839,Detroit Pistons,Toronto Raptors,0,-9.5,219.0,113,142,20,25,27,41,32,37,35,38,0,DraftKings
nba,2024,2,2023-11-19,401584838,Denver Nuggets,Cleveland Cavaliers,0,4.5,215.0,109,121,27,31,17,34,29,37,26,29,0,DraftKings
nba,2024,2,2023-11-19,401584840,Sacramento Kings,Dallas Mavericks,0,-1.5,247.0,129,113,35,35,37,22,36,29,31,17,0,DraftKings
nba,2024,2,2023-11-20,401584846,Denver Nuggets,Detroit Pistons,0,9.5,225.5,107,103,27,29,25,26,23,32,24,24,0,DraftKings
nba,2024,2,2023-11-19,401584841,Boston Celtics,Memphis Grizzlies,0,12.5,222.0,102,100,26,30,23,23,27,26,23,24,0,DraftKings
nba,2024,2,2023-11-20,401584845,Boston Celtics,Charlotte Hornets,0,8.5,234.0,118,121,31,34,22,21,25,29,27,27,1,DraftKings
nba,2024,2,2023-11-19,401584842,Phoenix Suns,Utah Jazz,0,4.5,238.5,140,137,30,31,24,30,30,26,28,31,2,DraftKings
nba,2024,2,2023-11-20,401584847,Milwaukee Bucks,Washington Wizards,0,9.5,246.0,142,129,31,39,34,38,27,38,37,27,0,DraftKings
nba,2024,2,2023-11-19,401584844,Houston Rockets,Los Angeles Lakers,0,-6.0,221.5,104,105,28,27,20,29,20,29,32,24,0,DraftKings
nba,2024,2,2023-11-19,401584843,Oklahoma City Thunder,Portland Trail Blazers,0,7.0,223.0,134,91,33,43,25,33,21,22,23,25,0,DraftKings
nba,2024,2,2023-11-20,401584848,Miami Heat,Chicago Bulls,0,1.5,210.0,118,100,33,32,28,25,27,26,28,19,0,DraftKings
nba,2024,2,2023-11-20,401584849,New York Knicks,Minnesota Timberwolves,0,-2.5,214.5,100,117,28,28,19,25,31,27,35,24,0,DraftKings
nba,2024,2,2023-11-21,401584127,Indiana Pacers,Atlanta Hawks,0,-3.5,252.5,157,152,34,39,46,38,40,46,28,38,0,DraftKings
nba,2024,2,2023-11-21,401584126,Toronto Raptors,Orlando Magic,0,-1.5,215.5,107,126,23,33,26,25,30,37,33,26,0,DraftKings
nba,2024,2,2023-11-20,401584851,LA Clippers,San Antonio Spurs,0,8.5,231.0,124,99,33,33,25,33,27,28,22,22,0,DraftKings
nba,2024,2,2023-11-20,401584850,Sacramento Kings,New Orleans Pelicans,0,1.5,237.0,93,129,31,22,16,24,29,37,34,29,0,DraftKings
nba,2024,2,2023-11-20,401584852,Houston Rockets,Golden State Warriors,0,-7.0,220.5,116,121,27,26,28,35,29,34,29,29,0,DraftKings
nba,2024,2,2023-11-21,401584128,Cleveland Cavaliers,Philadelphia 76ers,0,-8.0,218.0,122,119,27,38,23,22,24,29,26,31,1,DraftKings
nba,2024,2,2023-11-21,401584129,Portland Trail Blazers,Phoenix Suns,0,-12.5,223.5,107,120,21,30,31,25,34,22,38,26,0,DraftKings
nba,2024,2,2023-11-22,401584856,Milwaukee Bucks,Boston Celtics,0,-6.0,236.5,116,119,17,36,26,37,29,38,27,25,0,DraftKings
nba,2024,2,2023-11-21,401584130,Utah Jazz,Los Angeles Lakers,0,-7.5,239.5,99,131,17,24,34,24,32,30,40,29,0,DraftKings
nba,2024,2,2023-11-22,401584858,Toronto Raptors,Indiana Pacers,0,-2.5,242.5,132,131,27,41,32,32,35,30,36,30,0,DraftKings
nba,2024,2,2023-11-22,401584853,Washington Wizards,Charlotte Hornets,0,-4.0,241.5,114,117,24,32,35,23,21,28,29,39,0,DraftKings
nba,2024,2,2023-11-22,401584857,Miami Heat,Cleveland Cavaliers,0,-1.5,213.5,129,96,37,32,32,28,26,29,24,17,0,DraftKings
nba,2024,2,2023-11-22,401584854,Denver Nuggets,Orlando Magic,0,3.0,218.5,119,124,28,34,26,31,28,28,26,42,0,DraftKings
nba,2024,2,2023-11-22,401584855,Brooklyn Nets,Atlanta Hawks,0,-3.5,236.0,145,147,33,34,28,36,45,32,23,31,1,DraftKings
nba,2024,2,2023-11-22,401584859,Memphis Grizzlies,Houston Rockets,0,-5.5,213.0,91,111,28,18,22,23,21,24,29,37,0,DraftKings
nba,2024,2,2023-11-22,401584860,Philadelphia 76ers,Minnesota Timberwolves,0,-7.0,221.0,99,112,20,29,30,20,37,20,34,21,0,DraftKings
nba,2024,2,2023-11-22,401584862,Chicago Bulls,Oklahoma City Thunder,0,-7.5,222.5,102,116,14,25,38,25,26,24,34,32,0,DraftKings
nba,2024,2,2023-11-22,401584861,Sacramento Kings,New Orleans Pelicans,0,1.5,235.0,112,117,30,20,29,33,32,32,29,24,0,DraftKings
nba,2024,2,2023-11-22,401584864,Golden State Warriors,Phoenix Suns,0,-2.5,234.0,115,123,31,16,28,40,26,37,28,32,0,DraftKings
nba,2024,2,2023-11-22,401584863,LA Clippers,San Antonio Spurs,0,8.5,231.0,109,102,26,28,28,27,14,34,22,32,0,DraftKings
nba,2024,2,2023-11-22,401584865,Utah Jazz,Portland Trail Blazers,0,3.5,228.5,105,121,21,25,27,32,32,33,24,32,0,DraftKings
nba,2024,2,2023-11-22,401584866,Dallas Mavericks,Los Angeles Lakers,0,1.0,245.0,104,101,29,33,29,13,25,21,25,30,0,DraftKings
nba,2024,2,2023-11-24,401584131,Boston Celtics,Orlando Magic,0,5.5,221.0,96,113,30,26,18,22,19,29,29,36,0,DraftKings
nba,2024,2,2023-11-24,401584134,Chicago Bulls,Toronto Raptors,0,-5.0,218.0,108,121,22,26,29,31,36,26,31,28,0,DraftKings
nba,2024,2,2023-11-24,401584135,Detroit Pistons,Indiana Pacers,0,-9.5,246.5,113,136,26,37,33,17,33,28,36,39,0,DraftKings
nba,2024,2,2023-11-24,401584136,Denver Nuggets,Houston Rockets,0,3.0,216.5,86,105,19,24,26,17,29,31,24,21,0,DraftKings
nba,2024,2,2023-11-24,401584137,Washington Wizards,Milwaukee Bucks,0,-13.5,248.5,128,131,35,26,28,39,34,26,32,39,0,DraftKings
nba,2024,2,2023-11-24,401584132,Phoenix Suns,Memphis Grizzlies,0,3.5,220.5,110,89,29,33,19,29,27,22,24,16,0,DraftKings
nba,2024,2,2023-11-24,401584133,Miami Heat,New York Knicks,0,-5.5,209.5,98,100,28,22,37,11,25,26,20,29,0,DraftKings
nba,2024,2,2023-11-24,401584139,San Antonio Spurs,Golden State Warriors,0,-10.0,237.0,112,118,35,20,26,31,32,27,27,32,0,DraftKings
nba,2024,2,2023-11-24,401584138,Sacramento Kings,Minnesota Timberwolves,0,-4.0,230.0,124,111,38,32,22,32,31,33,15,32,0,DraftKings
nba,2024,2,2023-11-24,401584140,New Orleans Pelicans,LA Clippers,0,-5.5,228.5,116,106,36,20,29,31,23,32,28,23,0,DraftKings
nba,2024,2,2023-11-25,401584867,Philadelphia 76ers,Oklahoma City Thunder,0,1.0,231.0,127,123,29,36,28,34,31,30,21,41,0,DraftKings
nba,2024,2,2023-11-25,401584868,Miami Heat,Brooklyn Nets,0,-7.5,217.0,97,112,22,31,23,21,26,37,27,22,0,DraftKings
nba,2024,2,2023-11-25,401584869,Atlanta Hawks,Washington Wizards,0,8.5,250.5,136,108,34,36,37,29,30,28,20,30,0,DraftKings
nba,2024,2,2023-11-25,401584870,Los Angeles Lakers,Cleveland Cavaliers,0,-4.0,227.5,121,115,35,35,23,28,40,31,23,21,0,DraftKings
nba,2024,2,2023-11-25,401584871,New Orleans Pelicans,Utah Jazz,0,3.0,227.0,100,105,29,24,24,23,22,21,25,37,0,DraftKings
nba,2024,2,2023-11-25,401584872,Dallas Mavericks,LA Clippers,0,-2.0,238.0,88,107,18,27,17,26,29,27,23,28,0,DraftKings
nba,2024,2,2023-11-26,401584873,Portland Trail Blazers,Milwaukee Bucks,0,-13.0,230.5,102,108,31,37,20,14,26,26,23,33,0,DraftKings
nba,2024,2,2023-11-26,401584875,Phoenix Suns,New York Knicks,0,-6.5,219.0,116,113,34,30,31,21,22,34,36,21,0,DraftKings
nba,2024,2,2023-11-26,401584874,Atlanta Hawks,Boston Celtics,0,-7.0,236.5,103,113,26,27,29,21,33,36,21,23,0,DraftKings
nba,2024,2,2023-11-26,401584876,Charlotte Hornets,Orlando Magic,0,-6.5,227.5,117,130,33,24,29,31,25,36,31,38,0,DraftKings
nba,2024,2,2023-11-26,401584877,Minnesota Timberwolves,Memphis Grizzlies,0,6.5,217.5,119,97,31,29,30,29,26,17,23,31,0,DraftKings
nba,2024,2,2023-11-26,401584879,Toronto Raptors,Cleveland Cavaliers,0,-3.0,222.0,102,105,28,24,20,30,25,17,32,31,0,DraftKings
nba,2024,2,2023-11-27,401584881,Washington Wizards,Detroit Pistons,0,-2.0,237.5,126,107,31,26,37,32,27,27,29,24,0,DraftKings
nba,2024,2,2023-11-26,401584880,San Antonio Spurs,Denver Nuggets,0,-10.5,230.0,120,132,35,25,24,36,39,33,35,25,0,DraftKings
nba,2024,2,2023-11-27,401584883,Los Angeles Lakers,Philadelphia 76ers,0,-5.5,231.5,94,138,19,34,27,14,32,36,30,40,0,DraftKings
nba,2024,2,2023-11-26,401584878,Chicago Bulls,Brooklyn Nets,0,-3.0,220.5,109,118,36,19,28,26,19,44,33,22,0,DraftKings
nba,2024,2,2023-11-27,401584882,Portland Trail Blazers,Indiana Pacers,0,-12.0,240.5,114,110,30,35,18,31,34,26,23,27,0,DraftKings
nba,2024,2,2023-11-27,401584884,New Orleans Pelicans,Utah Jazz,0,6.0,232.0,112,114,24,31,33,24,32,25,31,26,0,DraftKings
nba,2024,2,2023-11-28,401584142,Toronto Raptors,Brooklyn Nets,0,-1.5,223.5,103,115,21,23,31,28,22,30,24,39,0,DraftKings
nba,2024,2,2023-11-28,401584141,Chicago Bulls,Boston Celtics,0,-13.0,219.5,97,124,20,30,18,29,31,38,28,27,0,DraftKings
nba,2024,2,2023-11-28,401584143,Atlanta Hawks,Cleveland Cavaliers,0,-4.5,239.0,105,128,33,28,29,15,29,35,38,26,0,DraftKings
nba,2024,2,2023-11-27,401584885,Denver Nuggets,LA Clippers,0,-11.5,217.5,113,104,25,33,19,36,28,28,32,16,0,DraftKings
nba,2024,2,2023-11-28,401584144,Milwaukee Bucks,Miami Heat,0,4.5,230.5,131,124,31,28,34,38,22,40,35,27,0,DraftKings
nba,2024,2,2023-11-28,401584146,Oklahoma City Thunder,Minnesota Timberwolves,0,-3.0,228.5,103,106,29,32,17,25,19,34,23,30,0,DraftKings
nba,2024,2,2023-11-28,401584147,Houston Rockets,Dallas Mavericks,0,-4.0,227.5,115,121,22,28,38,27,29,25,30,37,0,DraftKings
nba,2024,2,2023-11-28,401584145,Charlotte Hornets,New York Knicks,0,-11.5,221.0,91,115,16,28,22,25,29,24,27,35,0,DraftKings
nba,2024,2,2023-11-28,401584148,Golden State Warriors,Sacramento Kings,0,-1.5,238.0,123,124,37,35,32,19,29,26,40,29,0,DraftKings
nba,2024,2,2023-11-29,401584887,Washington Wizards,Orlando Magic,0,-9.5,234.0,120,139,26,30,33,31,31,35,36,37,0,DraftKings
nba,2024,2,2023-11-29,401584886,Los Angeles Lakers,Detroit Pistons,0,7.0,229.0,133,107,38,27,36,32,24,24,28,31,0,DraftKings
nba,2024,2,2023-11-29,401584892,LA Clippers,Sacramento Kings,0,2.0,231.5,131,117,35,37,30,29,27,23,31,36,0,DraftKings
nba,2024,2,2023-11-29,401584889,Utah Jazz,Memphis Grizzlies,0,-4.5,223.5,91,105,25,17,25,24,24,36,28,17,0,DraftKings
nba,2024,2,2023-11-29,401584890,Philadelphia 76ers,New Orleans Pelicans,0,2.0,230.5,114,124,24,24,33,33,39,29,34,22,0,DraftKings
nba,2024,2,2023-11-29,401584891,Houston Rockets,Denver Nuggets,0,-7.5,216.5,124,134,26,33,38,27,41,35,32,26,0,DraftKings
nba,2024,2,2023-11-29,401584888,Phoenix Suns,Toronto Raptors,0,3.0,226.5,105,112,20,33,27,25,27,33,26,26,0,DraftKings
nba,2024,2,2023-11-30,401584893,Portland Trail Blazers,Cleveland Cavaliers,0,-12.0,218.5,103,95,22,18,34,29,25,21,29,20,0,DraftKings
nba,2024,2,2023-11-30,401584894,Charlotte Hornets,Brooklyn Nets,0,-9.0,222.5,129,128,31,42,29,27,37,34,35,22,0,DraftKings
nba,2024,2,2023-11-30,401584896,Detroit Pistons,New York Knicks,0,-14.5,218.5,112,118,17,37,33,25,31,23,31,33,0,DraftKings
nba,2024,2,2023-11-30,401584895,Indiana Pacers,Miami Heat,0,-3.5,238.5,132,142,38,35,27,32,33,31,33,45,0,DraftKings
nba,2024,2,2023-11-30,401584900,Atlanta Hawks,San Antonio Spurs,0,6.0,246.0,137,135,26,36,39,36,35,31,39,30,0,DraftKings
nba,2024,2,2023-11-30,401584899,Los Angeles Lakers,Oklahoma City Thunder,0,-5.0,234.5,110,133,37,23,28,22,30,42,36,25,0,DraftKings
nba,2024,2,2023-12-01,401584903,Philadelphia 76ers,Boston Celtics,0,-12.0,218.0,119,125,36,36,25,22,44,25,26,30,0,DraftKings
nba,2024,2,2023-11-30,401584898,Utah Jazz,Minnesota Timberwolves,0,-11.5,219.5,90,101,23,24,19,24,20,29,35,17,0,DraftKings
nba,2024,2,2023-12-01,401584904,New York Knicks,Toronto Raptors,0,-1.5,218.0,119,106,34,23,33,29,26,31,20,29,0,DraftKings
nba,2024,2,2023-12-01,401584907,Denver Nuggets,Phoenix Suns,0,1.0,224.0,119,111,41,29,24,25,30,33,28,20,0,DraftKings
nba,2024,2,2023-12-02,401584908,Golden State Warriors,LA Clippers,0,-5.0,229.5,112,113,33,34,25,20,22,26,37,28,0,DraftKings
nba,2024,2,2023-12-01,401584906,San Antonio Spurs,New Orleans Pelicans,0,-13.0,238.0,106,121,31,30,20,25,32,31,26,32,0,DraftKings
nba,2024,2,2023-12-02,401584909,Minnesota Timberwolves,Charlotte Hornets,0,5.5,219.0,123,117,30,32,26,35,23,36,28,30,0,DraftKings
nba,2024,2,2023-12-02,401584911,Cleveland Cavaliers,Detroit Pistons,0,9.0,225.5,110,101,25,29,31,25,30,18,34,19,0,DraftKings
nba,2024,2,2023-12-02,401584912,Indiana Pacers,Miami Heat,0,-4.5,237.5,144,129,25,40,41,38,31,34,33,31,0,DraftKings
nba,2024,2,2023-12-02,401584916,Memphis Grizzlies,Phoenix Suns,0,-10.5,220.5,109,116,27,24,21,37,27,23,34,32,0,DraftKings
nba,2024,2,2023-12-02,401584914,Atlanta Hawks,Milwaukee Bucks,0,-6.0,251.0,121,132,37,26,35,23,42,25,32,33,0,DraftKings
nba,2024,2,2023-12-02,401584913,New Orleans Pelicans,Chicago Bulls,0,1.0,219.5,118,124,29,32,21,36,32,21,36,35,0,DraftKings
nba,2024,2,2023-12-02,401584915,Oklahoma City Thunder,Dallas Mavericks,0,5.0,234.5,126,120,33,39,35,19,27,29,28,36,0,DraftKings
nba,2024,2,2023-12-02,401584917,Portland Trail Blazers,Utah Jazz,0,-1.5,218.0,113,118,24,20,30,32,21,35,28,22,1,DraftKings
nba,2024,2,2023-12-04,401607491,Boston Celtics,Indiana Pacers,0,4.5,246.0,112,122,24,31,23,34,22,26,37,37,0,DraftKings
nba,2024,2,2023-12-02,401584919,Houston Rockets,Los Angeles Lakers,0,-5.0,226.0,97,107,30,14,28,25,25,35,26,21,0,DraftKings
nba,2024,2,2023-11-30,401584897,Milwaukee Bucks,Chicago Bulls,0,10.5,226.5,113,120,24,31,25,26,26,23,31,26,1,DraftKings
nba,2024,2,2023-12-01,401584905,Memphis Grizzlies,Dallas Mavericks,0,-5.5,224.0,108,94,28,31,20,29,20,24,28,22,0,DraftKings
nba,2024,2,2023-12-02,401584918,Denver Nuggets,Sacramento Kings,0,-3.5,234.5,117,123,30,20,28,39,25,39,24,35,0,DraftKings
nba,2024,2,2023-12-01,401584902,Washington Wizards,Orlando Magic,0,-10.0,236.0,125,130,36,25,28,36,31,27,34,38,0,DraftKings
nba,2024,2,2023-11-30,401584901,LA Clippers,Golden State Warriors,0,-1.5,231.0,114,120,24,26,27,37,31,30,25,34,0,DraftKings
nba,2024,2,2023-12-04,401607492,New Orleans Pelicans,Sacramento Kings,0,-3.0,237.5,127,117,35,34,31,27,36,25,30,26,0,DraftKings
nba,2024,2,2023-12-05,401607489,New York Knicks,Milwaukee Bucks,0,-5.0,229.5,122,146,35,37,24,26,37,38,37,34,0,DraftKings
nba,2024,2,2023-12-05,401607490,Phoenix Suns,Los Angeles Lakers,0,-2.0,231.0,103,106,23,24,35,21,33,26,24,23,0,DraftKings
nba,2024,2,2023-12-06,401616463,Brooklyn Nets,Atlanta Hawks,0,-3.5,242.5,114,113,31,22,28,33,33,23,26,31,0,DraftKings
nba,2024,2,2023-12-06,401616459,Orlando Magic,Cleveland Cavaliers,0,-4.5,225.0,111,121,20,32,34,25,37,28,34,22,0,DraftKings
nba,2024,2,2023-12-06,401616462,Philadelphia 76ers,Washington Wizards,0,10.5,242.0,131,126,25,35,39,32,29,33,33,31,0,DraftKings
nba,2024,2,2023-12-06,401616461,Miami Heat,Toronto Raptors,0,-4.0,220.0,112,103,37,27,23,25,32,34,18,19,0,DraftKings
nba,2024,2,2023-12-06,401616460,Memphis Grizzlies,Detroit Pistons,0,1.5,221.0,116,102,31,21,30,34,29,27,28,18,0,DraftKings
nba,2024,2,2023-12-06,401616465,Charlotte Hornets,Chicago Bulls,0,-5.0,221.0,100,111,24,20,20,36,27,21,35,28,0,DraftKings
nba,2024,2,2023-12-06,401616464,San Antonio Spurs,Minnesota Timberwolves,0,-11.5,231.0,94,102,22,31,18,23,25,21,25,31,0,DraftKings
nba,2024,2,2023-12-06,401616466,Oklahoma City Thunder,Houston Rockets,0,1.5,225.0,101,110,22,28,24,27,32,23,25,30,0,DraftKings
nba,2024,2,2023-12-06,401616468,Portland Trail Blazers,Golden State Warriors,0,-12.5,225.5,106,110,26,29,31,20,22,26,34,28,0,DraftKings
nba,2024,2,2023-12-06,401616469,Denver Nuggets,LA Clippers,0,-1.0,229.0,102,111,36,21,25,20,21,40,18,32,0,DraftKings
nba,2024,2,2023-12-06,401616467,Utah Jazz,Dallas Mavericks,0,-11.5,235.0,97,147,29,22,23,23,40,34,35,38,0,DraftKings
nba,2024,2,2023-12-07,401607493,New Orleans Pelicans,Los Angeles Lakers,0,-2.0,230.0,89,133,30,24,17,18,29,38,43,23,0,DraftKings
nba,2024,2,2023-12-07,401607494,Indiana Pacers,Milwaukee Bucks,0,-5.0,257.0,128,119,27,36,28,37,29,22,43,25,0,DraftKings
nba,2024,2,2023-12-08,401616470,Toronto Raptors,Charlotte Hornets,0,5.5,223.0,116,119,22,32,23,39,35,31,24,29,0,DraftKings
nba,2024,2,2023-12-08,401616474,Cleveland Cavaliers,Miami Heat,0,1.5,223.5,111,99,17,36,35,23,25,27,23,24,0,DraftKings
nba,2024,2,2023-12-08,401617579,New York Knicks,Boston Celtics,0,-7.5,221.5,123,133,32,33,30,28,33,41,35,24,0,DraftKings
nba,2024,2,2023-12-08,401616471,Detroit Pistons,Orlando Magic,0,-10.5,229.5,91,123,23,21,24,23,28,30,35,30,0,DraftKings
nba,2024,2,2023-12-08,401616472,Atlanta Hawks,Philadelphia 76ers,0,-8.5,235.5,114,125,23,45,24,22,35,27,31,32,0,DraftKings
nba,2024,2,2023-12-08,401616476,Golden State Warriors,Oklahoma City Thunder,0,-3.0,235.0,136,138,28,34,22,34,19,37,33,29,1,DraftKings
nba,2024,2,2023-12-08,401616473,Washington Wizards,Brooklyn Nets,0,-9.0,239.5,97,124,18,29,24,26,26,24,40,34,0,DraftKings
nba,2024,2,2023-12-08,401616475,Minnesota Timberwolves,Memphis Grizzlies,0,5.5,213.5,127,103,33,27,38,29,31,24,24,24,0,DraftKings
nba,2024,2,2023-12-08,401616477,Chicago Bulls,San Antonio Spurs,0,2.0,224.0,121,112,24,28,35,34,33,30,20,29,0,DraftKings
nba,2024,2,2023-12-08,401616478,Houston Rockets,Denver Nuggets,0,-8.5,221.0,114,106,27,25,40,22,22,26,26,32,0,DraftKings
nba,2024,2,2023-12-08,401617581,Sacramento Kings,Phoenix Suns,0,3.0,235.5,114,106,24,26,33,31,26,33,12,35,0,DraftKings
nba,2024,2,2023-12-09,401607495,Indiana Pacers,Los Angeles Lakers,1,-3.5,242.5,109,123,29,31,22,27,34,31,25,33,0,ESPN BET
nba,2024,2,2023-12-08,401616479,LA Clippers,Utah Jazz,0,7.5,225.0,117,103,32,27,29,29,26,20,29,28,0,DraftKings
nba,2024,2,2023-12-08,401616480,Dallas Mavericks,Portland Trail Blazers,0,9.5,233.0,125,112,37,34,26,28,22,38,30,22,0,DraftKings
nba,2024,2,2023-12-11,401584921,Indiana Pacers,Detroit Pistons,0,7.0,247.5,131,123,33,33,32,33,36,25,32,30,0,DraftKings
nba,2024,2,2023-12-11,401584920,Miami Heat,Charlotte Hornets,0,4.5,222.5,116,114,29,30,30,27,24,26,27,37,0,DraftKings
nba,2024,2,2023-12-11,401584923,Washington Wizards,Philadelphia 76ers,0,-13.5,244.0,101,146,27,19,21,34,43,32,37,34,0,DraftKings
nba,2024,2,2023-12-11,401584922,Cleveland Cavaliers,Orlando Magic,0,-2.5,225.5,94,104,29,25,15,25,22,29,30,23,0,DraftKings
nba,2024,2,2023-12-11,401584924,Denver Nuggets,Atlanta Hawks,0,3.5,242.0,129,122,28,37,38,26,36,26,24,36,0,DraftKings
nba,2024,2,2023-12-11,401584925,Toronto Raptors,New York Knicks,0,-3.5,221.5,130,136,35,25,37,33,35,31,32,38,0,DraftKings
nba,2024,2,2023-12-11,401584926,San Antonio Spurs,Houston Rockets,0,-9.5,223.0,82,93,21,26,15,20,19,32,18,24,0,DraftKings
nba,2024,2,2023-12-11,401584927,Dallas Mavericks,Memphis Grizzlies,0,1.0,227.5,120,113,29,38,29,24,24,27,28,34,0,DraftKings
nba,2024,2,2023-12-11,401584928,Chicago Bulls,Milwaukee Bucks,0,-11.5,233.0,129,133,32,33,24,29,37,37,17,27,1,DraftKings
nba,2024,2,2023-12-11,401584930,Utah Jazz,Oklahoma City Thunder,0,-13.0,236.0,120,134,20,32,23,45,34,32,45,23,0,DraftKings
nba,2024,2,2023-12-11,401584931,Brooklyn Nets,Sacramento Kings,0,-5.0,237.0,118,131,18,30,37,33,26,28,44,33,0,DraftKings
nba,2024,2,2023-12-11,401584932,Portland Trail Blazers,LA Clippers,0,-14.5,220.5,127,132,32,33,34,28,43,23,39,27,0,DraftKings
nba,2024,2,2023-12-11,401584929,Minnesota Timberwolves,New Orleans Pelicans,0,-4.0,222.5,107,121,29,23,34,21,29,30,31,31,0,DraftKings
nba,2024,2,2023-12-12,401584933,Cleveland Cavaliers,Boston Celtics,0,-11.0,226.0,113,120,31,29,32,21,21,38,35,26,0,DraftKings
nba,2024,2,2023-12-12,401584934,Los Angeles Lakers,Dallas Mavericks,0,3.5,235.5,125,127,26,35,34,30,34,37,22,34,0,DraftKings
nba,2024,2,2023-12-02,401584910,Orlando Magic,Brooklyn Nets,0,-2.0,225.5,101,129,22,29,34,16,43,30,25,31,0,DraftKings
nba,2024,2,2023-12-12,401584935,Denver Nuggets,Chicago Bulls,0,6.5,219.5,114,106,32,25,35,22,25,25,30,26,0,DraftKings
nba,2024,2,2023-12-12,401584936,Golden State Warriors,Phoenix Suns,0,1.0,229.0,116,119,25,31,31,29,25,28,35,31,0,DraftKings
nba,2024,2,2023-12-13,401584938,Philadelphia 76ers,Detroit Pistons,0,12.0,233.5,129,111,39,31,34,25,26,30,24,31,0,DraftKings
nba,2024,2,2023-12-12,401584937,Sacramento Kings,LA Clippers,0,-3.5,237.5,99,119,24,24,22,29,32,38,29,20,0,DraftKings
nba,2024,2,2023-12-13,401584939,New Orleans Pelicans,Washington Wizards,0,6.5,240.0,142,122,28,47,35,32,30,34,29,29,0,DraftKings
nba,2024,2,2023-12-13,401584940,Charlotte Hornets,Miami Heat,0,-7.5,222.0,104,115,23,22,25,34,22,34,35,24,0,DraftKings
nba,2024,2,2023-12-13,401584942,Memphis Grizzlies,Houston Rockets,0,-10.0,209.0,104,117,23,20,38,23,29,28,25,35,0,DraftKings
nba,2024,2,2023-12-13,401584941,Atlanta Hawks,Toronto Raptors,0,-2.5,240.5,128,135,39,27,29,33,31,33,39,32,0,DraftKings
nba,2024,2,2023-12-13,401584944,Los Angeles Lakers,San Antonio Spurs,0,3.5,231.0,122,119,34,29,29,30,26,24,24,45,0,DraftKings
nba,2024,2,2023-12-13,401584943,Indiana Pacers,Milwaukee Bucks,0,-6.5,257.0,126,140,33,30,31,32,36,34,31,39,0,DraftKings
nba,2024,2,2023-12-13,401584945,Brooklyn Nets,Phoenix Suns,0,-4.5,231.0,116,112,31,33,22,30,22,34,32,24,0,DraftKings
nba,2024,2,2023-12-14,401584947,Cleveland Cavaliers,Boston Celtics,0,-8.5,227.5,107,116,24,30,33,20,33,32,25,26,0,DraftKings
nba,2024,2,2023-12-13,401584946,New York Knicks,Utah Jazz,0,6.0,229.5,113,117,31,19,34,29,22,30,37,28,0,DraftKings
nba,2024,2,2023-12-14,401584948,Chicago Bulls,Miami Heat,0,-3.5,213.0,124,116,36,24,33,31,22,34,32,28,0,DraftKings
nba,2024,2,2023-12-14,401584949,Minnesota Timberwolves,Dallas Mavericks,0,1.5,231.0,119,101,26,33,28,32,30,30,22,19,0,DraftKings
nba,2024,2,2023-12-14,401584952,Oklahoma City Thunder,Sacramento Kings,0,-2.0,245.5,123,128,30,23,39,31,29,30,41,28,0,DraftKings
nba,2024,2,2023-12-14,401584950,Brooklyn Nets,Denver Nuggets,0,-9.0,231.0,101,124,22,17,28,34,29,23,38,34,0,DraftKings
nba,2024,2,2023-12-15,401584954,New Orleans Pelicans,Charlotte Hornets,0,9.5,233.0,112,107,21,29,26,36,20,19,37,31,0,DraftKings
nba,2024,2,2023-12-14,401584953,Golden State Warriors,LA Clippers,0,-2.0,231.0,113,121,28,28,37,20,29,40,30,22,0,DraftKings
nba,2024,2,2023-12-14,401584951,Utah Jazz,Portland Trail Blazers,0,-5.0,226.0,122,114,38,31,34,19,30,24,22,38,0,DraftKings
nba,2024,2,2023-12-15,401584955,Detroit Pistons,Philadelphia 76ers,0,-15.5,234.5,92,124,22,17,23,30,26,35,33,30,0,DraftKings
nba,2024,2,2023-12-15,401584956,Indiana Pacers,Washington Wizards,0,8.0,260.0,123,137,37,18,32,36,30,39,39,29,0,DraftKings
nba,2024,2,2023-12-15,401584957,Orlando Magic,Boston Celtics,0,-6.0,226.5,111,128,24,27,27,33,30,34,37,27,0,DraftKings
nba,2024,2,2023-12-15,401584958,Atlanta Hawks,Toronto Raptors,0,-1.5,240.5,125,104,30,29,28,38,24,25,29,26,0,DraftKings
nba,2024,2,2023-12-15,401584959,Los Angeles Lakers,San Antonio Spurs,0,4.0,235.5,115,129,22,40,25,28,42,27,29,31,0,DraftKings
nba,2024,2,2023-12-15,401584960,Houston Rockets,Memphis Grizzlies,0,3.0,212.5,103,96,14,31,30,28,29,26,19,22,0,DraftKings
nba,2024,2,2023-12-15,401584961,New York Knicks,Phoenix Suns,0,-5.5,230.5,139,122,31,32,34,42,30,38,31,23,0,DraftKings
nba,2024,2,2023-12-16,401584964,Atlanta Hawks,Cleveland Cavaliers,0,-4.5,236.5,119,127,28,24,29,38,41,29,22,35,0,DraftKings
nba,2024,2,2023-12-16,401584963,Philadelphia 76ers,Charlotte Hornets,0,12.0,230.0,135,82,33,40,27,35,17,27,15,23,0,DraftKings
nba,2024,2,2023-12-16,401584962,Detroit Pistons,Milwaukee Bucks,0,-16.5,240.5,114,146,20,36,27,31,43,38,33,32,0,DraftKings
nba,2024,2,2023-12-16,401584967,Brooklyn Nets,Golden State Warriors,0,-3.5,235.0,120,124,25,29,35,31,32,38,25,29,0,DraftKings
nba,2024,2,2023-12-16,401584966,Indiana Pacers,Minnesota Timberwolves,0,-10.5,238.0,109,127,20,35,23,31,23,34,38,32,0,DraftKings
nba,2024,2,2023-12-16,401584965,Chicago Bulls,Miami Heat,0,-4.5,219.5,116,118,24,33,23,36,36,22,33,27,0,DraftKings
nba,2024,2,2023-12-16,401584968,Oklahoma City Thunder,Denver Nuggets,0,-5.0,238.0,118,117,27,27,31,33,31,25,31,30,0,DraftKings
nba,2024,2,2023-12-16,401584969,Dallas Mavericks,Portland Trail Blazers,0,4.5,232.5,131,120,36,38,36,21,39,24,36,21,0,DraftKings
nba,2024,2,2023-12-16,401584971,New York Knicks,LA Clippers,0,-6.5,229.5,122,144,33,33,32,24,35,42,37,30,0,DraftKings
nba,2024,2,2023-12-16,401584970,Utah Jazz,Sacramento Kings,0,-8.0,235.0,104,125,23,27,26,28,35,27,44,19,0,DraftKings
nba,2024,2,2023-12-17,401584972,Orlando Magic,Boston Celtics,0,-8.5,227.0,97,114,31,19,24,23,27,34,22,31,0,DraftKings
nba,2024,2,2023-12-17,401584974,Houston Rockets,Milwaukee Bucks,0,-7.0,231.5,119,128,28,32,31,28,33,38,29,28,0,DraftKings
nba,2024,2,2023-12-17,401584975,Washington Wizards,Phoenix Suns,0,-13.0,246.5,108,112,29,29,31,19,21,25,35,31,0,DraftKings
nba,2024,2,2023-12-17,401584973,New Orleans Pelicans,San Antonio Spurs,0,7.5,238.5,146,110,33,28,44,41,20,31,27,32,0,DraftKings
nba,2024,2,2023-12-18,401584977,Houston Rockets,Cleveland Cavaliers,0,-4.0,215.0,130,135,34,25,39,24,33,24,42,23,1,DraftKings
nba,2024,2,2023-12-17,401584976,Golden State Warriors,Portland Trail Blazers,0,6.0,232.5,118,114,27,38,24,29,23,26,35,30,0,DraftKings
nba,2024,2,2023-12-18,401584980,Detroit Pistons,Atlanta Hawks,0,-11.5,246.5,124,130,25,27,32,40,38,23,35,34,0,DraftKings
nba,2024,2,2023-12-18,401584979,Chicago Bulls,Philadelphia 76ers,0,-10.0,227.5,108,104,25,30,26,27,24,20,25,35,0,DraftKings
nba,2024,2,2023-12-18,401584978,LA Clippers,Indiana Pacers,0,4.0,253.5,151,127,37,40,37,37,38,28,28,33,0,DraftKings
nba,2024,2,2023-12-18,401584981,Minnesota Timberwolves,Miami Heat,0,1.5,217.0,112,108,22,32,23,35,33,33,17,25,0,DraftKings
nba,2024,2,2023-12-18,401584983,Memphis Grizzlies,Oklahoma City Thunder,0,-10.5,229.5,97,116,26,27,13,31,34,34,26,22,0,DraftKings
nba,2024,2,2023-12-18,401584982,Charlotte Hornets,Toronto Raptors,0,-12.5,224.0,99,114,27,25,29,18,19,29,31,35,0,DraftKings
nba,2024,2,2023-12-18,401584984,Dallas Mavericks,Denver Nuggets,0,-8.0,239.5,104,130,20,39,21,24,28,40,30,32,0,DraftKings
nba,2024,2,2023-12-18,401584986,Washington Wizards,Sacramento Kings,0,-14.0,251.5,131,143,31,25,35,40,27,39,46,31,0,DraftKings
nba,2024,2,2023-12-18,401584985,Brooklyn Nets,Utah Jazz,0,3.0,233.0,108,125,28,31,23,26,28,26,34,37,0,DraftKings
nba,2024,2,2023-12-19,401584989,San Antonio Spurs,Milwaukee Bucks,0,-16.5,248.5,119,132,26,33,26,34,44,28,35,25,0,DraftKings
nba,2024,2,2023-12-19,401584988,Memphis Grizzlies,New Orleans Pelicans,0,-9.0,229.5,115,113,25,16,36,38,21,39,27,26,0,DraftKings
nba,2024,2,2023-12-18,401584987,New York Knicks,Los Angeles Lakers,0,-4.5,236.0,114,109,35,22,33,24,27,31,22,29,0,DraftKings
nba,2024,2,2023-12-19,401584991,Phoenix Suns,Portland Trail Blazers,0,7.0,230.5,104,109,36,25,20,23,20,29,38,22,0,DraftKings
nba,2024,2,2023-12-19,401584990,Boston Celtics,Golden State Warriors,0,4.5,233.5,126,132,40,25,32,24,30,32,24,35,1,DraftKings
nba,2024,2,2023-12-20,401584992,Utah Jazz,Cleveland Cavaliers,0,-3.0,226.0,116,124,27,29,37,23,36,26,30,32,0,DraftKings
nba,2024,2,2023-12-20,401584993,Charlotte Hornets,Indiana Pacers,0,-10.5,245.5,113,144,29,31,26,27,31,40,36,37,0,DraftKings
nba,2024,2,2023-12-20,401584994,Miami Heat,Orlando Magic,0,-5.5,219.5,115,106,25,43,21,26,24,26,22,34,0,DraftKings
nba,2024,2,2023-12-20,401584997,Denver Nuggets,Toronto Raptors,0,3.5,228.5,113,104,29,32,29,23,20,24,31,29,0,DraftKings
nba,2024,2,2023-12-20,401584996,New York Knicks,Brooklyn Nets,0,1.0,233.0,121,102,32,28,30,31,20,31,26,25,0,DraftKings
nba,2024,2,2023-12-20,401584995,Minnesota Timberwolves,Philadelphia 76ers,0,-4.0,226.0,113,127,24,36,27,26,28,36,26,37,0,DraftKings
nba,2024,2,2023-12-20,401584999,Atlanta Hawks,Houston Rockets,0,-3.0,232.5,134,127,39,38,21,36,29,36,35,27,0,DraftKings
nba,2024,2,2023-12-20,401584998,Los Angeles Lakers,Chicago Bulls,0,3.5,225.5,108,124,22,33,23,30,33,28,29,34,0,DraftKings
nba,2024,2,2023-12-20,401585000,LA Clippers,Dallas Mavericks,0,2.0,237.5,120,111,35,32,18,35,22,34,27,28,0,DraftKings
nba,2024,2,2023-12-20,401585001,Boston Celtics,Sacramento Kings,0,-4.0,239.0,144,119,38,36,39,31,41,25,24,29,0,DraftKings
nba,2024,2,2023-12-21,401585002,Utah Jazz,Detroit Pistons,0,-2.0,235.5,119,111,34,30,26,29,32,26,30,23,0,DraftKings
nba,2024,2,2023-12-21,401585004,San Antonio Spurs,Chicago Bulls,0,-6.5,229.5,95,114,28,20,22,25,27,25,25,37,0,DraftKings
nba,2024,2,2023-12-21,401585003,New Orleans Pelicans,Cleveland Cavaliers,0,3.5,224.5,123,104,36,30,28,29,28,24,24,28,0,DraftKings
nba,2024,2,2023-12-21,401585006,Orlando Magic,Milwaukee Bucks,0,-8.5,238.5,114,118,31,25,26,32,28,31,32,27,0,DraftKings
nba,2024,2,2023-12-21,401585005,Indiana Pacers,Memphis Grizzlies,0,-2.0,247.0,103,116,22,34,21,26,35,23,28,30,0,DraftKings
nba,2024,2,2023-12-21,401585007,LA Clippers,Oklahoma City Thunder,0,-6.5,238.0,115,134,29,30,33,23,35,29,45,25,0,DraftKings
nba,2024,2,2023-12-21,401585008,Los Angeles Lakers,Minnesota Timberwolves,0,-8.5,222.5,111,118,32,27,24,28,36,27,24,31,0,DraftKings
nba,2024,2,2023-12-22,401585010,Toronto Raptors,Philadelphia 76ers,0,-8.0,230.0,111,121,37,21,31,22,28,33,32,28,0,DraftKings
nba,2024,2,2023-12-21,401585009,Washington Wizards,Portland Trail Blazers,0,-4.0,238.0,118,117,33,34,26,25,24,30,26,37,0,DraftKings
nba,2024,2,2023-12-22,401585012,Atlanta Hawks,Miami Heat,0,-1.0,238.5,113,122,26,34,26,27,33,29,26,34,0,DraftKings
nba,2024,2,2023-12-22,401585013,Dallas Mavericks,Houston Rockets,0,-8.5,222.5,96,122,17,22,21,36,23,33,33,33,0,DraftKings
nba,2024,2,2023-12-22,401585011,Denver Nuggets,Brooklyn Nets,0,4.5,231.0,122,117,28,30,30,34,28,32,26,31,0,DraftKings
nba,2024,2,2023-12-22,401585015,Phoenix Suns,Sacramento Kings,0,-3.5,245.0,105,120,30,24,30,21,35,30,38,17,0,DraftKings
nba,2024,2,2023-12-22,401585014,Washington Wizards,Golden State Warriors,0,-10.5,249.0,118,129,25,36,22,35,28,35,38,28,0,DraftKings
nba,2024,2,2023-12-23,401585016,Milwaukee Bucks,New York Knicks,0,2.0,244.0,130,111,36,26,38,30,27,27,33,24,0,DraftKings
nba,2024,2,2023-12-23,401585017,Boston Celtics,LA Clippers,0,4.5,232.0,145,108,28,40,38,39,21,30,30,27,0,DraftKings
nba,2024,2,2023-12-23,401585018,Denver Nuggets,Charlotte Hornets,0,11.0,224.0,102,95,25,29,30,18,27,33,9,26,0,DraftKings
nba,2024,2,2023-12-23,401585019,Orlando Magic,Indiana Pacers,0,-2.5,245.5,117,110,36,37,20,24,27,32,33,18,0,DraftKings
nba,2024,2,2023-12-23,401585022,Detroit Pistons,Brooklyn Nets,0,-9.5,232.0,115,126,21,35,26,33,32,33,33,28,0,DraftKings
nba,2024,2,2023-12-23,401585020,Houston Rockets,New Orleans Pelicans,0,-7.5,226.5,106,104,26,21,32,27,24,27,33,20,0,DraftKings
nba,2024,2,2023-12-23,401585023,Utah Jazz,Toronto Raptors,0,-5.5,233.5,126,119,31,24,30,41,34,37,27,21,0,DraftKings
nba,2024,2,2023-12-23,401585021,Memphis Grizzlies,Atlanta Hawks,0,-2.0,237.0,125,119,25,25,40,35,32,28,33,26,0,DraftKings
nba,2024,2,2023-12-23,401585026,San Antonio Spurs,Dallas Mavericks,0,-8.0,243.0,119,144,29,37,20,33,40,32,45,27,0,DraftKings
nba,2024,2,2023-12-25,401585030,Golden State Warriors,Denver Nuggets,0,-7.5,235.0,114,120,26,28,35,25,29,24,39,28,0,DraftKings
nba,2024,2,2023-12-23,401585028,Minnesota Timberwolves,Sacramento Kings,0,-2.5,232.5,110,98,28,31,22,29,20,27,23,28,0,DraftKings
nba,2024,2,2023-12-23,401585027,Portland Trail Blazers,Golden State Warriors,0,-8.0,231.5,106,126,30,16,31,29,23,34,32,37,0,DraftKings
nba,2024,2,2023-12-23,401585025,Los Angeles Lakers,Oklahoma City Thunder,0,-3.5,239.0,129,120,36,35,36,22,39,20,32,29,0,DraftKings
nba,2024,2,2023-12-23,401585024,Cleveland Cavaliers,Chicago Bulls,0,-6.5,214.0,109,95,32,25,25,27,30,26,16,23,0,DraftKings
nba,2024,2,2023-12-25,401585029,Milwaukee Bucks,New York Knicks,0,3.5,242.5,122,129,27,24,36,35,36,26,36,31,0,DraftKings
nba,2024,2,2023-12-25,401585031,Boston Celtics,Los Angeles Lakers,0,5.0,234.5,126,115,32,26,41,27,23,34,33,25,0,DraftKings
nba,2024,2,2023-12-25,401585033,Dallas Mavericks,Phoenix Suns,0,-4.0,243.0,128,114,36,28,27,37,24,30,38,22,0,DraftKings
nba,2024,2,2023-12-26,401585034,Brooklyn Nets,Detroit Pistons,0,6.5,228.5,118,112,25,36,27,30,31,23,31,27,0,DraftKings
nba,2024,2,2023-12-25,401585032,Philadelphia 76ers,Miami Heat,0,-2.0,227.5,113,119,22,27,37,27,26,37,23,33,0,DraftKings
nba,2024,2,2023-12-26,401585035,Orlando Magic,Washington Wizards,0,7.0,236.5,127,119,33,30,35,29,33,27,28,31,0,DraftKings
nba,2024,2,2023-12-26,401585038,Memphis Grizzlies,New Orleans Pelicans,0,-5.0,229.0,116,115,24,19,24,36,19,29,32,23,1,DraftKings
nba,2024,2,2023-12-26,401585039,Minnesota Timberwolves,Oklahoma City Thunder,0,-2.0,230.5,106,129,35,25,31,15,40,26,36,27,0,DraftKings
nba,2024,2,2023-12-26,401585036,Atlanta Hawks,Chicago Bulls,0,2.5,237.5,113,118,17,39,29,28,28,22,33,35,0,DraftKings
nba,2024,2,2023-12-26,401585037,Indiana Pacers,Houston Rockets,0,-3.0,240.0,123,117,33,31,37,22,33,34,23,27,0,DraftKings
nba,2024,2,2023-12-27,401585046,Phoenix Suns,Houston Rockets,0,3.0,225.0,129,113,30,43,31,25,24,31,29,29,0,DraftKings
nba,2024,2,2023-12-27,401585043,Philadelphia 76ers,Orlando Magic,0,-2.5,228.5,112,92,26,26,32,28,25,21,29,17,0,DraftKings
nba,2024,2,2023-12-26,401585042,Charlotte Hornets,LA Clippers,0,-11.0,226.5,104,113,27,23,30,24,26,29,27,31,0,DraftKings
nba,2024,2,2023-12-26,401585040,Utah Jazz,San Antonio Spurs,0,2.5,241.5,130,118,27,37,36,30,32,28,33,25,0,DraftKings
nba,2024,2,2023-12-27,401585045,Milwaukee Bucks,Brooklyn Nets,0,10.0,244.0,144,122,32,34,34,44,31,28,33,30,0,DraftKings
nba,2024,2,2023-12-27,401585044,Toronto Raptors,Washington Wizards,0,7.0,241.5,132,102,31,28,38,35,25,25,31,21,0,DraftKings
nba,2024,2,2023-12-26,401585041,Sacramento Kings,Portland Trail Blazers,0,9.0,236.5,113,130,33,27,35,18,32,35,37,26,0,DraftKings
nba,2024,2,2023-12-27,401585047,New York Knicks,Oklahoma City Thunder,0,-3.5,241.0,120,129,25,35,29,31,38,31,24,36,0,DraftKings
nba,2024,2,2023-12-27,401585048,Cleveland Cavaliers,Dallas Mavericks,0,-6.0,232.0,113,110,27,27,28,31,39,30,21,20,0,DraftKings
nba,2024,2,2023-12-28,401585050,Indiana Pacers,Chicago Bulls,0,1.0,239.5,120,104,37,26,22,35,31,21,25,27,0,DraftKings
nba,2024,2,2023-12-28,401585051,Dallas Mavericks,Minnesota Timberwolves,0,-12.0,228.0,110,118,26,30,35,19,37,24,37,20,0,DraftKings
nba,2024,2,2023-12-28,401585049,Detroit Pistons,Boston Celtics,0,-17.0,233.0,122,128,30,36,16,26,27,20,35,26,1,DraftKings
nba,2024,2,2023-12-28,401585053,Memphis Grizzlies,Denver Nuggets,0,-9.0,222.5,105,142,27,21,35,22,33,32,41,36,0,DraftKings
nba,2024,2,2023-12-28,401585055,San Antonio Spurs,Portland Trail Blazers,0,-3.0,232.5,118,105,38,21,28,31,14,31,29,31,0,DraftKings
nba,2024,2,2023-12-28,401585052,Utah Jazz,New Orleans Pelicans,0,-9.0,239.0,105,112,37,14,25,29,39,20,22,31,0,DraftKings
nba,2024,2,2023-12-28,401585054,Miami Heat,Golden State Warriors,0,-6.5,232.0,114,102,22,36,33,23,25,26,25,26,0,DraftKings
nba,2024,2,2023-12-29,401585057,New York Knicks,Orlando Magic,0,1.5,226.5,108,117,29,15,30,34,26,29,31,31,0,DraftKings
nba,2024,2,2023-12-28,401585056,Charlotte Hornets,Los Angeles Lakers,0,-13.0,226.5,112,133,31,26,23,32,28,30,41,34,0,DraftKings
nba,2024,2,2023-12-29,401585058,Brooklyn Nets,Washington Wizards,0,6.0,241.5,104,110,25,28,33,18,25,29,30,26,0,DraftKings
nba,2024,2,2023-12-29,401585061,Milwaukee Bucks,Cleveland Cavaliers,0,5.0,241.0,119,111,31,21,40,27,37,22,21,31,0,DraftKings
nba,2024,2,2023-12-29,401585059,Sacramento Kings,Atlanta Hawks,0,1.0,252.5,117,110,23,30,33,31,36,35,20,19,0,DraftKings
nba,2024,2,2023-12-29,401585060,Toronto Raptors,Boston Celtics,0,-4.5,228.0,118,120,20,33,33,32,35,33,31,21,0,DraftKings
nba,2024,2,2023-12-29,401585062,Philadelphia 76ers,Houston Rockets,0,1.0,224.0,131,127,26,36,28,41,32,31,34,30,0,DraftKings
nba,2024,2,2023-12-29,401585063,Oklahoma City Thunder,Denver Nuggets,0,-1.5,237.5,119,93,33,21,34,31,27,21,20,25,0,DraftKings
nba,2024,2,2023-12-29,401585064,Charlotte Hornets,Phoenix Suns,0,-15.5,231.5,119,133,30,28,31,30,36,32,35,30,0,DraftKings
nba,2024,2,2023-12-30,401585068,Toronto Raptors,Detroit Pistons,0,4.0,232.5,127,129,24,20,42,41,25,27,38,39,0,DraftKings
nba,2024,2,2023-12-29,401585066,Memphis Grizzlies,LA Clippers,0,-3.5,230.0,106,117,25,29,21,31,33,26,35,23,0,DraftKings
nba,2024,2,2023-12-30,401585067,Miami Heat,Utah Jazz,0,3.0,231.0,109,117,28,25,35,21,27,27,34,29,0,DraftKings
nba,2024,2,2023-12-30,401585069,New York Knicks,Indiana Pacers,0,-4.0,249.0,126,140,27,35,30,34,32,32,41,35,0,DraftKings
nba,2024,2,2023-12-29,401585065,San Antonio Spurs,Portland Trail Blazers,0,-4.5,233.5,128,134,29,27,38,34,29,42,33,30,0,DraftKings
nba,2024,2,2023-12-30,401585070,Philadelphia 76ers,Chicago Bulls,0,1.0,225.5,92,105,17,31,23,21,21,35,24,25,0,DraftKings
nba,2024,2,2023-12-30,401585071,Los Angeles Lakers,Minnesota Timberwolves,0,-4.0,227.5,106,108,31,26,20,29,29,32,21,26,0,DraftKings
nba,2024,2,2023-12-30,401585072,Dallas Mavericks,Golden State Warriors,0,-4.0,243.0,132,122,34,29,38,31,26,28,35,33,0,DraftKings
nba,2024,2,2023-12-31,401585074,Los Angeles Lakers,New Orleans Pelicans,0,-6.5,232.0,109,129,33,24,32,20,42,32,30,25,0,DraftKings
nba,2024,2,2023-12-31,401585076,Boston Celtics,San Antonio Spurs,0,14.5,241.5,134,101,30,35,40,29,22,31,23,25,0,DraftKings
nba,2024,2,2023-12-31,401585073,Atlanta Hawks,Washington Wizards,0,6.5,252.0,130,126,28,42,30,30,30,28,29,39,0,DraftKings
nba,2024,2,2023-12-31,401585075,Brooklyn Nets,Oklahoma City Thunder,0,-7.5,233.5,108,124,36,20,23,29,33,26,30,35,0,DraftKings
nba,2024,2,2023-12-31,401585077,Sacramento Kings,Memphis Grizzlies,0,-1.0,237.0,123,92,34,36,31,22,29,29,21,13,0,DraftKings
nba,2024,2,2023-12-31,401585078,Orlando Magic,Phoenix Suns,0,-5.5,232.5,107,112,24,34,29,20,37,30,22,23,0,DraftKings
nba,2024,2,2024-01-01,401585079,Minnesota Timberwolves,New York Knicks,0,1.0,223.0,106,112,32,17,29,28,23,38,33,18,0,DraftKings
nba,2024,2,2024-01-01,401585080,Cleveland Cavaliers,Toronto Raptors,0,-2.5,228.0,121,124,32,27,32,30,41,26,31,26,0,DraftKings
nba,2024,2,2024-01-01,401585081,Detroit Pistons,Houston Rockets,0,-9.0,227.5,113,136,29,26,25,33,31,28,47,30,0,DraftKings
nba,2024,2,2024-01-01,401585084,Portland Trail Blazers,Phoenix Suns,0,-9.5,229.5,88,109,29,18,14,27,20,35,31,23,0,DraftKings
nba,2024,2,2024-01-01,401585082,Indiana Pacers,Milwaukee Bucks,0,-8.0,261.5,122,113,25,31,28,38,32,30,26,25,0,DraftKings
nba,2024,2,2024-01-01,401585083,Charlotte Hornets,Denver Nuggets,0,-17.0,224.5,93,111,18,31,17,27,24,25,40,22,0,DraftKings
nba,2024,2,2024-01-02,401585087,Chicago Bulls,Philadelphia 76ers,0,-9.5,223.5,97,110,18,24,30,25,43,30,25,12,0,DraftKings
nba,2024,2,2024-01-01,401585085,Dallas Mavericks,Utah Jazz,0,4.5,247.5,90,127,26,29,24,11,37,25,31,34,0,DraftKings
nba,2024,2,2024-01-02,401585089,Brooklyn Nets,New Orleans Pelicans,0,-5.5,227.5,85,112,18,16,24,27,32,27,26,27,0,DraftKings
nba,2024,2,2024-01-02,401585088,San Antonio Spurs,Memphis Grizzlies,0,-11.0,237.0,98,106,23,17,28,30,20,27,33,26,0,DraftKings
nba,2024,2,2024-01-01,401585086,Miami Heat,LA Clippers,0,-8.0,228.5,104,121,35,23,27,19,23,36,36,26,0,DraftKings
nba,2024,2,2024-01-02,401585091,Orlando Magic,Golden State Warriors,0,-3.5,230.0,115,121,28,27,26,34,30,25,32,34,0,DraftKings
nba,2024,2,2024-01-02,401585090,Boston Celtics,Oklahoma City Thunder,0,4.0,239.5,123,127,29,32,25,37,31,27,40,29,0,DraftKings
nba,2024,2,2024-01-02,401585092,Charlotte Hornets,Sacramento Kings,0,-15.0,233.5,111,104,25,20,30,36,21,29,28,26,0,DraftKings
nba,2024,2,2024-01-03,401585095,Oklahoma City Thunder,Atlanta Hawks,0,-1.0,248.5,138,141,25,34,44,35,39,37,40,25,0,DraftKings
nba,2024,2,2024-01-03,401585094,Milwaukee Bucks,Indiana Pacers,0,3.5,258.0,130,142,31,37,29,33,33,33,47,29,0,DraftKings
nba,2024,2,2024-01-03,401585093,Washington Wizards,Cleveland Cavaliers,0,-9.0,240.0,101,140,31,24,20,26,34,33,34,39,0,DraftKings
nba,2024,2,2024-01-03,401585097,Brooklyn Nets,Houston Rockets,0,-4.0,222.0,101,112,22,28,25,26,26,23,38,25,0,DraftKings
nba,2024,2,2024-01-03,401585096,Chicago Bulls,New York Knicks,0,-8.0,220.0,100,116,24,31,23,22,26,25,35,30,0,DraftKings
nba,2024,2,2024-01-03,401585098,Toronto Raptors,Memphis Grizzlies,0,-1.0,227.5,116,111,30,32,31,23,29,19,28,35,0,DraftKings
nba,2024,2,2024-01-03,401585099,New Orleans Pelicans,Minnesota Timberwolves,0,-6.0,221.0,117,106,27,32,33,25,24,22,25,35,0,DraftKings
nba,2024,2,2024-01-03,401585100,Portland Trail Blazers,Dallas Mavericks,0,-10.5,239.0,97,126,25,22,27,23,35,43,24,24,0,DraftKings
nba,2024,2,2024-01-04,401585105,Milwaukee Bucks,San Antonio Spurs,0,11.0,247.5,125,121,38,26,29,32,31,28,34,28,0,DraftKings
nba,2024,2,2024-01-03,401585103,Miami Heat,Los Angeles Lakers,0,-5.0,229.0,110,96,25,28,19,38,18,27,22,29,0,DraftKings
nba,2024,2,2024-01-03,401585102,Detroit Pistons,Utah Jazz,0,-8.5,241.0,148,154,33,35,41,29,26,40,38,34,1,DraftKings
nba,2024,2,2024-01-05,401585107,Utah Jazz,Boston Celtics,0,-14.0,241.0,97,126,15,25,35,22,30,41,36,19,0,DraftKings
nba,2024,2,2024-01-05,401585108,Atlanta Hawks,Indiana Pacers,0,-3.0,262.0,116,150,24,30,29,33,38,40,39,33,0,DraftKings
nba,2024,2,2024-01-04,401585106,Denver Nuggets,Golden State Warriors,0,4.0,234.5,130,127,34,36,24,36,33,30,44,20,0,DraftKings
nba,2024,2,2024-01-03,401585101,LA Clippers,Phoenix Suns,0,4.0,231.0,131,122,35,35,37,24,20,31,40,31,0,DraftKings
nba,2024,2,2024-01-03,401585104,Orlando Magic,Sacramento Kings,0,-5.5,232.0,135,138,30,25,34,29,27,40,24,27,2,DraftKings
nba,2024,2,2024-01-05,401585110,Washington Wizards,Cleveland Cavaliers,0,-10.5,237.5,90,114,26,14,19,31,36,16,32,30,0,DraftKings
nba,2024,2,2024-01-05,401585111,New York Knicks,Philadelphia 76ers,0,-5.5,233.5,128,92,34,41,18,35,30,25,21,16,0,DraftKings
nba,2024,2,2024-01-05,401585109,Oklahoma City Thunder,Brooklyn Nets,0,5.0,234.0,115,124,21,26,32,36,39,36,26,23,0,DraftKings
nba,2024,2,2024-01-05,401585115,Portland Trail Blazers,Dallas Mavericks,0,-7.0,234.5,103,139,26,27,16,34,38,24,40,37,0,DraftKings
nba,2024,2,2024-01-05,401585116,Orlando Magic,Denver Nuggets,0,-10.0,224.0,122,120,28,26,41,27,37,30,31,22,0,DraftKings
nba,2024,2,2024-01-05,401585113,Minnesota Timberwolves,Houston Rockets,0,4.0,216.5,122,95,32,24,28,38,24,22,26,23,0,DraftKings
nba,2024,2,2024-01-05,401585114,LA Clippers,New Orleans Pelicans,0,1.0,230.5,111,95,26,30,36,19,26,15,27,27,0,DraftKings
nba,2024,2,2024-01-05,401585112,Charlotte Hornets,Chicago Bulls,0,-8.5,218.0,91,104,22,19,28,22,23,24,27,30,0,DraftKings
nba,2024,2,2024-01-05,401585117,Miami Heat,Phoenix Suns,0,-2.5,227.5,97,113,29,26,20,22,33,29,32,19,0,DraftKings
nba,2024,2,2024-01-06,401585121,Boston Celtics,Indiana Pacers,0,7.0,250.0,118,101,29,29,26,34,17,32,32,20,0,DraftKings
nba,2024,2,2024-01-05,401585119,Memphis Grizzlies,Los Angeles Lakers,0,-4.0,225.0,127,113,29,29,36,33,38,21,35,19,0,DraftKings
nba,2024,2,2024-01-05,401585118,Detroit Pistons,Golden State Warriors,0,-10.5,241.0,109,113,20,26,29,34,22,28,29,34,0,DraftKings
nba,2024,2,2024-01-05,401585120,Toronto Raptors,Sacramento Kings,0,-4.5,237.0,130,135,27,30,40,33,36,41,30,28,0,DraftKings
nba,2024,2,2024-01-06,401585123,Utah Jazz,Philadelphia 76ers,0,-6.0,236.5,120,109,32,26,29,33,28,29,22,30,0,DraftKings
nba,2024,2,2024-01-06,401585124,Milwaukee Bucks,Houston Rockets,0,7.0,236.5,108,112,18,25,30,35,29,34,26,23,0,DraftKings
nba,2024,2,2024-01-07,401585125,San Antonio Spurs,Cleveland Cavaliers,0,-10.5,232.0,115,117,32,24,28,31,28,34,26,29,0,DraftKings
nba,2024,2,2024-01-06,401585122,New York Knicks,Washington Wizards,0,9.5,239.0,121,105,34,29,28,30,19,24,32,30,0,DraftKings
nba,2024,2,2024-01-07,401585126,Portland Trail Blazers,Brooklyn Nets,0,-9.5,225.5,134,127,26,24,35,30,30,22,41,22,1,DraftKings
nba,2024,2,2024-01-07,401585127,Atlanta Hawks,Orlando Magic,0,2.0,240.0,110,117,28,32,18,27,32,19,34,20,1,DraftKings
nba,2024,2,2024-01-07,401585129,Minnesota Timberwolves,Dallas Mavericks,0,2.5,234.0,108,115,29,27,26,26,30,30,31,24,0,DraftKings
nba,2024,2,2024-01-07,401585131,Memphis Grizzlies,Phoenix Suns,0,-8.0,229.5,121,115,26,32,28,35,32,31,34,18,0,DraftKings
nba,2024,2,2024-01-07,401585128,New Orleans Pelicans,Sacramento Kings,0,-4.5,233.0,133,100,33,39,31,30,21,26,14,39,0,DraftKings
nba,2024,2,2024-01-07,401585133,LA Clippers,Los Angeles Lakers,0,4.5,232.5,103,106,24,29,24,26,19,30,32,25,0,DraftKings
nba,2024,2,2024-01-07,401585130,Detroit Pistons,Denver Nuggets,0,-16.0,236.0,114,131,29,28,28,29,31,34,43,23,0,DraftKings
nba,2024,2,2024-01-07,401585132,Toronto Raptors,Golden State Warriors,0,-2.0,238.0,133,118,36,40,25,32,28,21,38,31,0,DraftKings
nba,2024,2,2024-01-08,401585134,Chicago Bulls,Charlotte Hornets,0,6.5,216.0,119,112,24,27,32,24,25,18,33,31,1,DraftKings
nba,2024,2,2024-01-08,401585135,Boston Celtics,Indiana Pacers,0,3.5,246.0,131,133,34,34,33,30,33,26,44,30,0,DraftKings
nba,2024,2,2024-01-08,401585136,Oklahoma City Thunder,Washington Wizards,0,11.0,245.0,136,128,36,31,35,34,30,31,36,31,0,DraftKings
nba,2024,2,2024-01-08,401585137,Houston Rockets,Miami Heat,0,-4.0,219.5,113,120,27,32,23,31,34,25,32,29,0,DraftKings
nba,2024,2,2024-01-09,401585140,Sacramento Kings,Detroit Pistons,0,11.0,241.0,131,110,29,39,30,33,47,18,30,15,0,DraftKings
nba,2024,2,2024-01-08,401585139,Phoenix Suns,LA Clippers,0,-5.0,234.5,111,138,31,32,28,20,34,37,30,37,0,DraftKings
nba,2024,2,2024-01-09,401585141,Minnesota Timberwolves,Orlando Magic,0,5.5,218.0,113,92,33,34,23,23,16,21,29,26,0,DraftKings
nba,2024,2,2024-01-09,401585142,Portland Trail Blazers,New York Knicks,0,-13.0,229.5,84,112,22,19,20,23,38,25,34,15,0,DraftKings
nba,2024,2,2024-01-08,401585138,Utah Jazz,Milwaukee Bucks,0,-8.0,242.5,132,116,41,36,23,32,23,23,44,26,0,DraftKings
nba,2024,2,2024-01-09,401585143,Memphis Grizzlies,Dallas Mavericks,0,-9.5,236.0,120,103,29,39,35,17,22,31,30,20,0,DraftKings
nba,2024,2,2024-01-10,401585145,Minnesota Timberwolves,Boston Celtics,0,-10.5,227.5,120,127,27,26,32,26,32,22,25,32,1,DraftKings
nba,2024,2,2024-01-10,401585146,Sacramento Kings,Charlotte Hornets,0,8.5,229.5,123,98,33,38,24,28,28,31,21,18,0,DraftKings
nba,2024,2,2024-01-09,401585144,Toronto Raptors,Los Angeles Lakers,0,-5.0,238.0,131,132,24,29,36,42,28,23,37,44,0,DraftKings
nba,2024,2,2024-01-10,401585149,Philadelphia 76ers,Atlanta Hawks,0,-1.0,246.0,132,139,31,33,34,27,34,27,34,30,1,DraftKings
nba,2024,2,2024-01-10,401585148,Washington Wizards,Indiana Pacers,0,-8.0,251.5,104,112,21,34,25,24,23,31,35,23,0,DraftKings
nba,2024,2,2024-01-10,401585147,San Antonio Spurs,Detroit Pistons,0,3.0,238.5,130,108,31,32,32,35,19,32,26,31,0,DraftKings
nba,2024,2,2024-01-10,401585153,New Orleans Pelicans,Golden State Warriors,0,2.5,235.0,141,105,46,27,32,36,27,33,23,22,0,DraftKings
nba,2024,2,2024-01-10,401585150,Oklahoma City Thunder,Miami Heat,0,4.5,233.0,128,120,29,36,34,29,35,34,27,24,0,DraftKings
nba,2024,2,2024-01-10,401585151,Houston Rockets,Chicago Bulls,0,-4.0,216.0,119,124,24,30,29,29,28,34,32,18,1,DraftKings
nba,2024,2,2024-01-10,401585152,Denver Nuggets,Utah Jazz,0,7.0,239.0,111,124,24,29,25,33,35,36,28,25,0,DraftKings
nba,2024,2,2024-01-11,401585156,Boston Celtics,Milwaukee Bucks,0,-2.0,247.5,102,135,23,15,32,32,41,34,36,24,0,DraftKings
nba,2024,2,2024-01-10,401585154,Toronto Raptors,LA Clippers,0,-11.5,233.5,120,126,29,28,35,28,28,30,33,35,0,DraftKings
nba,2024,2,2024-01-11,401585155,Brooklyn Nets,Cleveland Cavaliers,1,-3.5,221.5,102,111,16,18,26,42,26,28,24,33,0,DraftKings
nba,2024,2,2024-01-11,401585157,Portland Trail Blazers,Oklahoma City Thunder,0,-13.5,236.5,77,139,24,15,17,21,36,39,43,21,0,DraftKings
nba,2024,2,2024-01-11,401585158,New York Knicks,Dallas Mavericks,0,4.5,234.5,124,128,26,29,31,38,44,30,27,27,0,DraftKings
nba,2024,2,2024-01-12,401585161,Indiana Pacers,Atlanta Hawks,0,-6.0,250.0,126,108,34,34,31,27,30,32,19,27,0,DraftKings
nba,2024,2,2024-01-12,401585160,Sacramento Kings,Philadelphia 76ers,0,-1.0,242.5,93,112,21,25,27,20,29,36,22,25,0,DraftKings
nba,2024,2,2024-01-12,401585162,Houston Rockets,Detroit Pistons,0,9.0,224.5,112,110,23,32,33,24,30,25,36,19,0,DraftKings
nba,2024,2,2024-01-11,401585159,Phoenix Suns,Los Angeles Lakers,0,1.0,238.5,127,109,36,30,39,22,25,27,26,31,0,DraftKings
nba,2024,2,2024-01-12,401585163,Orlando Magic,Miami Heat,0,-1.0,218.5,96,99,22,33,18,23,30,26,19,24,0,DraftKings
nba,2024,2,2024-01-12,401585164,Golden State Warriors,Chicago Bulls,0,-3.0,229.0,140,131,33,29,48,30,30,45,20,36,0,DraftKings
nba,2024,2,2024-01-12,401585165,LA Clippers,Memphis Grizzlies,0,8.5,223.5,128,119,23,42,35,28,26,27,26,40,0,DraftKings
nba,2024,2,2024-01-12,401585166,Portland Trail Blazers,Minnesota Timberwolves,0,-16.0,220.0,93,116,15,27,15,36,36,27,25,28,0,DraftKings
nba,2024,2,2024-01-12,401585169,Charlotte Hornets,San Antonio Spurs,0,-2.5,237.0,99,135,22,23,26,28,28,38,37,32,0,DraftKings
nba,2024,2,2024-01-12,401585168,Toronto Raptors,Utah Jazz,0,-1.5,242.5,113,145,25,22,38,28,28,36,41,40,0,DraftKings
nba,2024,2,2024-01-12,401585167,New Orleans Pelicans,Denver Nuggets,0,-5.5,230.0,113,125,25,26,29,33,37,29,34,25,0,DraftKings
nba,2024,2,2024-01-13,401585170,Houston Rockets,Boston Celtics,0,-15.0,226.5,113,145,31,27,28,27,35,34,43,33,0,DraftKings
nba,2024,2,2024-01-13,401585172,New York Knicks,Memphis Grizzlies,0,11.0,220.0,106,94,25,28,30,23,27,30,15,22,0,DraftKings
nba,2024,2,2024-01-13,401585171,Washington Wizards,Atlanta Hawks,0,-8.0,247.5,127,99,30,28,41,28,25,22,24,28,0,DraftKings
nba,2024,2,2024-01-13,401585174,Orlando Magic,Oklahoma City Thunder,0,-11.5,232.0,100,112,21,19,33,27,23,26,37,26,0,DraftKings
nba,2024,2,2024-01-13,401585173,Golden State Warriors,Milwaukee Bucks,0,-13.5,240.5,118,129,24,32,25,37,33,21,29,46,0,DraftKings
nba,2024,2,2024-01-13,401585175,New Orleans Pelicans,Dallas Mavericks,0,-5.5,227.5,118,108,29,20,39,30,20,34,27,27,0,DraftKings
nba,2024,2,2024-01-13,401585176,Chicago Bulls,San Antonio Spurs,0,6.5,228.5,122,116,35,28,31,28,23,32,39,22,0,DraftKings
nba,2024,2,2024-01-14,401585178,Indiana Pacers,Denver Nuggets,0,-10.5,240.0,109,117,28,29,27,25,28,32,29,28,0,DraftKings
nba,2024,2,2024-01-14,401585181,LA Clippers,Minnesota Timberwolves,0,1.0,224.0,105,109,19,26,23,37,29,17,35,28,0,DraftKings
nba,2024,2,2024-01-13,401585177,Los Angeles Lakers,Utah Jazz,0,-3.0,237.5,125,132,39,28,28,30,31,33,36,32,0,DraftKings
nba,2024,2,2024-01-14,401585180,Sacramento Kings,Milwaukee Bucks,0,-4.0,245.5,142,143,37,29,25,37,32,36,27,33,1,DraftKings
nba,2024,2,2024-01-14,401585182,Phoenix Suns,Portland Trail Blazers,0,14.0,234.0,127,116,31,40,35,21,33,28,31,24,0,DraftKings
nba,2024,2,2024-01-14,401585179,Charlotte Hornets,Miami Heat,0,-8.5,226.0,87,104,16,15,30,26,26,26,25,27,0,DraftKings
nba,2024,2,2024-01-15,401585183,Houston Rockets,Philadelphia 76ers,0,-8.5,228.0,115,124,19,28,30,38,33,33,32,26,0,DraftKings
nba,2024,2,2024-01-15,401585184,New Orleans Pelicans,Dallas Mavericks,0,4.5,236.5,120,125,17,42,40,21,33,26,33,33,0,DraftKings
nba,2024,2,2024-01-15,401585185,Orlando Magic,New York Knicks,0,-5.5,218.0,98,94,24,26,23,25,24,28,26,16,0,DraftKings
nba,2024,2,2024-01-15,401585186,Detroit Pistons,Washington Wizards,0,-5.5,239.0,129,117,29,34,31,35,22,40,25,30,0,DraftKings
nba,2024,2,2024-01-15,401585187,San Antonio Spurs,Atlanta Hawks,0,-8.5,246.0,99,109,16,18,33,32,35,34,18,22,0,DraftKings
nba,2024,2,2024-01-15,401585189,Chicago Bulls,Cleveland Cavaliers,0,-4.0,222.0,91,109,21,25,31,14,40,20,20,29,0,DraftKings
nba,2024,2,2024-01-15,401585188,Golden State Warriors,Memphis Grizzlies,0,7.5,226.0,107,116,29,27,30,21,23,31,31,31,0,DraftKings
nba,2024,2,2024-01-15,401585190,Miami Heat,Brooklyn Nets,0,1.0,221.0,96,95,16,15,37,20,22,23,24,19,1,DraftKings
nba,2024,2,2024-01-15,401585191,Boston Celtics,Toronto Raptors,0,6.5,238.0,105,96,29,32,23,21,25,30,20,21,0,DraftKings
nba,2024,2,2024-01-15,401585193,Oklahoma City Thunder,Los Angeles Lakers,0,2.5,241.5,105,112,26,24,26,29,27,23,34,28,0,DraftKings
nba,2024,2,2024-01-16,401585194,Denver Nuggets,Philadelphia 76ers,0,-1.5,232.0,121,126,38,40,26,17,36,42,21,27,0,DraftKings
nba,2024,2,2024-01-15,401585192,Indiana Pacers,Utah Jazz,0,-7.0,247.0,105,132,26,24,29,26,33,31,41,27,0,DraftKings
nba,2024,2,2024-01-16,401585195,Sacramento Kings,Phoenix Suns,0,-4.0,244.5,117,119,39,29,28,21,27,24,33,35,0,DraftKings
nba,2024,2,2024-01-17,401585197,Minnesota Timberwolves,Detroit Pistons,0,12.5,223.0,124,117,39,31,28,26,40,22,28,27,0,DraftKings
nba,2024,2,2024-01-16,401585196,Oklahoma City Thunder,LA Clippers,0,-6.0,240.0,117,128,30,31,28,28,35,30,34,29,0,DraftKings
nba,2024,2,2024-01-17,401585198,Orlando Magic,Atlanta Hawks,0,-4.5,228.0,104,106,26,25,25,28,26,23,29,28,0,DraftKings
nba,2024,2,2024-01-17,401585199,San Antonio Spurs,Boston Celtics,0,-14.5,237.5,98,117,25,20,33,20,30,40,24,23,0,DraftKings
nba,2024,2,2024-01-17,401585201,Houston Rockets,New York Knicks,0,-7.5,224.0,94,109,25,21,23,25,23,25,29,32,0,DraftKings
nba,2024,2,2024-01-17,401585202,Miami Heat,Toronto Raptors,0,3.0,226.0,97,121,18,25,30,24,41,37,16,27,0,DraftKings
nba,2024,2,2024-01-17,401585200,Milwaukee Bucks,Cleveland Cavaliers,0,-2.0,236.5,95,135,22,19,26,28,32,34,42,27,0,DraftKings
nba,2024,2,2024-01-17,401585203,Charlotte Hornets,New Orleans Pelicans,0,-12.0,229.5,112,132,36,25,21,30,43,23,30,36,0,DraftKings
nba,2024,2,2024-01-17,401585206,Brooklyn Nets,Portland Trail Blazers,0,5.5,222.0,103,105,23,29,31,20,24,27,23,31,0,DraftKings
nba,2024,2,2024-01-17,401585205,Dallas Mavericks,Los Angeles Lakers,0,-3.0,244.5,110,127,26,27,27,30,32,23,42,30,0,DraftKings
nba,2024,2,2024-01-18,401585207,Washington Wizards,New York Knicks,0,-12.0,233.5,109,113,22,23,27,37,22,24,27,40,0,DraftKings
nba,2024,2,2024-01-18,401585208,Chicago Bulls,Toronto Raptors,0,2.0,228.5,116,110,38,25,27,26,27,31,28,24,0,DraftKings
nba,2024,2,2024-01-18,401585209,Oklahoma City Thunder,Utah Jazz,0,3.0,246.0,134,129,39,37,22,36,27,40,28,34,0,DraftKings
nba,2024,2,2024-01-19,401585212,San Antonio Spurs,Charlotte Hornets,0,-5.0,236.0,120,124,32,26,27,35,34,32,31,27,0,DraftKings
nba,2024,2,2024-01-18,401585211,Indiana Pacers,Sacramento Kings,0,-8.5,244.0,126,121,34,36,29,27,31,26,32,32,0,DraftKings
nba,2024,2,2024-01-18,401585210,Memphis Grizzlies,Minnesota Timberwolves,0,-12.0,214.5,103,118,30,25,31,17,30,20,31,37,0,DraftKings
nba,2024,2,2024-01-19,401585215,Atlanta Hawks,Miami Heat,0,-7.0,221.5,109,108,32,25,24,28,24,32,27,25,0,DraftKings
nba,2024,2,2024-01-19,401585213,Philadelphia 76ers,Orlando Magic,0,5.0,222.0,124,109,32,36,21,35,34,26,16,33,0,DraftKings
nba,2024,2,2024-01-19,401585214,Denver Nuggets,Boston Celtics,0,-7.0,233.0,102,100,31,24,26,21,32,29,21,18,0,DraftKings
nba,2024,2,2024-01-19,401585218,Indiana Pacers,Portland Trail Blazers,0,8.0,237.0,115,118,31,22,28,34,34,30,24,30,0,DraftKings
nba,2024,2,2024-01-20,401585220,Milwaukee Bucks,Detroit Pistons,0,13.5,245.5,141,135,34,36,33,38,38,29,31,37,0,DraftKings
nba,2024,2,2024-01-19,401585219,Brooklyn Nets,Los Angeles Lakers,0,-7.0,227.0,130,112,28,34,38,30,37,31,22,22,0,DraftKings
nba,2024,2,2024-01-19,401585216,Phoenix Suns,New Orleans Pelicans,0,-2.5,237.0,123,109,41,28,31,23,28,24,28,29,0,DraftKings
nba,2024,2,2024-01-20,401585221,Philadelphia 76ers,Charlotte Hornets,0,12.0,227.0,97,89,24,22,23,28,24,21,28,16,0,DraftKings
nba,2024,2,2024-01-20,401585222,San Antonio Spurs,Washington Wizards,0,-2.0,242.0,131,127,37,35,28,31,36,30,34,27,0,DraftKings
nba,2024,2,2024-01-20,401585223,Cleveland Cavaliers,Atlanta Hawks,0,2.0,232.0,116,95,25,34,34,23,20,25,25,25,0,DraftKings
nba,2024,2,2024-01-20,401585224,Toronto Raptors,New York Knicks,0,-7.5,230.0,100,126,31,26,21,22,31,28,33,34,0,DraftKings
nba,2024,2,2024-01-20,401585226,Utah Jazz,Houston Rockets,0,-2.0,235.5,126,127,24,27,38,26,31,33,25,26,1,DraftKings
nba,2024,2,2024-01-20,401585225,Memphis Grizzlies,Chicago Bulls,0,-7.5,215.0,96,125,17,23,29,27,21,29,36,39,0,DraftKings
nba,2024,2,2024-01-20,401585227,Oklahoma City Thunder,Minnesota Timberwolves,0,-3.0,229.5,102,97,30,27,17,28,24,30,29,14,0,DraftKings
nba,2024,2,2024-01-21,401585228,Brooklyn Nets,LA Clippers,0,-10.0,227.0,114,125,27,34,38,15,24,25,35,41,0,DraftKings
nba,2024,2,2024-01-21,401585229,Miami Heat,Orlando Magic,0,-1.0,213.0,87,105,19,27,23,18,22,26,33,24,0,DraftKings
nba,2024,2,2024-01-21,401585231,Boston Celtics,Houston Rockets,0,11.0,226.5,116,107,35,35,20,26,25,30,25,27,0,DraftKings
nba,2024,2,2024-01-21,401585232,Indiana Pacers,Phoenix Suns,0,-7.0,245.0,110,117,25,36,22,27,33,32,26,26,0,DraftKings
nba,2024,2,2024-01-21,401585230,Denver Nuggets,Washington Wizards,0,12.5,238.0,113,104,33,29,27,24,24,28,26,26,0,DraftKings
nba,2024,2,2024-01-21,401585233,Portland Trail Blazers,Los Angeles Lakers,0,-11.5,229.5,110,134,31,23,33,23,36,31,36,31,0,DraftKings
nba,2024,2,2024-01-22,401585234,Milwaukee Bucks,Detroit Pistons,0,12.5,247.5,122,113,30,28,31,33,30,26,29,28,0,DraftKings
nba,2024,2,2024-01-22,401585235,Cleveland Cavaliers,Orlando Magic,0,2.5,215.0,126,99,38,34,35,19,19,28,27,25,0,DraftKings
nba,2024,2,2024-01-22,401585236,San Antonio Spurs,Philadelphia 76ers,0,-13.5,237.5,123,133,35,23,31,34,34,28,42,29,0,DraftKings
nba,2024,2,2024-01-22,401585239,Boston Celtics,Dallas Mavericks,0,2.5,240.5,119,110,24,41,29,25,26,33,24,27,0,DraftKings
nba,2024,2,2024-01-22,401585237,Memphis Grizzlies,Toronto Raptors,0,-6.5,226.5,108,100,30,23,32,23,25,21,25,29,0,DraftKings
nba,2024,2,2024-01-22,401585238,Charlotte Hornets,Minnesota Timberwolves,0,-14.0,221.5,128,125,32,32,28,36,34,35,38,18,0,DraftKings
nba,2024,2,2024-01-22,401585240,Chicago Bulls,Phoenix Suns,0,-5.0,228.0,113,115,37,29,24,23,22,27,34,32,0,DraftKings
nba,2024,2,2024-01-22,401585241,Atlanta Hawks,Sacramento Kings,0,-8.5,238.0,107,122,24,16,29,38,27,30,30,35,0,DraftKings
nba,2024,2,2024-01-23,401585242,Denver Nuggets,Indiana Pacers,0,5.0,237.0,114,109,28,26,39,21,29,33,19,28,0,DraftKings
nba,2024,2,2024-01-23,401585243,New York Knicks,Brooklyn Nets,0,3.5,223.0,108,103,26,24,26,32,28,21,36,18,0,DraftKings
nba,2024,2,2024-01-23,401585244,Utah Jazz,New Orleans Pelicans,0,-7.0,239.0,124,153,30,29,32,33,34,43,38,38,0,DraftKings
nba,2024,2,2024-01-23,401585245,Portland Trail Blazers,Oklahoma City Thunder,0,-13.5,231.5,109,111,28,38,20,23,38,20,30,23,0,DraftKings
nba,2024,2,2024-01-24,401585247,Charlotte Hornets,Detroit Pistons,0,-2.5,230.0,106,113,31,21,40,14,28,24,37,24,0,DraftKings
nba,2024,2,2024-01-23,401585246,Los Angeles Lakers,LA Clippers,0,-9.5,236.0,116,127,29,35,33,19,35,42,29,21,0,DraftKings
nba,2024,2,2024-01-24,401585248,Minnesota Timberwolves,Washington Wizards,0,10.5,229.5,118,107,30,27,33,28,24,35,19,29,0,DraftKings
nba,2024,2,2024-01-24,401585251,Portland Trail Blazers,Houston Rockets,0,-10.0,219.5,137,131,30,27,41,26,31,32,33,28,1,DraftKings
nba,2024,2,2024-01-24,401585249,Memphis Grizzlies,Miami Heat,0,-11.5,215.0,105,96,21,28,33,23,22,20,26,28,0,DraftKings
nba,2024,2,2024-01-24,401585252,Cleveland Cavaliers,Milwaukee Bucks,0,-7.0,237.5,116,126,28,23,28,37,32,29,32,33,0,DraftKings
nba,2024,2,2024-01-24,401585250,Oklahoma City Thunder,San Antonio Spurs,0,9.0,241.0,140,114,35,28,37,40,28,24,24,38,0,DraftKings
nba,2024,2,2024-01-25,401585255,Philadelphia 76ers,Indiana Pacers,0,4.5,240.5,122,134,25,36,28,33,34,39,37,24,0,DraftKings
nba,2024,2,2024-01-24,401585254,Atlanta Hawks,Golden State Warriors,0,-6.5,235.0,112,134,31,37,24,20,38,31,32,33,0,DraftKings
nba,2024,2,2024-01-24,401585253,Phoenix Suns,Dallas Mavericks,0,2.5,241.5,132,109,25,32,43,32,34,24,20,31,0,DraftKings
nba,2024,2,2024-01-25,401585256,Utah Jazz,Washington Wizards,0,7.0,247.0,123,108,36,28,34,25,29,27,22,30,0,DraftKings
nba,2024,2,2024-01-25,401585257,Minnesota Timberwolves,Brooklyn Nets,0,4.0,218.5,96,94,24,36,21,15,31,17,26,20,0,DraftKings
nba,2024,2,2024-01-25,401585258,Boston Celtics,Miami Heat,0,8.5,225.0,143,110,42,35,36,30,29,35,26,20,0,DraftKings
nba,2024,2,2024-01-25,401585260,Sacramento Kings,Golden State Warriors,0,1.0,244.0,134,133,40,35,29,30,32,40,29,32,0,DraftKings
nba,2024,2,2024-01-25,401585259,Denver Nuggets,New York Knicks,0,2.5,223.0,84,122,21,20,25,18,33,29,36,24,0,DraftKings
nba,2024,2,2024-01-26,401585262,Dallas Mavericks,Atlanta Hawks,0,-2.0,246.5,148,143,27,39,42,40,31,35,36,41,0,DraftKings
nba,2024,2,2024-01-25,401585261,Chicago Bulls,Los Angeles Lakers,0,-6.0,230.0,132,141,32,25,36,39,31,42,39,29,0,DraftKings
nba,2024,2,2024-01-26,401585264,Phoenix Suns,Indiana Pacers,0,5.0,244.5,131,133,40,40,34,17,31,39,35,28,0,DraftKings
nba,2024,2,2024-01-26,401585265,LA Clippers,Toronto Raptors,0,8.0,236.5,127,107,29,37,29,32,20,32,29,26,0,DraftKings
nba,2024,2,2024-01-26,401585263,Houston Rockets,Charlotte Hornets,0,5.0,223.5,138,104,30,25,44,39,28,25,25,26,0,DraftKings
nba,2024,2,2024-01-26,401585266,Orlando Magic,Memphis Grizzlies,0,6.0,212.5,106,107,31,28,25,22,31,37,22,17,0,DraftKings
nba,2024,2,2024-01-26,401585267,Cleveland Cavaliers,Milwaukee Bucks,0,-5.5,238.5,112,100,30,24,26,32,28,29,20,23,0,DraftKings
nba,2024,2,2024-01-27,401585270,Washington Wizards,Detroit Pistons,0,-3.5,240.5,118,104,36,25,26,31,33,30,22,19,0,DraftKings
nba,2024,2,2024-01-26,401585269,Portland Trail Blazers,San Antonio Spurs,0,-5.0,231.5,100,116,33,24,21,22,26,36,26,28,0,DraftKings
nba,2024,2,2024-01-26,401585268,Oklahoma City Thunder,New Orleans Pelicans,0,1.0,237.5,107,83,22,28,27,30,24,17,23,19,0,DraftKings
nba,2024,2,2024-01-27,401585272,Philadelphia 76ers,Denver Nuggets,0,-8.0,225.5,105,111,27,35,26,17,31,33,22,25,0,DraftKings
nba,2024,2,2024-01-27,401585271,Miami Heat,New York Knicks,0,-4.5,220.5,109,125,30,21,35,23,27,34,28,36,0,DraftKings
nba,2024,2,2024-01-27,401585273,Houston Rockets,Brooklyn Nets,0,-4.0,222.0,104,106,15,25,30,34,35,25,28,18,0,DraftKings
nba,2024,2,2024-01-27,401585274,LA Clippers,Boston Celtics,0,-7.0,232.0,115,96,26,29,36,24,21,18,21,36,0,DraftKings
nba,2024,2,2024-01-27,401585276,New Orleans Pelicans,Milwaukee Bucks,0,-4.0,243.0,117,141,32,31,24,30,36,39,37,29,0,DraftKings
nba,2024,2,2024-01-27,401585275,Utah Jazz,Charlotte Hornets,0,10.0,231.5,134,122,47,35,23,29,24,23,41,34,0,DraftKings
nba,2024,2,2024-01-27,401585277,Minnesota Timberwolves,San Antonio Spurs,0,10.5,228.0,112,113,36,28,26,22,23,29,28,33,0,DraftKings
nba,2024,2,2024-01-27,401585278,Los Angeles Lakers,Golden State Warriors,0,-1.5,243.5,145,144,33,35,23,27,30,33,36,19,2,DraftKings
nba,2024,2,2024-01-27,401585279,Sacramento Kings,Dallas Mavericks,0,4.0,245.5,120,115,29,34,31,26,25,24,26,40,0,DraftKings
nba,2024,2,2024-01-28,401585281,Toronto Raptors,Atlanta Hawks,0,-6.0,239.5,125,126,26,35,34,30,34,23,40,29,0,DraftKings
nba,2024,2,2024-01-28,401585282,Oklahoma City Thunder,Detroit Pistons,0,12.5,237.5,104,120,31,30,25,18,24,46,30,20,0,DraftKings
nba,2024,2,2024-01-28,401585280,Memphis Grizzlies,Indiana Pacers,0,-7.5,228.5,110,116,27,26,29,28,23,28,41,24,0,DraftKings
nba,2024,2,2024-01-28,401585284,Chicago Bulls,Portland Trail Blazers,0,6.0,222.5,104,96,26,27,23,28,23,19,33,21,0,DraftKings
nba,2024,2,2024-01-28,401585283,Phoenix Suns,Orlando Magic,0,1.5,227.0,98,113,37,19,29,13,26,25,31,31,0,DraftKings
nba,2024,2,2024-01-29,401585287,New Orleans Pelicans,Boston Celtics,0,-8.0,233.5,112,118,36,24,27,25,25,25,31,37,0,DraftKings
nba,2024,2,2024-01-29,401585286,LA Clippers,Cleveland Cavaliers,0,1.5,226.5,108,118,25,27,29,27,28,28,32,30,0,DraftKings
nba,2024,2,2024-01-29,401585285,New York Knicks,Charlotte Hornets,0,9.0,219.5,113,92,26,20,44,23,25,18,24,25,0,DraftKings
nba,2024,2,2024-01-29,401585288,Utah Jazz,Brooklyn Nets,0,1.0,236.0,114,147,28,29,30,27,43,28,33,43,0,DraftKings
nba,2024,2,2024-01-29,401585289,Phoenix Suns,Miami Heat,0,-2.0,230.0,118,105,33,29,38,18,25,24,25,31,0,DraftKings
nba,2024,2,2024-01-29,401585292,Minnesota Timberwolves,Oklahoma City Thunder,0,-2.5,225.0,107,101,29,20,24,34,28,19,30,24,0,DraftKings
nba,2024,2,2024-01-29,401585291,Sacramento Kings,Memphis Grizzlies,0,11.0,223.5,103,94,18,29,28,28,33,17,21,23,0,DraftKings
nba,2024,2,2024-01-29,401585293,Washington Wizards,San Antonio Spurs,0,-3.5,241.5,118,113,25,29,33,31,35,23,35,20,0,DraftKings
nba,2024,2,2024-01-29,401585290,Los Angeles Lakers,Houston Rockets,0,1.0,235.5,119,135,31,29,24,35,42,36,30,27,0,DraftKings
nba,2024,2,2024-01-29,401585294,Orlando Magic,Dallas Mavericks,0,-4.0,227.0,129,131,35,42,12,40,26,35,35,35,0,DraftKings
nba,2024,2,2024-01-29,401585295,Milwaukee Bucks,Denver Nuggets,0,-4.0,237.5,107,113,26,30,19,32,25,31,26,31,0,DraftKings
nba,2024,2,2024-01-30,401585298,Indiana Pacers,Boston Celtics,0,-8.0,249.0,124,129,26,40,37,21,36,45,25,23,0,DraftKings
nba,2024,2,2024-01-29,401585296,Philadelphia 76ers,Portland Trail Blazers,0,5.0,221.5,104,130,28,27,22,27,20,38,36,36,0,DraftKings
nba,2024,2,2024-01-30,401585297,Los Angeles Lakers,Atlanta Hawks,0,-6.0,248.0,122,138,29,27,32,34,36,31,36,35,0,DraftKings
nba,2024,2,2024-01-30,401585299,Utah Jazz,New York Knicks,0,-3.0,229.0,103,118,22,27,24,30,29,28,36,25,0,DraftKings
nba,2024,2,2024-01-30,401585300,Toronto Raptors,Chicago Bulls,0,-7.0,227.5,118,107,27,26,37,28,31,32,26,18,0,DraftKings
nba,2024,2,2024-01-31,401585302,Chicago Bulls,Charlotte Hornets,0,6.0,214.5,117,110,28,29,29,31,27,32,27,24,0,DraftKings
nba,2024,2,2024-01-30,401585301,Philadelphia 76ers,Golden State Warriors,0,-2.0,232.0,107,119,28,22,27,30,23,29,34,33,0,DraftKings
nba,2024,2,2024-01-31,401585303,Detroit Pistons,Cleveland Cavaliers,0,-13.5,231.5,121,128,23,34,34,30,30,34,32,32,0,DraftKings
nba,2024,2,2024-01-31,401585308,Dallas Mavericks,Minnesota Timberwolves,0,-13.0,221.0,87,121,21,27,22,17,24,28,31,38,0,DraftKings
nba,2024,2,2024-01-31,401585304,LA Clippers,Washington Wizards,0,9.5,235.5,125,109,37,29,40,19,35,25,19,30,0,DraftKings
nba,2024,2,2024-01-31,401585306,Sacramento Kings,Miami Heat,0,-2.5,228.0,106,115,22,33,29,22,28,31,31,25,0,DraftKings
nba,2024,2,2024-01-31,401585307,New Orleans Pelicans,Houston Rockets,0,-1.5,231.0,110,99,33,28,23,26,25,29,25,20,0,DraftKings
nba,2024,2,2024-01-31,401585309,Orlando Magic,San Antonio Spurs,0,6.0,226.0,108,98,27,30,34,17,30,21,21,26,0,DraftKings
nba,2024,2,2024-01-31,401585305,Phoenix Suns,Brooklyn Nets,0,3.5,234.0,136,120,30,34,42,30,30,31,26,33,0,DraftKings
nba,2024,2,2024-01-31,401585310,Denver Nuggets,Oklahoma City Thunder,0,-6.0,222.0,100,105,28,23,21,28,19,28,26,32,0,DraftKings
nba,2024,2,2024-01-31,401585311,Milwaukee Bucks,Portland Trail Blazers,0,10.5,237.5,116,119,38,27,26,25,37,30,29,23,0,DraftKings
nba,2024,2,2024-02-01,401585313,Indiana Pacers,New York Knicks,0,-2.0,235.0,105,109,36,22,26,21,26,25,28,30,0,DraftKings
nba,2024,2,2024-02-01,401585312,Los Angeles Lakers,Boston Celtics,0,-15.5,237.5,114,105,28,32,28,26,25,21,32,27,0,DraftKings
nba,2024,2,2024-02-01,401585314,Philadelphia 76ers,Utah Jazz,0,-4.5,241.5,127,124,39,32,22,34,32,29,32,31,0,DraftKings
nba,2024,2,2024-02-01,401585315,Cleveland Cavaliers,Memphis Grizzlies,0,8.5,215.0,108,101,27,24,30,27,27,31,22,21,0,DraftKings
nba,2024,2,2024-02-02,401585318,Phoenix Suns,Atlanta Hawks,0,3.0,251.0,120,129,30,33,32,25,33,33,34,29,0,DraftKings
nba,2024,2,2024-02-02,401585319,Sacramento Kings,Indiana Pacers,0,4.0,248.0,133,122,38,33,28,34,39,25,24,34,0,DraftKings
nba,2024,2,2024-02-02,401585316,LA Clippers,Detroit Pistons,0,12.0,239.5,136,125,27,38,36,35,33,26,31,35,0,DraftKings
nba,2024,2,2024-02-02,401585317,Miami Heat,Washington Wizards,0,7.5,228.0,110,102,31,25,31,23,33,26,15,28,0,DraftKings
nba,2024,2,2024-02-02,401585320,Toronto Raptors,Houston Rockets,0,-4.5,233.0,106,135,23,24,25,34,37,29,36,33,0,DraftKings
nba,2024,2,2024-02-02,401585324,New Orleans Pelicans,San Antonio Spurs,0,8.5,234.5,114,113,24,34,30,26,33,32,23,25,0,DraftKings
nba,2024,2,2024-02-02,401585322,Orlando Magic,Minnesota Timberwolves,0,-6.5,213.5,108,106,26,28,26,28,38,21,29,18,0,DraftKings
nba,2024,2,2024-02-02,401585323,Charlotte Hornets,Oklahoma City Thunder,0,-15.5,225.0,106,126,19,23,30,34,39,34,32,21,0,DraftKings
nba,2024,2,2024-02-02,401585321,Golden State Warriors,Memphis Grizzlies,0,7.5,225.5,121,101,24,33,28,36,23,24,26,28,0,DraftKings
nba,2024,2,2024-02-03,401585326,Brooklyn Nets,Philadelphia 76ers,0,-1.5,231.0,136,121,38,29,38,31,22,29,31,39,0,DraftKings
nba,2024,2,2024-02-02,401585325,Portland Trail Blazers,Denver Nuggets,0,-14.5,220.0,108,120,20,35,29,24,33,26,33,28,0,DraftKings
nba,2024,2,2024-02-03,401585327,Golden State Warriors,Atlanta Hawks,0,-2.5,246.0,134,141,33,31,25,34,28,36,25,34,1,DraftKings
nba,2024,2,2024-02-03,401585329,Los Angeles Lakers,New York Knicks,0,-2.0,226.0,113,105,27,32,21,33,25,34,27,19,0,DraftKings
nba,2024,2,2024-02-03,401585328,Sacramento Kings,Chicago Bulls,0,-1.0,228.5,123,115,32,39,20,32,25,27,29,34,0,DraftKings
nba,2024,2,2024-02-03,401585330,Milwaukee Bucks,Dallas Mavericks,0,3.5,246.5,129,117,20,40,33,36,44,21,27,25,0,DraftKings
nba,2024,2,2024-02-03,401585331,Cleveland Cavaliers,San Antonio Spurs,0,10.0,232.0,117,101,30,37,25,25,25,20,26,30,0,DraftKings
nba,2024,2,2024-02-04,401585333,Phoenix Suns,Washington Wizards,0,11.0,240.0,140,112,42,37,37,24,28,30,28,26,0,DraftKings
nba,2024,2,2024-02-04,401585332,Orlando Magic,Detroit Pistons,0,7.0,230.5,111,99,24,26,28,33,29,18,28,24,0,DraftKings
nba,2024,2,2024-02-04,401585336,LA Clippers,Miami Heat,0,5.0,223.0,103,95,19,24,26,34,22,21,24,28,0,DraftKings
nba,2024,2,2024-02-04,401585334,Memphis Grizzlies,Boston Celtics,0,-19.5,219.0,91,131,20,30,26,15,29,41,29,32,0,DraftKings
nba,2024,2,2024-02-04,401585338,Toronto Raptors,Oklahoma City Thunder,0,-8.5,236.5,127,135,33,30,24,23,23,24,34,29,2,DraftKings
nba,2024,2,2024-02-04,401585339,Milwaukee Bucks,Utah Jazz,0,-2.5,249.5,108,123,26,37,32,13,32,21,30,40,0,DraftKings
nba,2024,2,2024-02-04,401585337,Houston Rockets,Minnesota Timberwolves,0,-7.5,221.5,90,111,23,21,20,26,31,17,32,31,0,DraftKings
nba,2024,2,2024-02-04,401585335,Indiana Pacers,Charlotte Hornets,0,11.5,237.0,115,99,26,29,36,24,13,31,32,23,0,DraftKings
nba,2024,2,2024-02-05,401585341,Los Angeles Lakers,Charlotte Hornets,0,13.0,227.5,124,118,37,37,26,24,29,29,28,32,0,DraftKings
nba,2024,2,2024-02-04,401585340,Portland Trail Blazers,Denver Nuggets,0,-15.0,221.5,103,112,37,26,21,19,25,35,26,26,0,DraftKings
nba,2024,2,2024-02-05,401585343,Dallas Mavericks,Philadelphia 76ers,0,3.0,243.0,118,102,26,27,24,41,33,24,17,28,0,DraftKings
nba,2024,2,2024-02-05,401585342,Sacramento Kings,Cleveland Cavaliers,0,-5.0,235.0,110,136,34,25,33,18,39,35,32,30,0,DraftKings
nba,2024,2,2024-02-06,401585347,Houston Rockets,Indiana Pacers,0,-8.0,244.5,129,132,39,36,24,30,41,27,38,26,0,DraftKings
nba,2024,2,2024-02-05,401585345,Golden State Warriors,Brooklyn Nets,0,1.0,238.0,109,98,20,23,32,34,23,26,21,28,0,DraftKings
nba,2024,2,2024-02-05,401585344,LA Clippers,Atlanta Hawks,0,4.0,245.5,149,144,37,29,36,47,28,38,35,43,0,DraftKings
nba,2024,2,2024-02-05,401585346,Toronto Raptors,New Orleans Pelicans,0,-10.5,232.5,100,138,19,31,21,29,36,31,38,33,0,DraftKings
nba,2024,2,2024-02-06,401585348,Dallas Mavericks,Brooklyn Nets,0,2.5,236.0,119,107,31,34,30,24,24,23,30,30,0,DraftKings
nba,2024,2,2024-02-06,401585349,Orlando Magic,Miami Heat,0,-3.5,214.0,95,121,19,30,26,20,26,30,40,25,0,DraftKings
nba,2024,2,2024-02-06,401585351,Minnesota Timberwolves,Chicago Bulls,0,4.5,216.5,123,129,33,36,23,23,22,25,36,32,1,DraftKings
nba,2024,2,2024-02-06,401585350,Memphis Grizzlies,New York Knicks,0,-13.5,212.5,113,123,24,22,28,39,33,37,27,26,0,DraftKings
nba,2024,2,2024-02-07,401585354,Toronto Raptors,Charlotte Hornets,0,7.0,227.0,123,117,27,27,37,32,36,24,37,20,0,DraftKings
nba,2024,2,2024-02-06,401585352,Oklahoma City Thunder,Utah Jazz,0,3.0,237.0,117,124,33,35,24,25,28,33,35,28,0,DraftKings
nba,2024,2,2024-02-06,401585353,Milwaukee Bucks,Phoenix Suns,0,-5.5,242.0,106,114,23,26,24,33,22,26,31,35,0,DraftKings
nba,2024,2,2024-02-07,401585356,Cleveland Cavaliers,Washington Wizards,0,11.5,234.5,114,106,27,30,23,34,27,30,22,27,0,DraftKings
nba,2024,2,2024-02-07,401585355,Golden State Warriors,Philadelphia 76ers,0,3.0,236.0,127,104,15,33,43,36,22,23,23,36,0,DraftKings
nba,2024,2,2024-02-07,401585357,Atlanta Hawks,Boston Celtics,0,-12.0,244.0,117,125,37,30,23,27,35,36,24,30,0,DraftKings
nba,2024,2,2024-02-07,401585359,New Orleans Pelicans,LA Clippers,0,-5.0,234.5,117,106,36,19,24,38,19,28,22,37,0,DraftKings
nba,2024,2,2024-02-08,401585361,Golden State Warriors,Indiana Pacers,0,-5.5,248.5,131,109,45,25,25,36,34,24,18,33,0,DraftKings
nba,2024,2,2024-02-07,401585358,San Antonio Spurs,Miami Heat,0,-8.0,228.0,104,116,31,20,26,27,32,21,25,38,0,DraftKings
nba,2024,2,2024-02-07,401585360,Detroit Pistons,Sacramento Kings,0,-13.5,238.5,133,120,31,39,27,36,36,27,36,21,0,DraftKings
nba,2024,2,2024-02-08,401585363,Cleveland Cavaliers,Brooklyn Nets,0,7.5,224.0,118,95,32,27,31,28,21,30,18,26,0,DraftKings
nba,2024,2,2024-02-08,401585364,Dallas Mavericks,New York Knicks,0,6.5,223.5,122,108,28,31,28,35,22,26,23,37,0,DraftKings
nba,2024,2,2024-02-08,401585362,San Antonio Spurs,Orlando Magic,0,-10.5,224.5,111,127,20,24,41,26,23,38,37,29,0,DraftKings
nba,2024,2,2024-02-08,401585365,Chicago Bulls,Memphis Grizzlies,0,5.5,216.5,118,110,27,25,28,38,31,25,25,29,0,DraftKings
nba,2024,2,2024-02-08,401585366,Minnesota Timberwolves,Milwaukee Bucks,0,2.0,222.5,129,105,30,33,39,27,26,27,22,30,0,DraftKings
nba,2024,2,2024-02-08,401585367,Utah Jazz,Phoenix Suns,0,-5.0,239.0,115,129,28,38,24,25,40,35,34,20,0,DraftKings
nba,2024,2,2024-02-08,401585368,Denver Nuggets,Los Angeles Lakers,0,3.0,233.0,114,106,29,30,24,31,23,26,30,27,0,DraftKings
nba,2024,2,2024-02-09,401585370,Atlanta Hawks,Philadelphia 76ers,0,3.5,243.5,127,121,37,36,30,24,26,30,30,35,0,DraftKings
nba,2024,2,2024-02-08,401585369,Detroit Pistons,Portland Trail Blazers,0,-4.5,226.0,128,122,25,31,28,36,30,41,26,23,1,DraftKings
nba,2024,2,2024-02-09,401585371,Washington Wizards,Boston Celtics,0,-18.0,236.5,129,133,35,36,16,42,31,33,36,33,0,DraftKings
nba,2024,2,2024-02-09,401585372,Houston Rockets,Toronto Raptors,0,-2.5,235.5,104,107,20,29,22,33,34,27,27,19,0,DraftKings
nba,2024,2,2024-02-10,401585376,Oklahoma City Thunder,Dallas Mavericks,0,1.0,239.0,111,146,30,32,27,22,47,24,39,36,0,DraftKings
nba,2024,2,2024-02-09,401585375,New Orleans Pelicans,Los Angeles Lakers,0,2.5,237.5,122,139,39,35,28,20,36,51,28,24,0,DraftKings
nba,2024,2,2024-02-09,401585373,Charlotte Hornets,Milwaukee Bucks,0,-16.0,229.0,84,120,17,21,25,21,31,35,33,21,0,DraftKings
nba,2024,2,2024-02-10,401585377,Detroit Pistons,LA Clippers,0,-17.0,236.0,106,112,30,28,23,25,31,18,27,36,0,DraftKings
nba,2024,2,2024-02-09,401585374,Denver Nuggets,Sacramento Kings,0,-3.0,230.5,106,135,35,22,29,20,32,35,39,29,0,DraftKings
nba,2024,2,2024-02-10,401585380,Chicago Bulls,Orlando Magic,0,-5.0,218.0,108,114,24,26,36,15,26,26,28,21,1,DraftKings
nba,2024,2,2024-02-10,401585378,San Antonio Spurs,Brooklyn Nets,0,-6.0,232.0,103,123,30,18,27,28,33,27,33,30,0,DraftKings
nba,2024,2,2024-02-10,401585379,Memphis Grizzlies,Charlotte Hornets,0,5.5,216.0,106,115,28,21,27,30,25,33,27,30,0,DraftKings
nba,2024,2,2024-02-10,401585381,Philadelphia 76ers,Washington Wizards,0,5.5,243.0,119,113,33,26,31,29,26,30,24,33,0,DraftKings
nba,2024,2,2024-02-10,401585382,Houston Rockets,Atlanta Hawks,0,-7.0,240.5,113,122,31,18,35,29,19,38,38,27,0,DraftKings
nba,2024,2,2024-02-10,401585385,Phoenix Suns,Golden State Warriors,0,1.5,242.0,112,113,28,30,24,30,33,26,25,29,0,DraftKings
nba,2024,2,2024-02-10,401585384,Cleveland Cavaliers,Toronto Raptors,0,8.5,230.0,119,95,30,37,28,24,24,23,26,22,0,DraftKings
nba,2024,2,2024-02-11,401585387,Boston Celtics,Miami Heat,0,8.0,225.0,110,106,26,33,27,24,22,28,29,27,0,DraftKings
nba,2024,2,2024-02-10,401585383,Indiana Pacers,New York Knicks,0,2.5,237.5,125,111,26,35,30,34,27,31,24,29,0,DraftKings
nba,2024,2,2024-02-11,401585388,Sacramento Kings,Oklahoma City Thunder,0,-3.5,240.0,113,127,27,30,26,30,29,38,33,27,0,DraftKings
nba,2024,2,2024-02-10,401585386,New Orleans Pelicans,Portland Trail Blazers,0,8.5,219.0,93,84,29,18,17,29,24,16,23,21,0,DraftKings
nba,2024,2,2024-02-12,401585389,Indiana Pacers,Charlotte Hornets,0,10.0,238.5,102,111,24,25,31,22,25,23,33,30,0,DraftKings
nba,2024,2,2024-02-12,401585391,Chicago Bulls,Atlanta Hawks,0,-5.0,240.5,136,126,26,34,37,39,33,26,33,34,0,DraftKings
nba,2024,2,2024-02-12,401585390,Philadelphia 76ers,Cleveland Cavaliers,0,-11.0,231.0,123,121,34,32,25,32,33,29,30,29,0,DraftKings
nba,2024,2,2024-02-12,401585392,San Antonio Spurs,Toronto Raptors,0,-6.0,236.0,122,99,34,33,36,19,28,22,25,24,0,DraftKings
nba,2024,2,2024-02-12,401585394,New Orleans Pelicans,Memphis Grizzlies,0,9.5,221.0,96,87,31,30,25,10,26,21,26,14,0,DraftKings
nba,2024,2,2024-02-12,401585393,New York Knicks,Houston Rockets,0,-1.0,224.0,103,105,22,21,28,32,29,28,17,31,0,DraftKings
nba,2024,2,2024-02-12,401585396,Washington Wizards,Dallas Mavericks,0,-12.0,247.5,104,112,22,36,30,16,26,25,27,34,0,DraftKings
nba,2024,2,2024-02-12,401585395,Denver Nuggets,Milwaukee Bucks,0,-1.0,230.0,95,112,23,21,19,32,28,32,31,21,0,DraftKings
nba,2024,2,2024-02-12,401585397,Golden State Warriors,Utah Jazz,0,1.0,240.0,129,107,34,29,30,36,26,29,25,27,0,DraftKings
nba,2024,2,2024-02-12,401585398,Minnesota Timberwolves,LA Clippers,0,-5.0,223.5,121,100,28,21,40,32,24,29,19,28,0,DraftKings
nba,2024,2,2024-02-13,401585400,Oklahoma City Thunder,Orlando Magic,0,3.0,223.0,127,113,31,29,32,35,32,20,30,31,0,DraftKings
nba,2024,2,2024-02-13,401585399,Boston Celtics,Brooklyn Nets,0,8.0,226.5,118,110,36,36,26,20,30,27,25,28,0,DraftKings
nba,2024,2,2024-02-13,401585401,Miami Heat,Milwaukee Bucks,0,-7.0,224.0,123,97,40,29,29,25,28,24,24,21,0,DraftKings
nba,2024,2,2024-02-13,401585403,Minnesota Timberwolves,Portland Trail Blazers,0,8.5,213.5,121,109,37,22,25,37,25,26,32,26,0,DraftKings
nba,2024,2,2024-02-13,401585402,Sacramento Kings,Phoenix Suns,0,-4.5,245.0,125,130,39,28,25,33,38,26,30,36,0,DraftKings
nba,2024,2,2024-02-14,401585405,Atlanta Hawks,Charlotte Hornets,0,7.5,239.0,99,122,31,24,25,19,29,32,35,26,0,DraftKings
nba,2024,2,2024-02-14,401585406,New York Knicks,Orlando Magic,0,-3.5,210.5,100,118,36,19,22,23,27,38,24,29,0,DraftKings
nba,2024,2,2024-02-14,401585408,Brooklyn Nets,Boston Celtics,0,-11.5,227.5,86,136,15,17,23,31,30,38,33,35,0,DraftKings
nba,2024,2,2024-02-13,401585404,Detroit Pistons,Los Angeles Lakers,0,-12.0,244.5,111,125,24,24,31,32,34,37,28,26,0,DraftKings
nba,2024,2,2024-02-14,401585407,Miami Heat,Philadelphia 76ers,0,-2.5,227.0,109,104,33,27,23,26,33,29,20,22,0,DraftKings
nba,2024,2,2024-02-14,401585409,Chicago Bulls,Cleveland Cavaliers,0,-9.0,223.5,105,108,32,17,27,29,25,18,28,37,0,DraftKings
nba,2024,2,2024-02-14,401585410,Indiana Pacers,Toronto Raptors,0,2.5,246.5,127,125,31,34,36,26,35,36,32,22,0,DraftKings
nba,2024,2,2024-02-14,401585411,Houston Rockets,Memphis Grizzlies,0,2.0,218.0,113,121,21,28,32,32,36,22,26,37,0,DraftKings
nba,2024,2,2024-02-14,401585412,Washington Wizards,New Orleans Pelicans,0,-14.5,234.5,126,133,26,34,38,28,31,37,31,34,0,DraftKings
nba,2024,2,2024-02-14,401585413,San Antonio Spurs,Dallas Mavericks,0,-11.0,244.0,93,116,32,19,14,28,25,31,32,28,0,DraftKings
nba,2024,2,2024-02-14,401585414,Sacramento Kings,Denver Nuggets,0,-5.5,229.0,102,98,16,25,30,31,27,26,21,24,0,DraftKings
nba,2024,2,2024-02-14,401585415,Detroit Pistons,Phoenix Suns,0,-13.5,238.0,100,116,25,16,28,31,37,33,29,17,0,DraftKings
nba,2024,2,2024-02-14,401585416,Los Angeles Lakers,Utah Jazz,0,-4.5,240.5,138,122,34,36,38,30,28,41,23,30,0,DraftKings
nba,2024,2,2024-02-14,401585417,LA Clippers,Golden State Warriors,0,-3.0,237.5,130,125,23,29,34,44,30,29,38,28,0,DraftKings
nba,2024,2,2024-02-15,401585418,Milwaukee Bucks,Memphis Grizzlies,0,14.0,222.5,110,113,26,31,28,25,29,28,37,19,0,DraftKings
nba,2024,2,2024-02-15,401636113,Golden State Warriors,Utah Jazz,0,2.5,240.5,140,137,36,48,36,20,39,32,31,35,0,DraftKings
nba,2024,2,2024-02-22,401585420,Orlando Magic,Cleveland Cavaliers,0,-5.0,214.0,116,109,29,25,32,30,24,26,32,27,0,DraftKings
nba,2024,2,2024-02-22,401585421,Detroit Pistons,Indiana Pacers,0,-12.0,246.5,115,129,25,18,45,27,42,30,30,27,0,DraftKings
nba,2024,2,2024-02-15,401585419,Minnesota Timberwolves,Portland Trail Blazers,0,9.5,216.0,128,91,44,22,33,29,14,37,25,15,0,DraftKings
nba,2024,2,2024-02-22,401585422,New York Knicks,Philadelphia 76ers,0,-1.0,228.5,110,96,32,37,22,19,21,25,35,15,0,DraftKings
nba,2024,2,2024-02-22,401585425,Boston Celtics,Chicago Bulls,0,8.5,224.0,129,112,31,28,37,33,23,39,21,29,0,DraftKings
nba,2024,2,2024-02-22,401585423,Brooklyn Nets,Toronto Raptors,0,-1.0,231.0,93,121,21,27,23,22,30,29,23,39,0,DraftKings
nba,2024,2,2024-02-22,401585424,Phoenix Suns,Dallas Mavericks,0,-2.5,244.5,113,123,33,30,28,22,32,28,36,27,0,DraftKings
nba,2024,2,2024-02-22,401585426,Houston Rockets,New Orleans Pelicans,0,-6.5,227.5,105,127,27,23,29,26,31,32,38,26,0,DraftKings
nba,2024,2,2024-02-22,401585427,LA Clippers,Oklahoma City Thunder,0,-1.5,236.0,107,129,33,26,23,25,35,26,35,33,0,DraftKings
nba,2024,2,2024-02-22,401585429,Charlotte Hornets,Utah Jazz,0,-9.5,229.5,115,107,34,22,29,30,26,26,38,17,0,DraftKings
nba,2024,2,2024-02-22,401585428,Washington Wizards,Denver Nuggets,0,-15.5,233.0,110,130,25,24,34,27,38,34,29,29,0,DraftKings
nba,2024,2,2024-02-22,401585431,San Antonio Spurs,Sacramento Kings,0,-10.5,243.0,122,127,32,25,30,35,30,35,28,34,0,DraftKings
nba,2024,2,2024-02-22,401585430,Los Angeles Lakers,Golden State Warriors,0,-5.5,243.5,110,128,28,28,26,28,31,36,31,30,0,DraftKings
nba,2024,2,2024-02-23,401585432,Toronto Raptors,Atlanta Hawks,0,-7.0,244.0,123,121,33,32,31,27,22,42,26,31,0,DraftKings
nba,2024,2,2024-02-23,401585434,Phoenix Suns,Houston Rockets,0,2.5,235.0,110,114,28,24,24,34,20,37,32,25,0,DraftKings
nba,2024,2,2024-02-23,401585433,Cleveland Cavaliers,Philadelphia 76ers,0,2.0,225.5,97,104,25,25,20,27,25,28,21,30,0,DraftKings
nba,2024,2,2024-02-23,401585436,Milwaukee Bucks,Minnesota Timberwolves,0,-4.0,226.0,112,107,31,20,36,25,27,30,13,37,0,DraftKings
nba,2024,2,2024-02-23,401585435,LA Clippers,Memphis Grizzlies,0,9.0,224.5,101,95,29,24,26,22,29,30,16,20,0,DraftKings
nba,2024,2,2024-02-23,401585439,Charlotte Hornets,Golden State Warriors,0,-12.5,228.0,84,97,15,14,23,32,22,21,30,24,0,DraftKings
nba,2024,2,2024-02-23,401585437,Washington Wizards,Oklahoma City Thunder,0,-16.0,242.5,106,147,28,29,24,25,41,39,37,30,0,DraftKings
nba,2024,2,2024-02-23,401585438,Miami Heat,New Orleans Pelicans,0,-2.0,220.0,106,95,31,27,26,22,24,34,22,15,0,DraftKings
nba,2024,2,2024-02-23,401585440,Denver Nuggets,Portland Trail Blazers,0,8.0,216.0,127,112,25,38,32,32,20,28,29,35,0,DraftKings
nba,2024,2,2024-02-23,401585441,San Antonio Spurs,Los Angeles Lakers,0,-11.0,241.5,118,123,26,33,31,28,30,36,31,26,0,DraftKings
nba,2024,2,2024-02-24,401585444,Boston Celtics,New York Knicks,0,6.0,225.0,116,102,30,32,35,19,26,32,26,18,0,DraftKings
nba,2024,2,2024-02-24,401585442,Orlando Magic,Detroit Pistons,0,8.0,225.0,112,109,32,33,25,22,30,25,30,24,0,DraftKings
nba,2024,2,2024-02-24,401585443,Brooklyn Nets,Minnesota Timberwolves,0,-7.5,221.0,86,101,22,23,21,20,23,19,28,31,0,DraftKings
nba,2024,2,2024-02-25,401585445,Milwaukee Bucks,Philadelphia 76ers,0,4.5,234.5,119,98,35,34,26,24,21,27,34,16,0,DraftKings
nba,2024,2,2024-02-25,401585447,Dallas Mavericks,Indiana Pacers,0,2.0,251.5,111,133,32,28,31,20,32,35,33,33,0,DraftKings
nba,2024,2,2024-02-25,401585449,Orlando Magic,Atlanta Hawks,0,-2.0,222.5,92,109,22,29,19,22,19,26,38,26,0,DraftKings
nba,2024,2,2024-02-25,401585446,Los Angeles Lakers,Phoenix Suns,0,-3.5,241.5,113,123,28,35,27,23,45,27,23,28,0,DraftKings
nba,2024,2,2024-02-25,401585448,Cleveland Cavaliers,Washington Wizards,0,13.5,235.0,114,105,27,28,32,27,31,23,26,25,0,DraftKings
nba,2024,2,2024-02-25,401585450,Oklahoma City Thunder,Houston Rockets,0,6.5,233.0,123,110,31,26,30,36,34,28,21,27,0,DraftKings
nba,2024,2,2024-02-25,401585451,Chicago Bulls,New Orleans Pelicans,0,-5.0,224.5,114,106,28,29,24,33,21,39,22,24,0,DraftKings
nba,2024,2,2024-02-25,401585454,Charlotte Hornets,Portland Trail Blazers,0,-3.5,213.5,93,80,24,23,23,23,18,16,25,21,0,DraftKings
nba,2024,2,2024-02-25,401585453,San Antonio Spurs,Utah Jazz,0,-7.0,239.5,109,128,18,21,35,35,32,31,30,35,0,DraftKings
nba,2024,2,2024-02-25,401585452,Denver Nuggets,Golden State Warriors,0,-2.0,232.5,119,103,30,31,30,28,36,25,26,16,0,DraftKings
nba,2024,2,2024-02-25,401585455,Sacramento Kings,LA Clippers,0,-4.0,238.5,123,107,25,33,31,34,28,23,29,27,0,DraftKings
nba,2024,2,2024-02-26,401585456,Detroit Pistons,New York Knicks,0,-11.0,225.0,111,113,27,31,26,27,29,33,30,21,0,DraftKings
nba,2024,2,2024-02-26,401585457,Toronto Raptors,Indiana Pacers,0,-5.5,246.0,130,122,30,31,29,40,28,28,31,35,0,DraftKings
nba,2024,2,2024-02-26,401585459,Miami Heat,Sacramento Kings,0,-7.5,223.5,121,110,32,33,36,20,33,29,19,29,0,DraftKings
nba,2024,2,2024-02-27,401585460,Dallas Mavericks,Cleveland Cavaliers,0,-4.0,230.5,119,121,24,32,26,37,23,37,23,38,0,DraftKings
nba,2024,2,2024-02-26,401585458,Brooklyn Nets,Memphis Grizzlies,0,2.0,214.5,111,86,30,36,23,22,18,22,26,20,0,DraftKings
nba,2024,2,2024-02-27,401585462,Golden State Warriors,Washington Wizards,0,10.5,245.5,123,112,23,37,38,25,25,33,17,37,0,DraftKings
nba,2024,2,2024-02-27,401585463,Utah Jazz,Atlanta Hawks,0,-2.0,238.5,97,124,18,26,25,28,26,29,34,35,0,DraftKings
nba,2024,2,2024-02-27,401585461,Brooklyn Nets,Orlando Magic,0,-9.0,212.5,81,108,25,19,15,22,33,25,30,20,0,DraftKings
nba,2024,2,2024-02-27,401585465,New Orleans Pelicans,New York Knicks,0,6.5,214.5,115,92,26,22,26,41,19,28,20,25,0,DraftKings
nba,2024,2,2024-02-27,401585464,Philadelphia 76ers,Boston Celtics,0,-11.5,231.5,99,117,30,21,24,24,30,23,33,31,0,DraftKings
nba,2024,2,2024-02-27,401585466,San Antonio Spurs,Minnesota Timberwolves,0,-13.0,223.5,105,114,21,22,24,38,29,29,27,29,0,DraftKings
nba,2024,2,2024-02-27,401585467,Detroit Pistons,Chicago Bulls,0,-10.5,223.0,105,95,22,28,29,26,29,26,22,18,0,DraftKings
nba,2024,2,2024-02-27,401585468,Charlotte Hornets,Milwaukee Bucks,0,-14.0,219.5,85,123,16,10,23,36,32,26,38,27,0,DraftKings
nba,2024,2,2024-02-27,401585470,Miami Heat,Portland Trail Blazers,0,6.5,212.5,106,96,15,31,34,26,28,28,20,20,0,DraftKings
nba,2024,2,2024-02-28,401585471,New Orleans Pelicans,Indiana Pacers,0,-4.0,239.5,114,123,24,29,33,28,40,24,32,27,0,DraftKings
nba,2024,2,2024-02-28,401585472,Dallas Mavericks,Toronto Raptors,0,3.5,241.0,136,125,36,30,40,30,34,33,25,33,0,DraftKings
nba,2024,2,2024-02-27,401585469,Houston Rockets,Oklahoma City Thunder,0,-10.0,233.5,95,112,29,21,24,21,28,32,24,28,0,DraftKings
nba,2024,2,2024-02-28,401585473,Memphis Grizzlies,Minnesota Timberwolves,0,-13.5,210.0,101,110,26,27,32,16,24,26,38,22,0,DraftKings
nba,2024,2,2024-02-28,401585474,Cleveland Cavaliers,Chicago Bulls,0,5.5,217.0,123,132,32,21,28,22,23,29,26,25,2,DraftKings
nba,2024,2,2024-02-28,401585475,Sacramento Kings,Denver Nuggets,0,-7.5,227.5,96,117,35,20,17,24,28,37,35,17,0,DraftKings
nba,2024,2,2024-02-28,401585476,Los Angeles Lakers,LA Clippers,0,-3.0,236.0,116,112,29,23,25,39,30,36,30,16,0,DraftKings
nba,2024,2,2024-02-29,401585477,Milwaukee Bucks,Charlotte Hornets,0,11.5,218.5,111,99,35,35,22,19,25,26,23,25,0,ESPN BET
nba,2024,2,2024-02-29,401585479,Atlanta Hawks,Brooklyn Nets,0,-1.0,220.0,97,124,16,34,25,22,34,22,38,30,0,DraftKings
nba,2024,2,2024-02-29,401585478,Utah Jazz,Orlando Magic,0,-6.5,226.0,107,115,21,30,31,25,29,24,27,35,0,DraftKings
nba,2024,2,2024-02-29,401585480,Golden State Warriors,New York Knicks,0,3.5,223.5,110,99,31,24,25,30,19,27,24,29,0,DraftKings
nba,2024,2,2024-02-29,401585481,Oklahoma City Thunder,San Antonio Spurs,0,11.0,239.0,118,132,37,27,32,22,37,32,29,34,0,DraftKings
nba,2024,2,2024-02-29,401585482,Houston Rockets,Phoenix Suns,0,-8.5,231.5,105,110,17,36,22,30,33,31,22,24,0,DraftKings
nba,2024,2,2024-02-29,401585483,Miami Heat,Denver Nuggets,0,-6.5,214.0,97,103,20,31,19,27,36,20,27,20,0,DraftKings
nba,2024,2,2024-03-01,401585485,Cleveland Cavaliers,Detroit Pistons,0,7.0,219.0,110,100,32,31,28,19,24,24,22,30,0,DraftKings
nba,2024,2,2024-02-29,401585484,Washington Wizards,Los Angeles Lakers,0,-10.5,244.5,131,134,34,35,26,31,31,39,29,27,1,DraftKings
nba,2024,2,2024-03-01,401585486,Charlotte Hornets,Philadelphia 76ers,0,-12.0,213.0,114,121,27,36,21,30,32,26,30,33,0,DraftKings
nba,2024,2,2024-03-01,401585489,Portland Trail Blazers,Memphis Grizzlies,0,-1.0,209.0,122,92,17,34,40,31,21,24,27,20,0,DraftKings
nba,2024,2,2024-03-01,401585487,Dallas Mavericks,Boston Celtics,0,-8.5,237.0,110,138,32,27,31,20,38,28,36,36,0,DraftKings
nba,2024,2,2024-03-01,401585488,Golden State Warriors,Toronto Raptors,0,2.5,237.5,120,105,28,33,32,27,31,33,19,22,0,DraftKings
nba,2024,2,2024-03-01,401585490,Sacramento Kings,Minnesota Timberwolves,0,-8.0,222.0,124,120,30,30,31,24,22,37,23,33,1,DraftKings
nba,2024,2,2024-03-01,401585492,Milwaukee Bucks,Chicago Bulls,0,3.5,221.5,113,97,33,25,24,31,24,20,28,25,0,DraftKings
nba,2024,2,2024-03-01,401585491,Indiana Pacers,New Orleans Pelicans,0,-5.5,238.5,102,129,26,30,16,30,48,29,31,21,0,DraftKings
nba,2024,2,2024-03-01,401585493,Washington Wizards,LA Clippers,0,-15.5,238.5,115,140,30,34,21,30,33,46,31,30,0,DraftKings
nba,2024,2,2024-03-02,401585495,Utah Jazz,Miami Heat,0,-9.0,223.5,120,126,34,28,28,30,30,28,32,36,0,DraftKings
nba,2024,2,2024-03-02,401585494,Atlanta Hawks,Brooklyn Nets,0,1.0,218.0,102,114,28,34,18,22,21,39,30,24,0,DraftKings
nba,2024,2,2024-03-02,401585496,Portland Trail Blazers,Memphis Grizzlies,0,-2.5,210.0,107,100,25,22,14,34,20,31,27,17,1,DraftKings
nba,2024,2,2024-03-02,401585497,Denver Nuggets,Los Angeles Lakers,0,1.0,230.5,124,114,27,31,31,35,33,33,23,25,0,DraftKings
nba,2024,2,2024-03-02,401585498,Houston Rockets,Phoenix Suns,0,-9.0,231.5,118,109,38,16,35,29,19,25,35,30,0,DraftKings
nba,2024,2,2024-03-03,401585500,Golden State Warriors,Boston Celtics,0,-8.0,231.0,88,140,22,16,24,26,44,38,33,25,0,DraftKings
nba,2024,2,2024-03-03,401585499,Philadelphia 76ers,Dallas Mavericks,0,-7.5,238.0,120,116,32,24,34,30,22,29,25,40,0,DraftKings
nba,2024,2,2024-03-03,401585502,Detroit Pistons,Orlando Magic,0,-11.0,217.0,91,113,27,23,21,20,31,28,30,24,0,DraftKings
nba,2024,2,2024-03-03,401585501,LA Clippers,Minnesota Timberwolves,0,-2.5,219.5,89,88,18,31,18,22,30,16,22,20,0,DraftKings
nba,2024,2,2024-03-03,401585504,New York Knicks,Cleveland Cavaliers,0,-4.5,208.5,107,98,28,23,36,20,19,34,25,20,0,DraftKings
nba,2024,2,2024-03-03,401585503,Charlotte Hornets,Toronto Raptors,0,-7.0,223.5,106,111,29,19,27,31,27,25,30,29,0,DraftKings
nba,2024,2,2024-03-03,401585505,Indiana Pacers,San Antonio Spurs,0,6.5,243.0,105,117,16,32,29,28,26,26,34,31,0,DraftKings
nba,2024,2,2024-03-03,401585506,Oklahoma City Thunder,Phoenix Suns,0,4.5,232.0,118,110,28,38,23,29,24,28,33,25,0,DraftKings
nba,2024,2,2024-03-04,401585508,LA Clippers,Milwaukee Bucks,0,3.0,222.0,106,113,35,20,26,25,25,23,25,40,0,DraftKings
nba,2024,2,2024-03-04,401585507,Memphis Grizzlies,Brooklyn Nets,0,-9.5,206.5,106,102,29,24,27,26,31,21,25,25,0,DraftKings
nba,2024,2,2024-03-04,401585509,Portland Trail Blazers,Minnesota Timberwolves,0,-15.5,210.5,114,119,26,22,34,32,28,27,33,31,0,DraftKings
nba,2024,2,2024-03-04,401585510,Washington Wizards,Utah Jazz,0,-5.0,241.5,115,127,41,34,26,14,35,39,28,25,0,DraftKings
nba,2024,2,2024-03-04,401585511,Chicago Bulls,Sacramento Kings,0,-6.0,229.5,113,109,22,27,28,36,36,20,35,18,0,DraftKings
nba,2024,2,2024-03-04,401585512,Oklahoma City Thunder,Los Angeles Lakers,0,1.0,239.0,104,116,25,18,29,32,25,27,37,27,0,DraftKings
nba,2024,2,2024-03-05,401585513,Orlando Magic,Charlotte Hornets,0,8.5,208.0,101,89,25,20,30,26,20,23,23,23,0,DraftKings
nba,2024,2,2024-03-05,401585514,Boston Celtics,Cleveland Cavaliers,0,8.5,217.0,104,105,33,22,32,17,25,20,26,34,0,DraftKings
nba,2024,2,2024-03-05,401585516,Detroit Pistons,Miami Heat,0,-11.0,218.0,110,118,26,34,28,22,36,25,32,25,0,DraftKings
nba,2024,2,2024-03-05,401585515,Philadelphia 76ers,Brooklyn Nets,0,1.0,212.5,107,112,30,27,26,24,23,33,24,32,0,DraftKings
nba,2024,2,2024-03-05,401585518,New Orleans Pelicans,Toronto Raptors,0,9.5,230.5,139,98,42,26,38,33,28,17,31,22,0,DraftKings
nba,2024,2,2024-03-05,401585519,San Antonio Spurs,Houston Rockets,0,-7.0,227.0,101,114,21,32,24,24,26,21,33,34,0,DraftKings
nba,2024,2,2024-03-05,401585517,Atlanta Hawks,New York Knicks,0,-1.5,213.5,116,100,33,28,22,33,15,35,28,22,0,DraftKings
nba,2024,2,2024-03-06,401585522,Orlando Magic,Washington Wizards,0,7.0,225.0,119,109,23,30,31,35,34,31,18,26,0,DraftKings
nba,2024,2,2024-03-05,401585520,Indiana Pacers,Dallas Mavericks,0,-5.5,247.5,137,120,35,39,32,31,32,38,18,32,0,DraftKings
nba,2024,2,2024-03-05,401585521,Phoenix Suns,Denver Nuggets,0,-8.5,225.0,117,107,28,37,25,12,32,18,31,21,1,DraftKings
nba,2024,2,2024-03-06,401585524,Memphis Grizzlies,Philadelphia 76ers,0,-4.0,214.0,115,109,37,19,25,34,31,33,29,16,0,DraftKings
nba,2024,2,2024-03-06,401585523,Cleveland Cavaliers,Atlanta Hawks,0,-3.0,217.0,101,112,28,21,40,12,31,33,23,25,0,DraftKings
nba,2024,2,2024-03-06,401585525,LA Clippers,Houston Rockets,0,6.5,222.5,122,116,19,25,36,42,27,30,29,30,0,DraftKings
nba,2024,2,2024-03-06,401585526,Chicago Bulls,Utah Jazz,0,4.0,224.0,119,117,33,30,30,26,29,25,29,34,0,DraftKings
nba,2024,2,2024-03-06,401585527,Milwaukee Bucks,Golden State Warriors,0,-2.5,230.5,90,125,32,26,23,9,40,38,15,32,0,DraftKings
nba,2024,2,2024-03-06,401585528,Oklahoma City Thunder,Portland Trail Blazers,0,13.0,225.0,128,120,32,33,32,31,27,30,30,33,0,DraftKings
nba,2024,2,2024-03-06,401585529,Sacramento Kings,Los Angeles Lakers,0,-3.0,241.0,130,120,28,44,32,26,37,20,35,28,0,DraftKings
nba,2024,2,2024-03-07,401585530,Brooklyn Nets,Detroit Pistons,0,2.0,215.0,112,118,16,41,24,31,26,28,31,33,0,DraftKings
nba,2024,2,2024-03-07,401585531,Minnesota Timberwolves,Indiana Pacers,0,-1.0,228.0,113,111,33,27,23,30,23,26,34,28,0,DraftKings
nba,2024,2,2024-03-07,401585532,Miami Heat,Dallas Mavericks,0,-4.5,231.0,108,114,36,22,25,25,28,26,37,23,0,DraftKings
nba,2024,2,2024-03-07,401585533,Toronto Raptors,Phoenix Suns,0,-10.5,235.5,113,120,25,28,29,31,39,28,22,31,0,DraftKings
nba,2024,2,2024-03-07,401585535,Chicago Bulls,Golden State Warriors,0,-8.5,223.0,125,122,25,38,36,26,31,28,30,33,0,DraftKings
nba,2024,2,2024-03-07,401585536,San Antonio Spurs,Sacramento Kings,0,-12.0,235.5,129,131,31,28,36,34,30,41,29,31,0,DraftKings
nba,2024,2,2024-03-08,401585537,New Orleans Pelicans,Philadelphia 76ers,0,7.5,222.0,103,95,36,27,21,19,15,19,27,34,0,DraftKings
nba,2024,2,2024-03-08,401585539,Minnesota Timberwolves,Cleveland Cavaliers,0,-1.0,206.0,104,113,23,27,30,17,25,29,25,18,1,DraftKings
nba,2024,2,2024-03-08,401585541,Atlanta Hawks,Memphis Grizzlies,0,3.5,215.0,99,92,20,26,34,19,31,15,26,20,0,DraftKings
nba,2024,2,2024-03-07,401585534,Boston Celtics,Denver Nuggets,0,2.0,221.0,109,115,28,26,26,29,30,32,28,25,0,DraftKings
nba,2024,2,2024-03-08,401585538,Charlotte Hornets,Washington Wizards,0,-2.5,225.5,100,112,16,29,31,24,24,24,20,44,0,DraftKings
nba,2024,2,2024-03-08,401585540,Orlando Magic,New York Knicks,0,-2.5,207.5,74,98,23,16,15,20,31,24,25,18,0,DraftKings
nba,2024,2,2024-03-08,401585542,Miami Heat,Oklahoma City Thunder,0,-8.5,226.5,100,107,29,28,16,27,27,20,30,30,0,DraftKings
nba,2024,2,2024-03-08,401585543,Milwaukee Bucks,Los Angeles Lakers,0,4.0,229.0,122,123,30,33,27,32,27,40,29,27,0,DraftKings
nba,2024,2,2024-03-08,401585544,Houston Rockets,Portland Trail Blazers,0,6.5,219.0,123,107,28,27,37,31,31,32,24,20,0,DraftKings
nba,2024,2,2024-03-09,401585545,Chicago Bulls,LA Clippers,0,-8.0,220.0,102,112,29,28,28,17,23,23,37,29,0,DraftKings
nba,2024,2,2024-03-09,401585546,Brooklyn Nets,Charlotte Hornets,0,6.0,206.5,99,110,35,17,30,17,31,32,27,20,0,DraftKings
nba,2024,2,2024-03-09,401585547,Dallas Mavericks,Detroit Pistons,0,9.0,238.0,142,124,35,34,35,38,33,32,23,36,0,DraftKings
nba,2024,2,2024-03-09,401585548,Boston Celtics,Phoenix Suns,0,5.0,226.0,117,107,31,31,25,30,26,24,28,29,0,DraftKings
nba,2024,2,2024-03-09,401585549,San Antonio Spurs,Golden State Warriors,0,-12.5,226.5,126,113,32,30,34,30,27,16,36,34,0,DraftKings
nba,2024,2,2024-03-09,401585551,Toronto Raptors,Portland Trail Blazers,0,2.5,228.5,118,128,16,30,35,32,33,30,29,21,1,DraftKings
nba,2024,2,2024-03-09,401585550,Utah Jazz,Denver Nuggets,0,-12.5,227.0,121,142,22,22,44,33,38,40,24,40,0,DraftKings
nba,2024,2,2024-03-10,401585552,Milwaukee Bucks,LA Clippers,0,6.5,221.5,124,117,29,30,32,33,33,29,23,32,0,DraftKings
nba,2024,2,2024-03-10,401585556,Indiana Pacers,Orlando Magic,0,0.0,222.0,111,97,18,29,39,25,24,26,21,26,0,DraftKings
nba,2024,2,2024-03-10,401585555,Philadelphia 76ers,New York Knicks,0,-7.0,212.0,79,73,15,22,26,16,15,16,25,17,0,DraftKings
nba,2024,2,2024-03-10,401585554,Washington Wizards,Miami Heat,0,-11.5,228.5,110,108,25,23,33,29,27,27,28,26,0,DraftKings
nba,2024,2,2024-03-10,401585553,New Orleans Pelicans,Atlanta Hawks,0,6.5,222.0,116,103,26,27,27,36,20,22,23,38,0,DraftKings
nba,2024,2,2024-03-10,401585557,Houston Rockets,Sacramento Kings,0,-6.5,234.0,112,104,23,31,32,26,30,29,14,31,0,DraftKings
nba,2024,2,2024-03-10,401585558,Brooklyn Nets,Cleveland Cavaliers,0,-6.5,208.5,120,101,29,23,44,24,28,23,29,21,0,DraftKings
nba,2024,2,2024-03-10,401585560,Minnesota Timberwolves,Los Angeles Lakers,0,-4.5,225.0,109,120,28,40,24,17,32,37,22,29,0,DraftKings
nba,2024,2,2024-03-10,401585559,Memphis Grizzlies,Oklahoma City Thunder,0,-15.0,219.0,93,124,24,19,25,25,38,26,38,22,0,DraftKings
nba,2024,2,2024-03-11,401585562,Phoenix Suns,Cleveland Cavaliers,0,7.0,220.5,117,111,32,31,34,20,41,29,21,20,0,DraftKings
nba,2024,2,2024-03-11,401585561,Charlotte Hornets,Detroit Pistons,0,-5.0,217.5,97,114,23,23,21,30,34,19,33,28,0,DraftKings
nba,2024,2,2024-03-11,401585563,Dallas Mavericks,Chicago Bulls,0,4.0,233.0,127,92,44,18,36,29,16,26,22,28,0,DraftKings
nba,2024,2,2024-03-11,401585564,Golden State Warriors,San Antonio Spurs,0,5.0,225.5,112,102,29,29,32,22,37,23,18,24,0,DraftKings
nba,2024,2,2024-03-11,401585565,Toronto Raptors,Denver Nuggets,0,-17.0,232.0,119,125,34,34,30,21,32,19,42,32,0,DraftKings
nba,2024,2,2024-03-11,401585566,Boston Celtics,Portland Trail Blazers,0,11.0,221.0,121,99,37,29,22,33,28,24,23,24,0,DraftKings
nba,2024,2,2024-03-12,401585567,Philadelphia 76ers,New York Knicks,0,-6.0,208.5,79,106,14,27,20,18,26,33,28,19,0,DraftKings
nba,2024,2,2024-03-12,401585571,Boston Celtics,Utah Jazz,0,6.5,230.5,123,107,44,28,26,25,33,24,34,16,0,DraftKings
nba,2024,2,2024-03-12,401585568,Washington Wizards,Memphis Grizzlies,0,2.0,222.5,97,109,21,21,33,22,29,38,25,17,0,DraftKings
nba,2024,2,2024-03-12,401585570,Houston Rockets,San Antonio Spurs,0,3.0,221.0,103,101,24,20,32,27,30,17,25,29,0,DraftKings
nba,2024,2,2024-03-12,401585572,Minnesota Timberwolves,LA Clippers,0,-5.5,214.0,118,100,21,34,29,34,34,29,15,22,0,DraftKings
nba,2024,2,2024-03-12,401585569,Indiana Pacers,Oklahoma City Thunder,0,-5.5,241.0,121,111,22,36,36,27,17,29,41,24,0,DraftKings
nba,2024,2,2024-03-12,401585573,Milwaukee Bucks,Sacramento Kings,0,-2.0,235.0,94,129,30,26,22,16,38,37,20,34,0,DraftKings
nba,2024,2,2024-03-13,401585574,Toronto Raptors,Detroit Pistons,0,-3.5,232.5,104,113,27,30,22,25,32,20,31,30,0,DraftKings
nba,2024,2,2024-03-13,401585576,Chicago Bulls,Indiana Pacers,0,-5.0,228.5,132,129,30,28,35,24,28,34,23,32,1,DraftKings
nba,2024,2,2024-03-13,401585577,Denver Nuggets,Miami Heat,0,3.5,217.5,100,88,26,24,22,28,19,25,27,17,0,DraftKings
nba,2024,2,2024-03-13,401585578,Charlotte Hornets,Memphis Grizzlies,0,2.0,202.5,110,98,31,25,24,30,19,27,24,28,0,DraftKings
nba,2024,2,2024-03-13,401585575,Brooklyn Nets,Orlando Magic,0,-6.5,206.0,106,114,16,38,23,29,33,28,32,21,0,DraftKings
nba,2024,2,2024-03-13,401585580,Golden State Warriors,Dallas Mavericks,0,-8.5,234.0,99,109,27,15,28,29,27,21,28,33,0,DraftKings
nba,2024,2,2024-03-13,401585579,Cleveland Cavaliers,New Orleans Pelicans,0,-5.5,217.5,116,95,30,23,34,29,22,23,23,27,0,DraftKings
nba,2024,2,2024-03-13,401585581,Atlanta Hawks,Portland Trail Blazers,0,4.5,217.0,102,106,24,28,23,27,17,30,35,24,0,DraftKings
nba,2024,2,2024-03-13,401585582,Los Angeles Lakers,Sacramento Kings,0,2.5,238.0,107,120,29,27,17,34,29,31,28,32,0,DraftKings
nba,2024,2,2024-03-14,401585583,Phoenix Suns,Boston Celtics,0,-5.5,226.5,112,127,32,28,25,27,35,30,37,25,0,DraftKings
nba,2024,2,2024-03-14,401585588,New York Knicks,Portland Trail Blazers,0,12.0,202.5,105,93,26,29,30,20,25,16,27,25,0,DraftKings
nba,2024,2,2024-03-14,401585586,Philadelphia 76ers,Milwaukee Bucks,0,-7.0,220.0,105,114,29,32,22,22,24,29,27,34,0,DraftKings
nba,2024,2,2024-03-14,401585587,Dallas Mavericks,Oklahoma City Thunder,0,-9.5,234.0,119,126,27,36,24,32,33,32,30,31,0,DraftKings
nba,2024,2,2024-03-14,401585584,LA Clippers,Chicago Bulls,0,6.0,214.0,126,111,37,27,28,34,26,27,27,31,0,DraftKings
nba,2024,2,2024-03-14,401585585,Washington Wizards,Houston Rockets,0,-8.5,227.5,119,135,31,25,39,24,33,42,35,25,0,DraftKings
nba,2024,2,2024-03-15,401585592,LA Clippers,New Orleans Pelicans,0,-7.0,218.5,104,112,22,22,36,24,20,30,32,30,0,DraftKings
nba,2024,2,2024-03-15,401585590,Miami Heat,Detroit Pistons,0,7.5,217.0,108,95,27,29,28,24,28,26,18,23,0,DraftKings
nba,2024,2,2024-03-15,401585589,Phoenix Suns,Charlotte Hornets,0,10.5,220.0,107,96,28,26,38,15,26,19,22,29,0,DraftKings
nba,2024,2,2024-03-15,401585591,Orlando Magic,Toronto Raptors,0,7.5,218.5,113,103,24,26,34,29,27,21,25,30,0,DraftKings
nba,2024,2,2024-03-15,401585593,Denver Nuggets,San Antonio Spurs,0,10.5,224.5,117,106,37,21,28,31,18,31,30,27,0,DraftKings
nba,2024,2,2024-03-15,401585594,Atlanta Hawks,Utah Jazz,0,1.0,222.5,122,124,28,34,34,26,34,27,37,26,0,DraftKings
nba,2024,2,2024-03-16,401585597,Charlotte Hornets,Philadelphia 76ers,0,-10.0,209.5,98,109,24,23,24,27,27,26,26,30,0,DraftKings
nba,2024,2,2024-03-16,401585598,Portland Trail Blazers,New Orleans Pelicans,0,-13.0,215.5,107,126,33,35,24,15,36,37,29,24,0,DraftKings
nba,2024,2,2024-03-16,401585596,Brooklyn Nets,Indiana Pacers,0,-8.0,228.5,100,121,30,27,21,22,25,34,27,35,0,DraftKings
nba,2024,2,2024-03-16,401585595,Cleveland Cavaliers,Houston Rockets,0,5.0,215.0,103,117,29,25,19,30,34,36,28,19,0,DraftKings
nba,2024,2,2024-03-16,401585599,Washington Wizards,Chicago Bulls,0,-9.5,224.0,98,127,19,26,24,29,32,35,28,32,0,DraftKings
nba,2024,2,2024-03-16,401585603,New York Knicks,Sacramento Kings,0,-3.0,216.5,98,91,21,32,22,23,22,26,26,17,0,DraftKings
nba,2024,2,2024-03-16,401585600,Oklahoma City Thunder,Memphis Grizzlies,0,10.5,219.5,118,112,29,27,35,27,27,27,24,34,0,DraftKings
nba,2024,2,2024-03-17,401585605,Miami Heat,Detroit Pistons,0,5.5,213.5,104,101,21,39,19,25,23,27,26,25,0,DraftKings
nba,2024,2,2024-03-16,401585602,Minnesota Timberwolves,Utah Jazz,0,7.5,225.0,119,100,19,29,34,37,19,29,24,28,0,DraftKings
nba,2024,2,2024-03-17,401585604,Phoenix Suns,Milwaukee Bucks,0,3.0,227.5,129,140,36,24,34,35,39,43,27,31,0,DraftKings
nba,2024,2,2024-03-16,401585601,Golden State Warriors,Los Angeles Lakers,0,-1.5,233.5,128,121,30,37,35,26,36,30,27,28,0,DraftKings
nba,2024,2,2024-03-17,401585607,Toronto Raptors,Orlando Magic,0,-11.0,219.0,96,111,24,23,26,23,26,26,35,24,0,DraftKings
nba,2024,2,2024-03-17,401585606,Denver Nuggets,Dallas Mavericks,0,1.0,231.5,105,107,34,27,18,26,30,28,26,23,0,DraftKings
nba,2024,2,2024-03-17,401585609,Brooklyn Nets,San Antonio Spurs,0,-2.0,218.0,115,122,29,27,27,27,25,30,25,30,1,DraftKings
nba,2024,2,2024-03-17,401585608,Boston Celtics,Washington Wizards,0,14.5,226.0,130,104,45,36,27,22,27,26,25,26,0,DraftKings
nba,2024,2,2024-03-18,401585611,Cleveland Cavaliers,Indiana Pacers,0,-6.5,225.5,108,103,25,29,36,18,34,20,29,20,0,DraftKings
nba,2024,2,2024-03-17,401585610,Atlanta Hawks,LA Clippers,0,-9.5,221.0,110,93,31,30,27,22,29,15,18,31,0,DraftKings
nba,2024,2,2024-03-18,401585614,Portland Trail Blazers,Chicago Bulls,0,-8.5,213.0,107,110,27,22,26,32,29,25,35,21,0,DraftKings
nba,2024,2,2024-03-18,401585613,Miami Heat,Philadelphia 76ers,0,-3.0,206.5,91,98,23,26,16,26,31,20,28,19,0,DraftKings
nba,2024,2,2024-03-18,401585612,Detroit Pistons,Boston Celtics,0,-15.0,222.0,94,119,28,18,20,28,31,28,33,27,0,DraftKings
nba,2024,2,2024-03-18,401585615,Minnesota Timberwolves,Utah Jazz,0,4.0,225.5,114,104,25,28,30,31,37,22,24,21,0,DraftKings
nba,2024,2,2024-03-18,401585616,New York Knicks,Golden State Warriors,0,-6.5,212.0,119,112,30,32,37,20,22,34,32,24,0,DraftKings
nba,2024,2,2024-03-18,401585617,Memphis Grizzlies,Sacramento Kings,0,-11.5,220.0,111,121,32,15,29,29,28,29,27,21,1,DraftKings
nba,2024,2,2024-03-18,401585618,Atlanta Hawks,Los Angeles Lakers,0,-9.0,226.0,105,136,28,31,27,19,38,35,38,25,0,DraftKings
nba,2024,2,2024-03-19,401585619,Charlotte Hornets,Orlando Magic,0,-13.0,203.5,92,112,17,15,33,27,27,40,24,21,0,DraftKings
nba,2024,2,2024-03-19,401585621,New Orleans Pelicans,Brooklyn Nets,0,7.0,216.0,104,91,27,37,21,19,21,24,24,22,0,DraftKings
nba,2024,2,2024-03-19,401585620,Houston Rockets,Washington Wizards,0,10.0,227.5,137,114,39,21,41,36,36,21,25,32,0,DraftKings
nba,2024,2,2024-03-19,401585623,Denver Nuggets,Minnesota Timberwolves,0,7.5,216.0,115,112,35,35,17,28,28,27,29,28,0,DraftKings
nba,2024,2,2024-03-20,401585624,Miami Heat,Cleveland Cavaliers,0,-3.0,207.5,107,104,31,30,22,24,30,27,18,29,0,DraftKings
nba,2024,2,2024-03-19,401585622,Dallas Mavericks,San Antonio Spurs,0,9.0,235.5,113,107,38,27,26,22,30,26,28,23,0,DraftKings
nba,2024,2,2024-03-20,401585626,Milwaukee Bucks,Boston Celtics,0,-10.5,225.5,119,122,28,28,27,36,33,36,32,21,0,DraftKings
nba,2024,2,2024-03-20,401585625,Indiana Pacers,Detroit Pistons,0,11.0,235.5,122,103,29,34,35,24,24,28,26,25,0,DraftKings
nba,2024,2,2024-03-20,401585627,Sacramento Kings,Toronto Raptors,0,11.0,234.0,123,89,32,36,31,24,27,18,20,24,0,DraftKings
nba,2024,2,2024-03-20,401585628,Utah Jazz,Oklahoma City Thunder,0,-15.5,232.0,107,119,25,29,26,27,31,22,29,37,0,DraftKings
nba,2024,2,2024-03-20,401585629,Memphis Grizzlies,Golden State Warriors,0,-11.5,220.5,116,137,32,26,32,26,33,35,40,29,0,DraftKings
nba,2024,2,2024-03-20,401585630,Philadelphia 76ers,Phoenix Suns,0,-9.0,222.5,102,115,23,24,19,36,21,39,30,25,0,DraftKings
nba,2024,2,2024-03-21,401585632,New Orleans Pelicans,Orlando Magic,0,3.0,208.0,106,121,28,20,27,31,23,34,38,26,0,DraftKings
nba,2024,2,2024-03-21,401585633,Sacramento Kings,Washington Wizards,0,11.0,238.5,102,109,27,27,22,26,35,21,28,25,0,DraftKings
nba,2024,2,2024-03-20,401585631,LA Clippers,Portland Trail Blazers,0,12.0,216.5,116,103,27,33,34,22,28,22,20,33,0,DraftKings
nba,2024,2,2024-03-21,401585635,Brooklyn Nets,Milwaukee Bucks,0,-10.5,222.0,108,115,19,25,25,39,26,34,21,34,0,DraftKings
nba,2024,2,2024-03-21,401585634,Chicago Bulls,Houston Rockets,0,-3.5,219.5,117,127,28,33,33,23,42,26,37,22,0,DraftKings
nba,2024,2,2024-03-21,401585636,Utah Jazz,Dallas Mavericks,0,-14.5,236.5,97,113,27,15,31,24,26,27,30,30,0,DraftKings
nba,2024,2,2024-03-22,401585639,Boston Celtics,Detroit Pistons,0,14.0,224.0,129,102,32,37,35,25,34,19,30,19,0,DraftKings
nba,2024,2,2024-03-21,401585637,New York Knicks,Denver Nuggets,0,-8.5,208.5,100,113,30,26,20,24,32,29,27,25,0,DraftKings
nba,2024,2,2024-03-21,401585638,Atlanta Hawks,Phoenix Suns,0,-9.0,227.0,115,128,37,23,33,22,30,35,31,32,0,DraftKings
nba,2024,2,2024-03-22,401585640,Oklahoma City Thunder,Toronto Raptors,0,16.5,230.0,123,103,28,35,26,34,35,21,22,25,0,DraftKings
nba,2024,2,2024-03-22,401585643,Memphis Grizzlies,San Antonio Spurs,0,-6.5,216.0,99,97,18,25,28,28,30,14,24,29,0,DraftKings
nba,2024,2,2024-03-22,401585642,Cleveland Cavaliers,Minnesota Timberwolves,0,-7.5,206.5,91,104,20,29,17,25,25,21,26,32,0,DraftKings
nba,2024,2,2024-03-22,401585641,New Orleans Pelicans,Miami Heat,0,-2.5,207.5,111,88,21,25,30,35,20,22,24,22,0,DraftKings
nba,2024,2,2024-03-22,401585644,Indiana Pacers,Golden State Warriors,0,-4.5,242.0,123,111,38,28,36,21,38,29,21,23,0,DraftKings
nba,2024,2,2024-03-22,401585646,Philadelphia 76ers,Los Angeles Lakers,0,-7.5,227.5,94,101,23,29,24,18,24,26,25,26,0,DraftKings
nba,2024,2,2024-03-23,401585648,Sacramento Kings,Orlando Magic,0,-3.0,219.0,109,107,27,27,27,28,26,30,25,26,0,DraftKings
nba,2024,2,2024-03-22,401585645,LA Clippers,Portland Trail Blazers,0,14.5,216.0,125,117,42,28,31,24,27,26,27,37,0,DraftKings
nba,2024,2,2024-03-23,401585647,Brooklyn Nets,New York Knicks,0,-7.5,205.0,93,105,30,27,20,16,28,28,24,25,0,DraftKings
nba,2024,2,2024-03-23,401585650,Toronto Raptors,Washington Wizards,0,-6.0,232.5,109,112,25,23,33,28,23,28,26,35,0,DraftKings
nba,2024,2,2024-03-23,401585651,Boston Celtics,Chicago Bulls,0,5.0,219.0,124,113,31,35,29,29,31,29,32,21,0,DraftKings
nba,2024,2,2024-03-24,401585656,Philadelphia 76ers,LA Clippers,0,-9.0,215.5,121,107,41,22,25,33,29,27,27,24,0,DraftKings
nba,2024,2,2024-03-23,401585654,Denver Nuggets,Portland Trail Blazers,0,10.5,209.5,114,111,26,31,28,29,22,25,36,28,0,DraftKings
nba,2024,2,2024-03-23,401585649,Charlotte Hornets,Atlanta Hawks,0,-7.5,212.0,91,132,28,20,26,17,30,36,33,33,0,DraftKings
nba,2024,2,2024-03-24,401585657,Cleveland Cavaliers,Miami Heat,0,-3.5,203.0,84,121,22,17,18,27,32,28,30,31,0,DraftKings
nba,2024,2,2024-03-23,401585653,Phoenix Suns,San Antonio Spurs,0,10.0,231.5,131,106,26,39,38,28,17,30,24,35,0,DraftKings
nba,2024,2,2024-03-23,401585652,Utah Jazz,Houston Rockets,0,-10.0,227.5,119,147,21,34,36,28,47,38,37,25,0,DraftKings
nba,2024,2,2024-03-24,401585655,New Orleans Pelicans,Detroit Pistons,0,14.5,217.5,114,101,29,28,26,31,10,31,25,35,0,DraftKings
nba,2024,2,2024-03-24,401585658,Oklahoma City Thunder,Milwaukee Bucks,0,-2.5,233.5,93,118,22,25,17,29,25,23,34,36,0,DraftKings
nba,2024,2,2024-03-24,401585659,Golden State Warriors,Minnesota Timberwolves,0,-2.0,219.5,110,114,27,27,27,29,18,28,32,36,0,DraftKings
nba,2024,2,2024-03-24,401585660,Indiana Pacers,Los Angeles Lakers,0,-2.5,239.0,145,150,36,32,31,46,30,42,44,34,0,DraftKings
nba,2024,2,2024-03-25,401585661,Charlotte Hornets,Cleveland Cavaliers,0,-11.0,206.0,92,115,20,17,29,26,20,31,27,37,0,DraftKings
nba,2024,2,2024-03-25,401585662,Boston Celtics,Atlanta Hawks,0,10.5,225.0,118,120,44,30,22,22,22,34,34,30,0,DraftKings
nba,2024,2,2024-03-25,401585663,Detroit Pistons,New York Knicks,0,-17.0,211.5,99,124,17,25,24,33,36,23,36,29,0,DraftKings
nba,2024,2,2024-03-25,401585664,Brooklyn Nets,Toronto Raptors,0,6.5,218.0,96,88,22,27,19,28,20,25,24,19,0,DraftKings
nba,2024,2,2024-03-25,401585665,Washington Wizards,Chicago Bulls,0,-13.5,226.0,107,105,31,22,29,25,17,32,33,23,0,DraftKings
nba,2024,2,2024-03-25,401585666,Portland Trail Blazers,Houston Rockets,0,-14.5,224.5,92,110,25,26,20,21,28,19,33,30,0,DraftKings
nba,2024,2,2024-03-25,401585667,Phoenix Suns,San Antonio Spurs,0,12.0,235.0,102,104,22,28,24,28,29,18,28,29,0,DraftKings
nba,2024,2,2024-03-25,401585668,Memphis Grizzlies,Denver Nuggets,0,-12.5,214.0,103,128,24,20,32,27,39,30,30,29,0,DraftKings
nba,2024,2,2024-03-25,401585669,Dallas Mavericks,Utah Jazz,0,8.0,238.5,115,105,37,24,27,27,41,25,22,17,0,DraftKings
nba,2024,2,2024-03-26,401585672,Golden State Warriors,Miami Heat,0,5.0,217.0,113,92,24,29,32,28,26,29,20,17,0,DraftKings
nba,2024,2,2024-03-25,401585670,Philadelphia 76ers,Sacramento Kings,0,-7.5,220.5,96,108,25,23,20,28,31,29,23,25,0,DraftKings
nba,2024,2,2024-03-25,401585671,Indiana Pacers,LA Clippers,0,-6.5,235.5,133,116,29,36,32,36,34,28,27,27,0,DraftKings
nba,2024,2,2024-03-26,401585673,Los Angeles Lakers,Milwaukee Bucks,0,-9.5,234.0,128,124,16,26,32,27,32,26,30,13,2,DraftKings
nba,2024,2,2024-03-26,401585674,Oklahoma City Thunder,New Orleans Pelicans,0,1.0,223.0,119,112,33,40,23,23,34,24,32,22,0,DraftKings
nba,2024,2,2024-03-26,401585675,Dallas Mavericks,Sacramento Kings,0,-1.0,233.5,132,96,31,27,38,36,28,25,23,20,0,DraftKings
nba,2024,2,2024-03-27,401585677,Golden State Warriors,Orlando Magic,0,-4.0,218.0,101,93,27,18,27,29,11,26,29,27,0,DraftKings
nba,2024,2,2024-03-27,401585676,Cleveland Cavaliers,Charlotte Hornets,0,9.5,207.0,111,118,43,27,26,15,33,36,31,18,0,DraftKings
nba,2024,2,2024-03-27,401585680,LA Clippers,Philadelphia 76ers,0,6.5,214.5,108,107,18,28,29,33,30,20,29,28,0,DraftKings
nba,2024,2,2024-03-27,401585678,Brooklyn Nets,Washington Wizards,0,4.0,220.5,122,119,31,30,31,20,33,21,37,21,1,DraftKings
nba,2024,2,2024-03-27,401585682,Indiana Pacers,Chicago Bulls,0,3.5,234.5,99,125,23,20,31,25,27,37,23,38,0,DraftKings
nba,2024,2,2024-03-27,401585681,New York Knicks,Toronto Raptors,0,14.0,211.5,145,101,45,35,31,34,33,26,21,21,0,DraftKings
nba,2024,2,2024-03-27,401585679,Portland Trail Blazers,Atlanta Hawks,0,-11.5,219.5,106,120,29,29,28,20,26,39,35,20,0,DraftKings
nba,2024,2,2024-03-27,401585683,Los Angeles Lakers,Memphis Grizzlies,0,4.5,225.0,136,124,37,32,33,34,36,25,31,32,0,DraftKings
nba,2024,2,2024-03-27,401585684,Detroit Pistons,Minnesota Timberwolves,0,-16.5,217.0,91,106,25,20,21,25,30,17,31,28,0,DraftKings
nba,2024,2,2024-03-27,401585685,Houston Rockets,Oklahoma City Thunder,0,-4.5,226.0,132,126,28,21,31,32,17,33,35,27,1,DraftKings
nba,2024,2,2024-03-28,401585688,Boston Celtics,Atlanta Hawks,0,15.5,228.5,122,123,29,34,27,22,28,31,30,23,1,DraftKings
nba,2024,2,2024-03-27,401585686,San Antonio Spurs,Utah Jazz,0,-4.0,228.5,118,111,29,30,29,30,15,33,31,32,0,DraftKings
nba,2024,2,2024-03-27,401585687,Phoenix Suns,Denver Nuggets,0,-5.5,229.5,104,97,29,30,24,21,29,23,21,24,0,DraftKings
nba,2024,2,2024-03-28,401585689,Milwaukee Bucks,New Orleans Pelicans,0,2.0,226.0,100,107,25,20,28,27,26,35,24,22,0,DraftKings
nba,2024,2,2024-03-29,401585690,Golden State Warriors,Charlotte Hornets,0,12.0,219.5,115,97,26,24,39,26,17,28,26,26,0,DraftKings
nba,2024,2,2024-03-29,401585691,Los Angeles Lakers,Indiana Pacers,0,-3.5,244.5,90,109,24,25,23,18,27,27,32,23,0,DraftKings
nba,2024,2,2024-03-29,401585692,LA Clippers,Orlando Magic,0,1.5,212.0,100,97,23,29,33,15,19,31,27,20,0,DraftKings
nba,2024,2,2024-03-29,401585694,Chicago Bulls,Brooklyn Nets,0,3.0,215.0,108,125,21,31,33,23,27,20,39,39,0,DraftKings
nba,2024,2,2024-03-29,401585693,Detroit Pistons,Washington Wizards,0,-3.5,229.5,96,87,23,36,21,16,20,20,35,12,0,DraftKings
nba,2024,2,2024-03-29,401585695,Philadelphia 76ers,Cleveland Cavaliers,0,-6.5,212.0,114,117,25,30,32,27,28,29,28,32,0,DraftKings
nba,2024,2,2024-03-29,401585698,New York Knicks,San Antonio Spurs,0,8.0,214.0,126,130,27,30,34,30,38,36,20,27,1,DraftKings
nba,2024,2,2024-03-29,401585697,Phoenix Suns,Oklahoma City Thunder,0,2.0,228.0,103,128,32,27,21,23,34,36,31,27,0,DraftKings
nba,2024,2,2024-03-29,401585700,Houston Rockets,Utah Jazz,0,8.0,230.0,101,100,13,28,28,32,23,24,25,28,0,DraftKings
nba,2024,2,2024-03-29,401585696,Portland Trail Blazers,Miami Heat,0,-14.0,208.5,82,142,19,21,23,19,29,45,33,35,0,DraftKings
nba,2024,2,2024-03-29,401585699,Minnesota Timberwolves,Denver Nuggets,0,-3.0,210.0,111,98,33,29,25,24,26,17,21,34,0,DraftKings
nba,2024,2,2024-03-30,401585702,Boston Celtics,New Orleans Pelicans,0,6.0,223.5,104,92,28,31,24,21,37,20,11,24,0,DraftKings
nba,2024,2,2024-03-29,401585701,Dallas Mavericks,Sacramento Kings,0,1.0,232.5,107,103,26,25,22,34,34,26,22,21,0,DraftKings
nba,2024,2,2024-03-31,401585705,Cleveland Cavaliers,Denver Nuggets,0,-4.5,218.0,101,130,26,30,21,24,30,35,36,29,0,DraftKings
nba,2024,2,2024-03-30,401585703,Memphis Grizzlies,Orlando Magic,0,-12.5,207.5,88,118,13,21,21,33,33,25,32,28,0,DraftKings
nba,2024,2,2024-03-31,401585707,LA Clippers,Charlotte Hornets,0,14.0,216.0,130,118,31,36,26,37,25,30,27,36,0,DraftKings
nba,2024,2,2024-03-30,401585704,Milwaukee Bucks,Atlanta Hawks,0,4.5,222.5,122,113,33,26,30,33,28,17,29,39,0,DraftKings
nba,2024,2,2024-03-31,401585708,Philadelphia 76ers,Toronto Raptors,0,9.0,214.5,135,120,35,36,30,34,27,28,38,27,0,DraftKings
nba,2024,2,2024-03-31,401585706,Los Angeles Lakers,Brooklyn Nets,0,7.0,225.5,116,104,31,36,23,26,11,33,35,25,0,DraftKings
nba,2024,2,2024-03-31,401585709,Miami Heat,Washington Wizards,0,11.5,214.0,119,107,29,37,29,24,29,30,21,27,0,DraftKings
nba,2024,2,2024-03-31,401585710,Oklahoma City Thunder,New York Knicks,0,2.0,218.5,113,112,17,33,25,38,22,24,39,27,0,DraftKings
nba,2024,2,2024-03-31,401585711,Dallas Mavericks,Houston Rockets,0,4.0,229.0,125,107,36,30,25,34,24,21,28,34,0,DraftKings
nba,2024,2,2024-03-31,401585712,Chicago Bulls,Minnesota Timberwolves,0,-8.5,212.5,109,101,33,31,20,25,22,32,25,22,0,DraftKings
nba,2024,2,2024-03-31,401585713,Golden State Warriors,San Antonio Spurs,0,10.5,227.5,117,113,27,25,37,28,34,26,21,32,0,DraftKings
nba,2024,2,2024-03-31,401585714,Utah Jazz,Sacramento Kings,0,-13.0,220.5,106,127,23,29,25,29,27,29,39,32,0,DraftKings
nba,2024,2,2024-04-01,401585716,Memphis Grizzlies,Detroit Pistons,0,-2.5,216.0,110,108,22,22,41,25,29,28,33,18,0,DraftKings
nba,2024,2,2024-04-01,401585715,Boston Celtics,Charlotte Hornets,0,18.5,219.0,118,104,30,29,36,23,32,21,26,25,0,DraftKings
nba,2024,2,2024-04-01,401585718,Portland Trail Blazers,Orlando Magic,0,-17.0,210.5,103,104,23,25,25,30,22,33,28,21,0,DraftKings
nba,2024,2,2024-04-01,401585720,Phoenix Suns,New Orleans Pelicans,0,-1.5,222.0,124,111,46,28,29,21,28,26,36,21,0,DraftKings
nba,2024,2,2024-04-01,401585717,Brooklyn Nets,Indiana Pacers,0,-12.5,227.5,111,133,27,20,30,34,43,32,33,25,0,DraftKings
nba,2024,2,2024-04-01,401585719,Atlanta Hawks,Chicago Bulls,0,-2.0,221.0,113,101,32,29,29,23,30,23,21,27,0,DraftKings
nba,2024,2,2024-04-02,401585722,Los Angeles Lakers,Toronto Raptors,0,12.5,230.5,128,111,34,30,36,28,25,33,21,32,0,DraftKings
nba,2024,2,2024-04-02,401585723,Milwaukee Bucks,Washington Wizards,0,13.5,229.5,113,117,28,26,32,27,27,31,33,26,0,DraftKings
nba,2024,2,2024-04-02,401585721,Oklahoma City Thunder,Philadelphia 76ers,0,5.5,225.5,105,109,22,32,26,25,25,19,29,36,0,DraftKings
nba,2024,2,2024-04-02,401585724,New York Knicks,Miami Heat,0,-2.5,206.5,99,109,22,21,30,26,34,24,25,26,0,DraftKings
nba,2024,2,2024-04-02,401585728,Cleveland Cavaliers,Utah Jazz,0,11.5,215.5,129,113,40,27,30,32,25,22,34,32,0,DraftKings
nba,2024,2,2024-04-02,401585726,Houston Rockets,Minnesota Timberwolves,0,-8.5,216.5,106,113,23,22,27,34,16,38,27,32,0,DraftKings
nba,2024,2,2024-04-02,401636114,Dallas Mavericks,Golden State Warriors,0,-1.5,234.5,100,104,27,22,25,26,28,21,31,24,0,DraftKings
nba,2024,2,2024-04-02,401585727,San Antonio Spurs,Denver Nuggets,0,-16.5,223.5,105,110,23,31,31,20,30,25,31,24,0,DraftKings
nba,2024,2,2024-04-02,401585729,LA Clippers,Sacramento Kings,0,2.5,220.5,95,109,24,27,19,25,24,32,35,18,0,DraftKings
nba,2024,2,2024-04-03,401585730,Portland Trail Blazers,Charlotte Hornets,0,-1.5,211.5,89,86,30,15,22,22,21,23,22,20,0,DraftKings
nba,2024,2,2024-04-03,401585732,Detroit Pistons,Atlanta Hawks,0,-11.5,224.5,113,121,23,27,29,34,28,31,33,29,0,DraftKings
nba,2024,2,2024-04-03,401585731,Los Angeles Lakers,Washington Wizards,0,13.0,237.0,125,120,39,28,34,24,29,31,26,34,0,DraftKings
nba,2024,2,2024-04-03,401585733,Oklahoma City Thunder,Boston Celtics,0,-12.0,229.0,100,135,23,24,36,17,30,31,32,42,0,DraftKings
nba,2024,2,2024-04-03,401585734,Indiana Pacers,Brooklyn Nets,0,7.0,233.0,111,115,31,31,25,24,19,42,27,27,0,DraftKings
nba,2024,2,2024-04-03,401585735,Memphis Grizzlies,Milwaukee Bucks,0,-12.5,217.5,111,101,26,27,26,32,22,27,29,23,0,DraftKings
nba,2024,2,2024-04-03,401585737,Orlando Magic,New Orleans Pelicans,0,-4.5,208.0,117,108,24,34,33,26,26,29,21,32,0,DraftKings
nba,2024,2,2024-04-03,401585736,Toronto Raptors,Minnesota Timberwolves,0,-17.5,213.5,85,133,19,23,18,25,23,35,33,42,0,DraftKings
nba,2024,2,2024-04-04,401585739,Philadelphia 76ers,Miami Heat,0,-3.0,211.5,109,105,39,24,24,22,29,26,33,17,0,DraftKings
nba,2024,2,2024-04-04,401585740,Sacramento Kings,New York Knicks,0,-4.0,212.0,109,120,35,25,27,22,20,32,35,33,0,DraftKings
nba,2024,2,2024-04-03,401585738,Cleveland Cavaliers,Phoenix Suns,0,-6.0,226.5,101,122,20,27,30,24,34,38,26,24,0,DraftKings
nba,2024,2,2024-04-05,401585743,Orlando Magic,Charlotte Hornets,0,12.0,207.0,115,124,23,29,27,36,38,29,27,30,0,DraftKings
nba,2024,2,2024-04-04,401585742,Denver Nuggets,LA Clippers,0,3.5,220.5,100,102,31,18,21,30,20,33,22,27,0,DraftKings
nba,2024,2,2024-04-04,401585752,Atlanta Hawks,Dallas Mavericks,0,-12.0,227.5,95,109,31,26,24,14,25,40,28,16,0,DraftKings
nba,2024,2,2024-04-05,401585744,Oklahoma City Thunder,Indiana Pacers,0,-6.5,234.5,112,126,32,27,30,23,31,38,31,26,0,DraftKings
nba,2024,2,2024-04-04,401585741,Golden State Warriors,Houston Rockets,0,3.5,227.0,133,110,33,32,34,34,24,26,33,27,0,DraftKings
nba,2024,2,2024-04-05,401585745,Portland Trail Blazers,Washington Wizards,0,-3.0,225.0,108,102,32,27,27,22,27,24,30,21,0,DraftKings
nba,2024,2,2024-04-05,401585748,Miami Heat,Houston Rockets,0,3.5,218.0,119,104,27,37,29,26,27,32,24,21,0,DraftKings
nba,2024,2,2024-04-05,401585746,Sacramento Kings,Boston Celtics,0,-9.0,225.5,100,101,15,35,22,28,27,27,30,17,0,DraftKings
nba,2024,2,2024-04-05,401585747,New York Knicks,Chicago Bulls,0,1.5,212.5,100,108,17,28,31,24,29,32,20,27,0,DraftKings
nba,2024,2,2024-04-05,401585749,Detroit Pistons,Memphis Grizzlies,0,1.0,213.5,90,108,22,16,32,20,32,25,32,19,0,DraftKings
nba,2024,2,2024-04-05,401585750,Toronto Raptors,Milwaukee Bucks,0,-14.5,232.5,117,111,21,37,32,27,27,27,31,26,0,DraftKings
nba,2024,2,2024-04-05,401585725,Golden State Warriors,Dallas Mavericks,0,1.0,224.0,106,108,32,22,22,30,31,21,27,29,0,DraftKings
nba,2024,2,2024-04-05,401585751,San Antonio Spurs,New Orleans Pelicans,0,-11.5,219.0,111,109,18,33,35,25,27,34,25,23,0,DraftKings
nba,2024,2,2024-04-05,401585753,Minnesota Timberwolves,Phoenix Suns,0,-4.5,216.5,87,97,20,21,20,26,32,25,20,20,0,DraftKings
nba,2024,2,2024-04-05,401585754,Utah Jazz,LA Clippers,0,-12.5,224.5,102,131,16,26,37,23,41,34,29,27,0,DraftKings
nba,2024,2,2024-04-06,401585758,Atlanta Hawks,Denver Nuggets,0,-10.5,223.0,110,142,26,30,30,24,33,36,42,31,0,DraftKings
nba,2024,2,2024-04-06,401585755,Cleveland Cavaliers,Los Angeles Lakers,0,-5.0,230.0,97,116,33,23,22,19,36,29,25,26,0,DraftKings
nba,2024,2,2024-04-06,401585756,Detroit Pistons,Brooklyn Nets,0,-10.5,215.5,103,113,35,22,26,20,23,23,29,38,0,DraftKings
nba,2024,2,2024-04-07,401585759,Houston Rockets,Dallas Mavericks,0,-8.5,227.5,136,147,42,29,35,23,27,39,32,31,1,DraftKings
nba,2024,2,2024-04-06,401585757,Philadelphia 76ers,Memphis Grizzlies,0,14.5,213.5,116,96,28,34,24,30,23,19,28,26,0,DraftKings
nba,2024,2,2024-04-07,401585760,Cleveland Cavaliers,LA Clippers,0,-4.0,217.0,118,120,40,40,18,20,33,26,27,34,0,DraftKings
nba,2024,2,2024-04-07,401585761,Miami Heat,Indiana Pacers,0,-2.5,228.0,115,117,24,22,32,37,38,25,28,26,0,DraftKings
nba,2024,2,2024-04-07,401585762,Portland Trail Blazers,Boston Celtics,0,-16.5,216.5,107,124,24,32,29,22,30,33,30,31,0,DraftKings
nba,2024,2,2024-04-07,401585764,Chicago Bulls,Orlando Magic,0,-7.5,212.0,98,113,14,30,28,26,31,25,33,24,0,DraftKings
nba,2024,2,2024-04-07,401585763,Oklahoma City Thunder,Charlotte Hornets,0,7.5,218.0,121,118,31,34,21,35,29,26,30,33,0,DraftKings
nba,2024,2,2024-04-07,401585766,New Orleans Pelicans,Phoenix Suns,0,-5.5,222.0,113,105,19,37,34,23,26,24,33,22,0,DraftKings
nba,2024,2,2024-04-07,401585765,Washington Wizards,Toronto Raptors,0,-5.0,235.0,122,130,17,33,37,35,42,21,36,31,0,DraftKings
nba,2024,2,2024-04-07,401585768,Philadelphia 76ers,San Antonio Spurs,0,3.5,225.5,133,126,31,23,19,38,24,40,16,31,2,DraftKings
nba,2024,2,2024-04-07,401585767,New York Knicks,Milwaukee Bucks,0,-4.0,220.5,122,109,25,25,39,33,31,30,24,24,0,DraftKings
nba,2024,2,2024-04-07,401585769,Sacramento Kings,Brooklyn Nets,0,10.5,217.0,107,77,29,36,13,29,19,21,24,13,0,DraftKings
nba,2024,2,2024-04-07,401585770,Utah Jazz,Golden State Warriors,0,-13.0,225.5,110,118,28,26,23,33,41,27,29,21,0,DraftKings
nba,2024,2,2024-04-09,401585772,Dallas Mavericks,Charlotte Hornets,0,12.5,223.5,130,104,36,33,28,33,18,29,36,21,0,DraftKings
nba,2024,2,2024-04-07,401585771,Minnesota Timberwolves,Los Angeles Lakers,0,2.0,217.5,127,117,33,46,23,25,37,27,28,25,0,DraftKings
nba,2024,2,2024-04-09,401585773,Detroit Pistons,Philadelphia 76ers,0,-15.0,222.0,102,120,22,30,26,24,30,34,26,30,0,DraftKings
nba,2024,2,2024-04-09,401585774,Indiana Pacers,Toronto Raptors,0,14.0,240.5,140,123,25,40,41,34,35,29,27,32,0,DraftKings
nba,2024,2,2024-04-09,401585776,Boston Celtics,Milwaukee Bucks,0,-3.5,231.0,91,104,21,22,24,24,37,26,15,26,0,DraftKings
nba,2024,2,2024-04-09,401585775,Miami Heat,Atlanta Hawks,0,3.5,217.0,117,111,30,29,21,21,27,20,33,21,2,DraftKings
nba,2024,2,2024-04-09,401585777,New York Knicks,Chicago Bulls,0,5.0,213.0,128,117,36,32,33,27,27,35,33,22,0,DraftKings
nba,2024,2,2024-04-09,401585779,San Antonio Spurs,Memphis Grizzlies,0,5.5,217.0,102,87,16,32,29,25,25,24,12,26,0,DraftKings
nba,2024,2,2024-04-09,401585781,Sacramento Kings,Oklahoma City Thunder,0,-5.5,227.5,105,112,31,33,23,18,28,17,39,28,0,DraftKings
nba,2024,2,2024-04-09,401585778,Orlando Magic,Houston Rockets,0,3.0,216.5,106,118,25,26,31,24,36,27,34,21,0,DraftKings
nba,2024,2,2024-04-09,401585780,Washington Wizards,Minnesota Timberwolves,0,-18.0,223.0,121,130,44,26,24,27,26,34,39,31,0,DraftKings
nba,2024,2,2024-04-09,401585782,Denver Nuggets,Utah Jazz,0,15.5,224.0,111,95,34,31,22,24,17,36,27,15,0,DraftKings
nba,2024,2,2024-04-09,401585783,Golden State Warriors,Los Angeles Lakers,0,2.0,235.0,134,120,38,33,35,28,29,31,29,31,0,DraftKings
nba,2024,2,2024-04-09,401585785,New Orleans Pelicans,Portland Trail Blazers,0,14.0,214.0,110,100,28,24,35,23,27,28,23,22,0,DraftKings
nba,2024,2,2024-04-09,401585784,LA Clippers,Phoenix Suns,0,-9.5,226.5,105,92,37,29,18,21,10,23,35,24,0,DraftKings
nba,2024,2,2024-04-10,401585787,Charlotte Hornets,Atlanta Hawks,0,-8.5,225.5,115,114,30,25,22,38,35,26,31,22,0,DraftKings
nba,2024,2,2024-04-10,401585786,Memphis Grizzlies,Cleveland Cavaliers,0,-19.5,213.0,98,110,29,22,16,31,32,16,30,32,0,DraftKings
nba,2024,2,2024-04-10,401585788,Toronto Raptors,Brooklyn Nets,0,-12.0,220.5,102,106,27,27,26,22,27,26,24,29,0,DraftKings
nba,2024,2,2024-04-10,401585791,San Antonio Spurs,Oklahoma City Thunder,0,-17.0,230.5,89,127,11,24,29,25,34,34,30,29,0,DraftKings
nba,2024,2,2024-04-10,401585789,Dallas Mavericks,Miami Heat,0,2.5,217.0,111,92,33,36,19,23,24,23,27,18,0,DraftKings
nba,2024,2,2024-04-10,401585792,Minnesota Timberwolves,Denver Nuggets,0,-7.0,213.0,107,116,28,24,28,27,26,23,34,33,0,DraftKings
nba,2024,2,2024-04-10,401585790,Orlando Magic,Milwaukee Bucks,0,1.5,213.0,99,117,23,27,27,22,27,37,32,21,0,DraftKings
nba,2024,2,2024-04-10,401585793,Phoenix Suns,LA Clippers,0,11.5,220.5,124,108,28,27,37,32,27,29,37,15,0,DraftKings
nba,2024,2,2024-04-11,401585794,Chicago Bulls,Detroit Pistons,0,11.0,220.0,127,105,31,33,35,28,30,25,25,25,0,DraftKings
nba,2024,2,2024-04-11,401585796,Houston Rockets,Utah Jazz,0,11.0,227.0,121,124,38,29,29,25,28,36,34,26,0,DraftKings
nba,2024,2,2024-04-12,401585799,Orlando Magic,Philadelphia 76ers,0,-6.5,214.5,113,125,27,34,22,30,40,28,28,29,0,DraftKings
nba,2024,2,2024-04-11,401585798,New Orleans Pelicans,Sacramento Kings,0,-1.0,217.0,135,123,34,30,34,37,23,35,31,34,0,DraftKings
nba,2024,2,2024-04-12,401585800,Chicago Bulls,Washington Wizards,0,-2.5,224.5,129,127,33,32,33,31,40,22,33,32,0,DraftKings
nba,2024,2,2024-04-11,401585795,New York Knicks,Boston Celtics,0,-3.5,221.0,118,109,32,37,31,18,29,19,23,38,0,DraftKings
nba,2024,2,2024-04-11,401585797,Golden State Warriors,Portland Trail Blazers,0,13.0,221.0,100,92,24,25,26,25,22,24,28,18,0,DraftKings
nba,2024,2,2024-04-12,401585801,Charlotte Hornets,Boston Celtics,0,-7.5,218.0,98,131,24,19,33,22,30,39,25,37,0,DraftKings
nba,2024,2,2024-04-12,401585802,Indiana Pacers,Cleveland Cavaliers,0,-3.0,232.0,120,129,26,33,35,26,35,35,27,32,0,DraftKings
nba,2024,2,2024-04-12,401585803,Brooklyn Nets,New York Knicks,0,-11.5,211.5,107,111,30,33,13,31,14,40,30,27,0,DraftKings
nba,2024,2,2024-04-12,401585804,Toronto Raptors,Miami Heat,0,-14.0,218.5,103,125,22,28,25,28,33,33,26,33,0,DraftKings
nba,2024,2,2024-04-12,401585806,Atlanta Hawks,Minnesota Timberwolves,0,-12.0,226.5,106,109,27,20,33,26,25,31,24,29,0,DraftKings
nba,2024,2,2024-04-12,401585805,Los Angeles Lakers,Memphis Grizzlies,0,15.5,225.5,123,120,34,34,30,25,26,38,33,23,0,DraftKings
nba,2024,2,2024-04-12,401585809,Detroit Pistons,Dallas Mavericks,0,-11.5,217.5,107,89,27,26,27,27,21,25,22,21,0,DraftKings
nba,2024,2,2024-04-12,401585810,New Orleans Pelicans,Golden State Warriors,0,-4.5,223.5,114,109,17,45,26,26,26,22,27,34,0,DraftKings
nba,2024,2,2024-04-12,401585808,Denver Nuggets,San Antonio Spurs,0,12.0,222.5,120,121,31,37,32,20,32,18,37,34,0,DraftKings
nba,2024,2,2024-04-12,401585807,Milwaukee Bucks,Oklahoma City Thunder,0,-14.0,224.5,107,125,34,18,31,24,41,28,26,30,0,DraftKings
nba,2024,2,2024-04-12,401585811,Houston Rockets,Portland Trail Blazers,0,6.0,218.0,116,107,23,31,30,32,24,16,35,32,0,DraftKings
nba,2024,2,2024-04-12,401585812,Utah Jazz,LA Clippers,0,-16.0,224.5,110,109,27,34,25,24,38,22,25,24,0,DraftKings
nba,2024,2,2024-04-12,401585813,Phoenix Suns,Sacramento Kings,0,4.5,226.0,108,107,22,23,33,30,27,27,31,22,0,DraftKings
nba,2024,2,2024-04-14,401585814,Washington Wizards,Boston Celtics,0,-10.0,227.5,122,132,30,29,30,33,34,35,38,25,0,DraftKings
nba,2024,2,2024-04-14,401585816,Atlanta Hawks,Indiana Pacers,0,-14.5,241.0,115,157,34,38,21,22,49,37,39,32,0,DraftKings
nba,2024,2,2024-04-14,401585815,Charlotte Hornets,Cleveland Cavaliers,0,-14.5,208.5,120,110,24,33,31,32,33,25,38,14,0,DraftKings
nba,2024,2,2024-04-14,401585817,Toronto Raptors,Miami Heat,0,-16.0,218.5,103,118,24,22,25,32,24,43,27,24,0,DraftKings
nba,2024,2,2024-04-14,401585818,Chicago Bulls,New York Knicks,0,-13.0,217.5,119,120,28,19,35,27,29,21,26,33,1,DraftKings
nba,2024,2,2024-04-14,401585819,Milwaukee Bucks,Orlando Magic,0,-6.0,215.0,88,113,30,12,29,17,22,25,33,33,0,DraftKings
nba,2024,2,2024-04-14,401585820,Brooklyn Nets,Philadelphia 76ers,0,-11.5,213.0,86,107,23,21,20,22,22,33,26,26,0,DraftKings
nba,2024,2,2024-04-14,401585822,Phoenix Suns,Minnesota Timberwolves,0,-2.5,216.5,125,106,44,22,23,36,22,31,25,28,0,DraftKings
nba,2024,2,2024-04-14,401585823,Los Angeles Lakers,New Orleans Pelicans,0,-1.5,231.5,124,108,30,40,29,25,24,29,24,31,0,DraftKings
nba,2024,2,2024-04-14,401585821,Denver Nuggets,Memphis Grizzlies,0,13.5,217.0,126,111,29,37,28,32,26,28,21,36,0,DraftKings
nba,2024,2,2024-04-14,401585826,Utah Jazz,Golden State Warriors,0,-11.0,224.0,116,123,27,29,33,27,33,30,32,28,0,DraftKings
nba,2024,2,2024-04-14,401585825,Detroit Pistons,San Antonio Spurs,0,-5.0,219.0,95,123,23,17,23,32,29,34,30,30,0,DraftKings
nba,2024,2,2024-04-14,401585827,Houston Rockets,LA Clippers,0,4.0,223.5,116,105,24,24,37,31,21,30,32,22,0,DraftKings
nba,2024,2,2024-04-14,401585824,Dallas Mavericks,Oklahoma City Thunder,0,-19.0,225.0,86,135,22,19,16,29,39,43,26,27,0,DraftKings
nba,2024,2,2024-04-14,401585828,Portland Trail Blazers,Sacramento Kings,0,-17.5,214.5,82,121,18,19,21,24,30,35,34,22,0,DraftKings
nba,2024,3,2024-04-20,401654757,Orlando Magic,Cleveland Cavaliers,0,-5.0,206.5,83,97,26,15,17,25,33,20,20,24,0,DraftKings
nba,2024,3,2024-04-20,401654756,Philadelphia 76ers,New York Knicks,0,-4.5,208.5,104,111,34,12,36,22,25,33,21,32,0,DraftKings
nba,2024,3,2024-04-20,401654759,Phoenix Suns,Minnesota Timberwolves,0,-1.5,214.0,95,120,28,23,21,23,27,34,31,28,0,DraftKings
nba,2024,3,2024-04-20,401654758,Los Angeles Lakers,Denver Nuggets,0,-6.5,227.0,103,114,33,27,18,25,25,32,32,25,0,DraftKings
nba,2024,3,2024-04-21,401654760,Miami Heat,Boston Celtics,0,-14.0,209.0,94,114,21,24,14,35,26,34,31,23,0,DraftKings
nba,2024,3,2024-04-21,401654761,Indiana Pacers,Milwaukee Bucks,0,1.5,230.0,94,109,21,21,29,23,30,39,14,26,0,DraftKings
nba,2024,3,2024-04-23,401655112,Indiana Pacers,Milwaukee Bucks,0,-0.5,223.5,125,108,30,30,32,33,26,29,28,25,0,ESPN BET
nba,2024,3,2024-04-21,401654762,New Orleans Pelicans,Oklahoma City Thunder,0,-9.0,216.0,92,94,17,26,25,24,17,26,31,20,0,DraftKings
nba,2024,3,2024-04-23,401655094,Dallas Mavericks,LA Clippers,0,-0.5,216.5,96,93,23,22,20,31,19,22,25,27,0,ESPN BET
nba,2024,3,2024-04-21,401654763,Dallas Mavericks,LA Clippers,0,3.5,221.5,97,109,22,8,34,33,34,22,31,22,0,DraftKings
nba,2024,3,2024-04-22,401655118,Orlando Magic,Cleveland Cavaliers,0,-5.5,212.0,86,96,18,26,21,21,30,28,22,16,0,DraftKings
nba,2024,3,2024-04-22,401655082,Los Angeles Lakers,Denver Nuggets,0,-7.0,223.5,99,101,28,31,20,20,24,20,25,32,0,DraftKings
nba,2024,3,2024-04-22,401655106,Philadelphia 76ers,New York Knicks,0,-4.5,206.0,101,104,25,28,21,27,18,31,30,25,0,DraftKings
nba,2024,3,2024-04-23,401655088,Phoenix Suns,Minnesota Timberwolves,0,-3.5,212.0,93,105,21,30,20,22,24,26,28,27,0,DraftKings
nba,2024,3,2024-04-24,401655100,Miami Heat,Boston Celtics,0,-15.0,203.0,111,101,28,30,27,26,27,34,18,22,0,DraftKings
nba,2024,3,2024-04-24,401655076,New Orleans Pelicans,Oklahoma City Thunder,0,-7.5,211.0,92,124,22,28,24,18,35,28,29,32,0,DraftKings
nba,2024,3,2024-04-27,401655101,Boston Celtics,Miami Heat,0,9.5,205.5,104,84,21,42,24,17,12,27,22,23,0,ESPN BET
nba,2024,3,2024-04-27,401655120,Cleveland Cavaliers,Orlando Magic,0,-2.5,202.5,89,112,23,37,10,19,22,29,37,24,0,ESPN BET
nba,2024,3,2024-04-25,401655119,Cleveland Cavaliers,Orlando Magic,0,-1.0,199.0,83,121,21,24,16,22,31,30,35,25,0,DraftKings
nba,2024,3,2024-04-27,401655077,Oklahoma City Thunder,New Orleans Pelicans,0,1.5,209.5,106,85,23,37,25,21,19,27,23,16,0,ESPN BET
nba,2024,3,2024-04-25,401655107,New York Knicks,Philadelphia 76ers,0,-4.5,204.0,114,125,29,29,27,29,27,28,43,27,0,DraftKings
nba,2024,3,2024-04-28,401655108,New York Knicks,Philadelphia 76ers,0,-5.5,209.5,97,92,17,30,30,20,27,22,27,16,0,ESPN BET
nba,2024,3,2024-04-27,401655084,Denver Nuggets,Los Angeles Lakers,0,3.5,219.5,108,119,23,25,32,28,28,33,30,28,0,ESPN BET
nba,2024,3,2024-04-26,401655113,Milwaukee Bucks,Indiana Pacers,0,-4.5,224.5,118,121,22,33,28,28,39,28,23,21,1,DraftKings
nba,2024,3,2024-04-25,401655083,Denver Nuggets,Los Angeles Lakers,0,1.0,216.5,112,105,23,26,34,29,33,20,22,30,0,DraftKings
nba,2024,3,2024-04-28,401655096,LA Clippers,Dallas Mavericks,0,-7.5,209.5,116,111,39,27,16,34,16,33,29,33,0,ESPN BET
nba,2024,3,2024-04-28,401655114,Milwaukee Bucks,Indiana Pacers,0,-10.5,214.5,113,126,33,31,21,28,33,34,31,28,0,ESPN BET
nba,2024,3,2024-04-26,401655095,LA Clippers,Dallas Mavericks,0,-3.5,210.0,90,101,23,18,26,23,18,36,24,23,0,DraftKings
nba,2024,3,2024-04-26,401655089,Minnesota Timberwolves,Phoenix Suns,0,-4.0,209.0,126,109,34,25,36,31,32,21,20,36,0,DraftKings
nba,2024,3,2024-04-29,401655102,Boston Celtics,Miami Heat,0,10.5,205.5,102,88,34,19,28,21,24,12,23,29,0,ESPN BET
nba,2024,3,2024-04-28,401655090,Minnesota Timberwolves,Phoenix Suns,0,-1.5,212.5,122,116,25,31,34,32,26,35,31,24,0,ESPN BET
nba,2024,3,2024-04-29,401655078,Oklahoma City Thunder,New Orleans Pelicans,0,4.5,208.5,97,89,21,23,26,27,21,22,28,18,0,ESPN BET
nba,2024,3,2024-04-29,401655085,Los Angeles Lakers,Denver Nuggets,0,-6.5,217.5,106,108,24,29,26,27,28,22,31,27,0,ESPN BET
nba,2024,3,2024-04-30,401655115,Indiana Pacers,Milwaukee Bucks,0,5.5,217.5,92,115,31,17,19,25,23,30,34,28,0,ESPN BET
nba,2024,3,2024-05-01,401655103,Miami Heat,Boston Celtics,0,-13.5,201.5,84,118,23,23,20,18,41,27,30,20,0,ESPN BET
nba,2024,3,2024-04-30,401655121,Orlando Magic,Cleveland Cavaliers,0,-4.5,203.5,103,104,23,24,23,33,33,15,27,29,0,ESPN BET
nba,2024,3,2024-04-30,401655109,Philadelphia 76ers,New York Knicks,0,-4.5,203.5,112,106,26,17,26,28,17,32,21,27,1,ESPN BET
nba,2024,3,2024-05-01,401655097,Dallas Mavericks,LA Clippers,0,2.5,208.5,123,93,25,31,33,34,24,22,23,24,0,ESPN BET
nba,2024,3,2024-05-02,401655116,Milwaukee Bucks,Indiana Pacers,0,-5.5,217.5,98,120,24,23,31,20,33,26,34,27,0,ESPN BET
nba,2024,3,2024-05-02,401655110,New York Knicks,Philadelphia 76ers,0,-3.5,202.5,118,115,36,15,32,35,22,32,29,32,0,ESPN BET
nba,2024,3,2024-05-03,401655122,Cleveland Cavaliers,Orlando Magic,0,-4.5,201.5,96,103,25,24,29,18,29,24,20,30,0,ESPN BET
nba,2024,3,2024-05-04,401657182,Minnesota Timberwolves,Denver Nuggets,0,-4.5,209.5,106,99,23,17,33,33,25,19,27,28,0,ESPN BET
nba,2024,3,2024-05-03,401655098,LA Clippers,Dallas Mavericks,0,-8.5,209.5,101,114,26,26,20,29,34,18,35,27,0,ESPN BET
nba,2024,3,2024-05-05,401655123,Orlando Magic,Cleveland Cavaliers,0,-3.5,195.5,94,106,24,29,15,26,18,25,33,30,0,ESPN BET
nba,2024,3,2024-05-06,401657420,Indiana Pacers,New York Knicks,0,-5.5,216.5,117,121,24,31,32,30,27,22,33,39,0,ESPN BET
nba,2024,3,2024-05-06,401657183,Minnesota Timberwolves,Denver Nuggets,0,-7.5,209.5,106,80,28,33,21,24,20,15,25,20,0,ESPN BET
nba,2024,3,2024-05-07,401658224,Cleveland Cavaliers,Boston Celtics,0,-12.5,211.5,95,120,34,15,28,18,40,19,33,28,0,ESPN BET
nba,2024,3,2024-05-07,401657231,Dallas Mavericks,Oklahoma City Thunder,0,-3.5,218.5,95,117,23,30,26,16,23,39,27,28,0,ESPN BET
nba,2024,3,2024-05-09,401658188,Dallas Mavericks,Oklahoma City Thunder,0,-5.5,217.5,119,110,36,32,31,20,32,30,27,21,0,ESPN BET
nba,2024,3,2024-05-09,401658225,Cleveland Cavaliers,Boston Celtics,0,-12.5,212.5,118,94,30,24,36,28,24,30,24,16,0,ESPN BET
nba,2024,3,2024-05-10,401657184,Denver Nuggets,Minnesota Timberwolves,0,-3.5,205.5,117,90,28,28,37,24,20,21,25,24,0,ESPN BET
nba,2024,3,2024-05-10,401657422,New York Knicks,Indiana Pacers,0,-7.5,220.5,106,111,20,38,32,16,29,34,22,26,0,ESPN BET
nba,2024,3,2024-05-11,401658226,Boston Celtics,Cleveland Cavaliers,0,7.5,210.5,106,93,30,27,27,22,28,20,21,24,0,ESPN BET
nba,2024,3,2024-05-08,401657421,Indiana Pacers,New York Knicks,0,-4.5,218.5,121,130,36,37,18,30,36,27,36,31,0,ESPN BET
nba,2024,3,2024-05-12,401657423,New York Knicks,Indiana Pacers,0,-5.5,219.5,89,121,14,27,22,26,34,35,32,20,0,ESPN BET
nba,2024,3,2024-05-11,401658190,Oklahoma City Thunder,Dallas Mavericks,0,-1.5,217.5,101,105,23,29,26,23,26,25,31,23,0,ESPN BET
nba,2024,3,2024-05-12,401657185,Denver Nuggets,Minnesota Timberwolves,0,-3.5,204.5,115,107,29,35,26,25,24,25,30,28,0,ESPN BET
nba,2024,3,2024-05-13,401658227,Boston Celtics,Cleveland Cavaliers,0,11.5,203.5,109,102,37,25,26,21,30,27,21,24,0,ESPN BET
nba,2024,3,2024-05-13,401658191,Oklahoma City Thunder,Dallas Mavericks,0,-1.5,215.5,100,96,20,23,22,35,30,24,15,27,0,ESPN BET
nba,2024,3,2024-05-15,401658228,Cleveland Cavaliers,Boston Celtics,0,-15.5,205.5,98,113,28,24,26,20,28,30,27,28,0,ESPN BET
nba,2024,3,2024-05-14,401658196,Indiana Pacers,New York Knicks,0,-1.5,217.5,91,121,32,22,21,16,38,31,27,25,0,ESPN BET
nba,2024,3,2024-05-14,401657186,Minnesota Timberwolves,Denver Nuggets,0,-4.5,204.5,97,112,26,18,30,23,28,22,38,24,0,ESPN BET
nba,2024,3,2024-05-16,401657187,Denver Nuggets,Minnesota Timberwolves,0,-2.5,204.5,70,115,14,26,21,9,31,28,27,29,0,ESPN BET
nba,2024,3,2024-05-15,401658192,Dallas Mavericks,Oklahoma City Thunder,0,-4.5,212.5,104,92,24,30,25,25,22,22,23,25,0,ESPN BET
nba,2024,3,2024-05-19,401658198,Indiana Pacers,New York Knicks,0,-2.5,207.5,130,109,39,31,31,29,27,28,29,25,0,ESPN BET
nba,2024,3,2024-05-17,401658197,New York Knicks,Indiana Pacers,0,-5.5,215.5,103,116,30,21,24,28,29,32,27,28,0,ESPN BET
nba,2024,3,2024-05-18,401658194,Oklahoma City Thunder,Dallas Mavericks,0,-3.5,208.5,116,117,30,34,26,26,23,25,35,34,0,ESPN BET
nba,2024,3,2024-05-19,401657188,Minnesota Timberwolves,Denver Nuggets,0,-4.5,201.5,98,90,19,19,28,32,24,29,14,23,0,ESPN BET
nba,2024,3,2024-05-21,401671998,Indiana Pacers,Boston Celtics,0,-9.5,223.5,128,133,31,33,29,24,34,30,30,23,1,ESPN BET
nba,2024,3,2024-05-23,401671999,Indiana Pacers,Boston Celtics,0,-8.5,225.5,110,126,27,24,29,30,25,32,36,33,0,ESPN BET
nba,2024,3,2024-05-22,401672976,Dallas Mavericks,Minnesota Timberwolves,0,-4.5,206.5,108,105,27,32,23,26,33,29,21,22,0,ESPN BET
nba,2024,3,2024-05-27,401672001,Boston Celtics,Indiana Pacers,0,7.5,222.5,105,102,29,29,22,25,27,30,26,19,0,ESPN BET
nba,2024,3,2024-05-24,401672977,Dallas Mavericks,Minnesota Timberwolves,0,-6.5,207.5,109,108,26,22,31,30,32,28,26,22,0,ESPN BET
nba,2024,3,2024-05-25,401672000,Boston Celtics,Indiana Pacers,0,7.5,220.5,114,111,32,25,24,33,31,38,21,21,0,ESPN BET
nba,2024,3,2024-05-26,401672978,Minnesota Timberwolves,Dallas Mavericks,0,-1.5,207.5,107,116,28,24,35,20,33,27,27,29,0,ESPN BET
nba,2024,3,2024-05-28,401672979,Minnesota Timberwolves,Dallas Mavericks,0,-1.5,211.5,105,100,27,22,29,27,20,29,24,27,0,ESPN BET
nba,2024,3,2024-06-06,401656359,Dallas Mavericks,Boston Celtics,0,-6.5,216.5,89,107,20,22,24,23,37,26,23,21,0,ESPN BET
nba,2024,3,2024-05-30,401672980,Dallas Mavericks,Minnesota Timberwolves,0,-5.5,208.5,124,103,35,34,28,27,19,21,33,30,0,ESPN BET
nba,2024,3,2024-06-09,401656360,Dallas Mavericks,Boston Celtics,0,-6.5,214.5,98,105,28,23,23,24,25,29,29,22,0,ESPN BET
nba,2024,3,2024-06-12,401656361,Boston Celtics,Dallas Mavericks,0,-2.5,213.5,106,99,30,20,35,21,31,20,19,29,0,ESPN BET
nba,2024,3,2024-06-17,401656363,Dallas Mavericks,Boston Celtics,0,-6.5,210.5,88,106,18,28,21,21,28,39,19,20,0,ESPN BET
nba,2024,3,2024-06-14,401656362,Boston Celtics,Dallas Mavericks,0,-0.5,211.5,84,122,21,14,25,24,34,27,31,30,0,ESPN BET
nba,2025,2,2024-10-22,401704627,New York Knicks,Boston Celtics,0,-5.5,221.5,109,132,24,31,32,22,43,31,39,19,0,ESPN BET
nba,2025,2,2024-10-22,401704628,Minnesota Timberwolves,Los Angeles Lakers,0,1.5,223.5,103,110,23,19,32,29,22,33,27,28,0,ESPN BET
nba,2025,2,2024-10-23,401704637,Phoenix Suns,LA Clippers,0,4.5,224.5,116,113,23,24,25,31,22,17,35,29,1,ESPN BET
nba,2025,2,2024-10-23,401704629,Indiana Pacers,Detroit Pistons,0,5.5,235.5,115,109,25,24,33,33,31,27,32,19,0,ESPN BET
nba,2025,2,2024-10-23,401704632,Milwaukee Bucks,Philadelphia 76ers,0,4.5,222.5,124,109,22,36,42,24,23,24,34,28,0,ESPN BET
nba,2025,2,2024-10-23,401704630,Brooklyn Nets,Atlanta Hawks,0,-7.5,223.5,116,120,24,31,28,33,30,21,32,37,0,ESPN BET
nba,2025,2,2024-10-23,401704638,Golden State Warriors,Portland Trail Blazers,0,7.5,222.5,140,104,21,41,38,40,21,29,22,32,0,ESPN BET
nba,2025,2,2024-10-23,401704634,Charlotte Hornets,Houston Rockets,0,-8.5,230.5,110,105,21,28,30,31,26,34,23,22,0,ESPN BET
nba,2025,2,2024-10-24,401704639,Boston Celtics,Washington Wizards,0,14.5,230.5,122,102,33,31,34,24,32,22,19,29,0,ESPN BET
nba,2025,2,2024-10-23,401704636,Memphis Grizzlies,Utah Jazz,0,2.5,229.5,126,124,29,32,32,33,23,27,36,38,0,ESPN BET
nba,2025,2,2024-10-24,401704642,Minnesota Timberwolves,Sacramento Kings,0,-0.5,221.5,117,115,29,26,34,28,32,27,29,27,0,ESPN BET
nba,2025,2,2024-10-24,401704641,Oklahoma City Thunder,Denver Nuggets,0,-2.5,228.5,102,87,31,27,27,17,24,27,17,19,0,ESPN BET
nba,2025,2,2024-10-24,401704640,San Antonio Spurs,Dallas Mavericks,0,-8.5,226.5,109,120,22,27,31,29,20,27,40,33,0,ESPN BET
nba,2025,2,2024-10-23,401704631,Orlando Magic,Miami Heat,0,-1.5,207.5,116,97,32,26,39,19,32,22,18,25,0,ESPN BET
nba,2025,2,2024-10-23,401704633,Cleveland Cavaliers,Toronto Raptors,0,6.5,226.5,136,106,33,36,36,31,32,17,30,27,0,ESPN BET
nba,2025,2,2024-10-23,401704635,Chicago Bulls,New Orleans Pelicans,0,-5.5,225.5,111,123,25,33,25,28,29,30,36,28,0,ESPN BET
nba,2025,2,2024-10-25,401704644,Philadelphia 76ers,Toronto Raptors,0,5.5,220.5,107,115,31,25,21,30,30,32,21,32,0,ESPN BET
nba,2025,2,2024-10-25,401704643,Brooklyn Nets,Orlando Magic,0,-11.5,214.5,101,116,23,23,25,30,22,27,32,35,0,ESPN BET
nba,2025,2,2024-10-25,401704646,Detroit Pistons,Cleveland Cavaliers,0,-10.5,224.5,101,113,29,26,24,22,28,37,26,22,0,ESPN BET
nba,2025,2,2024-10-25,401704649,Chicago Bulls,Milwaukee Bucks,0,-9.5,234.5,133,122,30,33,39,31,32,32,31,27,0,ESPN BET
nba,2025,2,2024-10-25,401704647,Indiana Pacers,New York Knicks,0,-4.5,229.5,98,123,24,21,19,34,25,36,34,28,0,ESPN BET
nba,2025,2,2024-10-25,401704645,Charlotte Hornets,Atlanta Hawks,0,-5.5,226.5,120,125,16,42,27,35,28,34,26,37,0,ESPN BET
nba,2025,2,2024-10-25,401704648,Memphis Grizzlies,Houston Rockets,0,-3.5,226.5,108,128,38,27,18,25,38,21,39,30,0,ESPN BET
nba,2025,2,2024-10-25,401704652,New Orleans Pelicans,Portland Trail Blazers,0,6.5,219.5,105,103,15,22,38,30,27,20,37,19,0,ESPN BET
nba,2025,2,2024-10-25,401704651,Phoenix Suns,Los Angeles Lakers,0,-1.5,227.5,116,123,38,23,24,31,23,29,35,36,0,ESPN BET
nba,2025,2,2024-10-25,401704650,Golden State Warriors,Utah Jazz,0,6.5,234.5,127,86,32,24,38,33,24,18,28,16,0,ESPN BET
nba,2025,2,2024-10-26,401704654,Miami Heat,Charlotte Hornets,0,5.5,223.5,114,106,23,33,27,31,23,25,24,34,0,ESPN BET
nba,2025,2,2024-10-26,401704658,Orlando Magic,Memphis Grizzlies,0,-0.5,221.5,111,124,24,19,35,33,34,35,21,34,0,ESPN BET
nba,2025,2,2024-10-26,401704656,Cleveland Cavaliers,Washington Wizards,0,9.5,227.5,135,116,28,31,38,38,25,28,28,35,0,ESPN BET
nba,2025,2,2024-10-26,401704657,Oklahoma City Thunder,Chicago Bulls,0,9.5,231.5,114,95,26,33,29,26,21,18,26,30,0,ESPN BET
nba,2025,2,2024-10-26,401704655,Boston Celtics,Detroit Pistons,0,12.5,224.5,124,118,42,31,21,30,31,31,31,25,0,ESPN BET
nba,2025,2,2024-10-26,401704653,LA Clippers,Denver Nuggets,0,-7.5,218.5,109,104,27,21,22,39,19,23,29,33,0,ESPN BET
nba,2025,2,2024-10-26,401704659,Toronto Raptors,Minnesota Timberwolves,0,-14.5,219.5,101,112,18,26,28,29,32,24,33,23,0,ESPN BET
nba,2025,2,2024-10-26,401704660,Houston Rockets,San Antonio Spurs,0,1.5,223.5,106,109,31,10,28,37,38,24,25,22,0,ESPN BET
nba,2025,2,2024-10-27,401704663,Philadelphia 76ers,Indiana Pacers,0,-8.5,229.5,118,114,28,24,27,26,23,35,20,27,1,ESPN BET
nba,2025,2,2024-10-26,401704661,Dallas Mavericks,Phoenix Suns,0,3.5,229.5,102,114,26,29,25,22,28,35,28,23,0,ESPN BET
nba,2025,2,2024-10-26,401704662,Sacramento Kings,Los Angeles Lakers,0,-0.5,230.5,127,131,26,34,34,33,28,36,23,44,0,ESPN BET
nba,2025,2,2024-10-27,401704665,New Orleans Pelicans,Portland Trail Blazers,0,6.5,220.5,103,125,25,22,30,26,26,33,34,32,0,ESPN BET
nba,2025,2,2024-10-27,401704666,Atlanta Hawks,Oklahoma City Thunder,0,-10.5,230.5,104,128,27,31,28,18,23,34,32,39,0,ESPN BET
nba,2025,2,2024-10-27,401704664,Milwaukee Bucks,Brooklyn Nets,0,8.5,227.5,102,115,25,20,33,24,27,21,35,32,0,ESPN BET
nba,2025,2,2024-10-28,401704669,Washington Wizards,Atlanta Hawks,0,-7.5,234.5,121,119,25,29,30,37,28,33,22,36,0,ESPN BET
nba,2025,2,2024-10-28,401704668,Indiana Pacers,Orlando Magic,0,-5.5,224.5,115,119,36,23,39,17,35,36,22,26,0,ESPN BET
nba,2025,2,2024-10-28,401704670,Milwaukee Bucks,Boston Celtics,0,-9.5,232.5,108,119,29,27,26,26,28,25,37,29,0,ESPN BET
nba,2025,2,2024-10-27,401704667,LA Clippers,Golden State Warriors,0,-9.5,221.5,112,104,34,25,27,26,34,20,25,25,0,ESPN BET
nba,2025,2,2024-10-28,401704672,Cleveland Cavaliers,New York Knicks,0,-2.5,221.5,110,104,22,23,29,36,18,34,26,26,0,ESPN BET
nba,2025,2,2024-10-28,401704673,Denver Nuggets,Toronto Raptors,0,8.5,223.5,127,125,29,25,29,31,30,32,26,26,1,ESPN BET
nba,2025,2,2024-10-28,401704671,Detroit Pistons,Miami Heat,0,-8.5,219.5,98,106,30,23,26,19,28,36,14,28,0,ESPN BET
nba,2025,2,2024-10-28,401704674,Chicago Bulls,Memphis Grizzlies,0,-4.5,231.5,126,123,22,32,39,33,32,36,32,23,0,ESPN BET
nba,2025,2,2024-10-28,401704675,Houston Rockets,San Antonio Spurs,0,2.5,220.5,106,101,29,33,25,19,15,30,30,26,0,ESPN BET
nba,2025,2,2024-10-28,401704676,Utah Jazz,Dallas Mavericks,0,-11.5,231.5,102,110,19,24,27,32,27,22,33,28,0,ESPN BET
nba,2025,2,2024-10-28,401704678,Portland Trail Blazers,Sacramento Kings,0,-12.5,230.5,98,111,20,23,28,27,25,26,38,22,0,ESPN BET
nba,2025,2,2024-10-28,401704677,Los Angeles Lakers,Phoenix Suns,0,-4.5,229.5,105,109,34,14,35,22,25,25,26,33,0,ESPN BET
nba,2025,2,2024-10-29,401704679,Denver Nuggets,Brooklyn Nets,0,5.5,218.5,144,139,27,36,33,29,40,32,27,26,1,ESPN BET
nba,2025,2,2024-10-29,401704682,New Orleans Pelicans,Golden State Warriors,0,2.5,217.5,106,124,31,20,28,27,14,33,40,37,0,ESPN BET
nba,2025,2,2024-10-30,401704683,Toronto Raptors,Charlotte Hornets,0,-6.5,225.5,133,138,16,43,37,37,30,34,39,35,0,ESPN BET
nba,2025,2,2024-10-29,401704680,Dallas Mavericks,Minnesota Timberwolves,0,-4.5,220.5,120,114,26,35,32,27,34,25,23,32,0,ESPN BET
nba,2025,2,2024-10-29,401704681,Sacramento Kings,Utah Jazz,0,6.5,235.5,113,96,34,27,29,23,22,30,14,30,0,ESPN BET
nba,2025,2,2024-10-30,401704685,Boston Celtics,Indiana Pacers,0,6.5,235.5,132,135,31,26,29,38,35,32,33,24,1,ESPN BET
nba,2025,2,2024-10-30,401704684,Los Angeles Lakers,Cleveland Cavaliers,0,-4.5,226.5,110,134,23,25,31,31,42,25,32,35,0,ESPN BET
nba,2025,2,2024-10-30,401704687,Atlanta Hawks,Washington Wizards,0,4.5,233.5,120,133,34,31,27,28,33,24,36,40,0,ESPN BET
nba,2025,2,2024-10-30,401704686,Detroit Pistons,Philadelphia 76ers,0,-4.5,219.5,105,95,22,32,31,20,26,19,22,28,0,ESPN BET
nba,2025,2,2024-10-30,401704688,New York Knicks,Miami Heat,0,1.5,214.5,116,107,26,26,35,29,32,26,22,27,0,ESPN BET
nba,2025,2,2024-10-30,401704689,Orlando Magic,Chicago Bulls,0,5.5,226.5,99,102,33,29,25,12,18,34,34,16,0,ESPN BET
nba,2025,2,2024-10-30,401704690,Brooklyn Nets,Memphis Grizzlies,0,-12.5,226.5,119,106,34,33,24,28,29,33,28,16,0,ESPN BET
nba,2025,2,2024-10-30,401704691,San Antonio Spurs,Oklahoma City Thunder,0,-12.5,220.5,93,105,19,25,26,23,26,33,23,23,0,ESPN BET
nba,2025,2,2024-10-31,401704695,Houston Rockets,Dallas Mavericks,0,-6.5,225.5,108,102,34,23,31,20,21,23,28,30,0,ESPN BET
nba,2025,2,2024-10-30,401704692,New Orleans Pelicans,Golden State Warriors,0,-3.5,219.5,89,104,20,24,22,23,28,20,31,25,0,ESPN BET
nba,2025,2,2024-10-31,401704694,Milwaukee Bucks,Memphis Grizzlies,0,6.5,230.5,99,122,24,24,22,29,40,30,29,23,0,ESPN BET
nba,2025,2,2024-10-30,401704693,Portland Trail Blazers,LA Clippers,0,-8.5,219.5,106,105,24,30,28,24,26,24,35,20,0,ESPN BET
nba,2025,2,2024-11-01,401704698,Boston Celtics,Charlotte Hornets,0,10.5,233.5,124,109,40,31,21,32,25,42,19,23,0,ESPN BET
nba,2025,2,2024-10-31,401704697,Phoenix Suns,LA Clippers,0,4.5,220.5,125,119,20,32,39,34,37,33,23,26,0,ESPN BET
nba,2025,2,2024-10-31,401704696,San Antonio Spurs,Utah Jazz,0,2.5,220.5,106,88,19,28,30,29,30,23,14,21,0,ESPN BET
nba,2025,2,2024-11-01,401704699,Orlando Magic,Cleveland Cavaliers,0,-7.5,216.5,109,120,16,28,34,31,34,29,32,25,0,ESPN BET
nba,2025,2,2024-11-01,401704700,New York Knicks,Detroit Pistons,0,6.5,218.5,128,98,39,30,35,24,13,33,28,24,0,ESPN BET
nba,2025,2,2024-11-01,401704702,Chicago Bulls,Brooklyn Nets,0,-1.5,227.5,112,120,30,30,30,22,37,31,24,28,0,ESPN BET
nba,2025,2,2024-11-01,401704701,Sacramento Kings,Atlanta Hawks,0,6.5,235.5,123,115,33,36,33,21,26,33,31,25,0,ESPN BET
nba,2025,2,2024-11-01,401704704,Indiana Pacers,New Orleans Pelicans,0,4.5,230.5,118,125,35,27,27,29,35,27,33,30,0,ESPN BET
nba,2025,2,2024-11-01,401704705,Denver Nuggets,Minnesota Timberwolves,0,-3.5,219.5,116,119,29,32,24,31,33,31,27,28,0,ESPN BET
nba,2025,2,2024-11-01,401704703,Los Angeles Lakers,Toronto Raptors,0,9.5,231.5,131,125,43,33,23,32,19,32,37,37,0,ESPN BET
nba,2025,2,2024-11-01,401704706,Oklahoma City Thunder,Portland Trail Blazers,0,11.5,221.5,137,114,37,31,38,31,24,44,17,29,0,ESPN BET
nba,2025,2,2024-11-02,401704707,Boston Celtics,Charlotte Hornets,0,10.5,231.5,113,103,38,30,17,28,24,26,24,29,0,ESPN BET
nba,2025,2,2024-11-02,401704710,Golden State Warriors,Houston Rockets,0,-4.5,215.5,127,121,38,33,25,23,20,23,37,39,1,ESPN BET
nba,2025,2,2024-11-02,401704708,Memphis Grizzlies,Philadelphia 76ers,0,1.5,223.5,124,107,24,35,33,32,28,24,23,32,0,ESPN BET
nba,2025,2,2024-11-02,401704712,Minnesota Timberwolves,San Antonio Spurs,0,3.5,214.5,103,113,32,25,25,21,32,30,33,18,0,ESPN BET
nba,2025,2,2024-11-02,401704709,Sacramento Kings,Toronto Raptors,0,9.5,235.5,128,131,29,34,23,34,37,29,30,24,1,ESPN BET
nba,2025,2,2024-11-02,401704711,Cleveland Cavaliers,Milwaukee Bucks,0,-1.5,230.5,114,113,30,31,26,27,38,24,22,29,0,ESPN BET
nba,2025,2,2024-11-02,401704714,Utah Jazz,Denver Nuggets,0,-10.5,221.5,103,129,26,30,19,28,37,28,34,30,0,ESPN BET
nba,2025,2,2024-11-02,401704715,Portland Trail Blazers,Phoenix Suns,0,-12.5,229.5,97,103,18,29,18,32,22,21,44,16,0,ESPN BET
nba,2025,2,2024-11-02,401704713,Miami Heat,Washington Wizards,1,9.5,224.5,118,98,31,25,33,29,21,27,22,28,0,ESPN BET
nba,2025,2,2024-11-02,401704716,Oklahoma City Thunder,LA Clippers,0,5.5,220.5,105,92,19,34,28,24,28,29,21,14,0,ESPN BET
nba,2025,2,2024-11-03,401704717,Detroit Pistons,Brooklyn Nets,0,-3.5,218.5,106,92,29,23,31,23,25,32,20,15,0,ESPN BET
nba,2025,2,2024-11-03,401704718,Atlanta Hawks,New Orleans Pelicans,0,1.5,225.5,126,111,33,25,35,33,30,29,26,26,0,ESPN BET
nba,2025,2,2024-11-04,401704720,Milwaukee Bucks,Cleveland Cavaliers,0,-8.5,228.5,114,116,31,29,31,23,35,38,16,27,0,ESPN BET
nba,2025,2,2024-11-04,401704721,Golden State Warriors,Washington Wizards,0,10.5,233.5,125,112,29,25,39,32,20,25,36,31,0,ESPN BET
nba,2025,2,2024-11-04,401704722,Los Angeles Lakers,Detroit Pistons,0,6.5,225.5,103,115,22,31,24,26,33,34,16,32,0,ESPN BET
nba,2025,2,2024-11-03,401704719,Orlando Magic,Dallas Mavericks,0,-6.5,220.5,85,108,22,18,21,24,30,35,23,20,0,ESPN BET
nba,2025,2,2024-11-04,401704723,Boston Celtics,Atlanta Hawks,0,10.5,232.5,123,93,35,40,28,20,30,23,22,18,0,ESPN BET
nba,2025,2,2024-11-04,401704724,Memphis Grizzlies,Brooklyn Nets,0,4.5,223.5,104,106,30,19,30,25,23,27,33,23,0,ESPN BET
nba,2025,2,2024-11-04,401704728,Charlotte Hornets,Minnesota Timberwolves,0,-11.5,225.5,93,114,24,21,26,22,24,33,34,23,0,ESPN BET
nba,2025,2,2024-11-04,401704732,Toronto Raptors,Denver Nuggets,0,-11.5,231.5,119,121,37,27,29,26,34,25,29,33,0,ESPN BET
nba,2025,2,2024-11-04,401704725,Sacramento Kings,Miami Heat,0,-0.5,224.5,111,110,22,26,37,26,25,36,17,32,0,ESPN BET
nba,2025,2,2024-11-04,401704727,New York Knicks,Houston Rockets,0,2.5,218.5,97,109,26,30,19,22,31,30,20,28,0,ESPN BET
nba,2025,2,2024-11-04,401704729,Orlando Magic,Oklahoma City Thunder,0,-12.5,217.5,86,102,26,17,15,28,39,19,26,18,0,ESPN BET
nba,2025,2,2024-11-04,401704731,Indiana Pacers,Dallas Mavericks,0,-4.5,236.5,134,127,36,27,33,38,29,30,36,32,0,ESPN BET
nba,2025,2,2024-11-04,401704730,Portland Trail Blazers,New Orleans Pelicans,0,-1.5,217.5,118,100,21,27,31,39,30,25,27,18,0,ESPN BET
nba,2025,2,2024-11-04,401704734,San Antonio Spurs,LA Clippers,0,-4.5,215.5,104,113,40,16,30,18,14,34,34,31,0,ESPN BET
nba,2025,2,2024-11-04,401704733,Philadelphia 76ers,Phoenix Suns,0,-7.5,222.5,116,118,26,37,30,23,28,37,29,24,0,ESPN BET
nba,2025,2,2024-11-06,401704735,Detroit Pistons,Charlotte Hornets,0,1.5,222.5,107,108,24,21,31,31,23,23,31,31,0,ESPN BET
nba,2025,2,2024-11-06,401704738,Golden State Warriors,Boston Celtics,0,-6.5,228.5,118,112,19,32,31,36,24,16,41,31,0,ESPN BET
nba,2025,2,2024-11-06,401704737,New York Knicks,Atlanta Hawks,0,7.5,225.5,116,121,22,39,28,27,26,39,24,32,0,ESPN BET
nba,2025,2,2024-11-06,401704736,Orlando Magic,Indiana Pacers,0,-5.5,226.5,111,118,26,31,28,26,38,23,26,31,0,ESPN BET
nba,2025,2,2024-11-06,401704739,San Antonio Spurs,Houston Rockets,0,-6.5,215.5,100,127,19,19,33,29,31,32,31,33,0,ESPN BET
nba,2025,2,2024-11-06,401704742,Chicago Bulls,Dallas Mavericks,0,-10.5,236.5,99,119,24,21,23,31,32,24,32,31,0,ESPN BET
nba,2025,2,2024-11-06,401704741,Cleveland Cavaliers,New Orleans Pelicans,0,6.5,224.5,131,122,29,30,40,32,34,25,29,34,0,ESPN BET
nba,2025,2,2024-11-06,401704743,Oklahoma City Thunder,Denver Nuggets,0,7.5,225.5,122,124,32,34,29,27,30,25,40,29,0,ESPN BET
nba,2025,2,2024-11-06,401704745,Philadelphia 76ers,LA Clippers,0,-2.5,215.5,98,110,27,24,17,30,24,27,33,26,0,ESPN BET
nba,2025,2,2024-11-07,401704748,Utah Jazz,Milwaukee Bucks,0,-9.5,232.5,100,123,29,32,16,23,31,26,31,35,0,ESPN BET
nba,2025,2,2024-11-06,401704744,Miami Heat,Phoenix Suns,0,-5.5,222.5,112,115,25,33,29,25,26,29,29,31,0,ESPN BET
nba,2025,2,2024-11-06,401704746,Toronto Raptors,Sacramento Kings,0,-11.5,237.5,107,122,33,21,39,14,30,27,32,33,0,ESPN BET
nba,2025,2,2024-11-06,401704740,Los Angeles Lakers,Memphis Grizzlies,0,-4.5,232.5,114,131,27,26,28,33,35,24,36,36,0,ESPN BET
nba,2025,2,2024-11-07,401704747,Minnesota Timberwolves,Chicago Bulls,0,9.5,226.5,135,119,28,28,34,45,34,31,30,24,0,ESPN BET
nba,2025,2,2024-11-07,401704749,Portland Trail Blazers,San Antonio Spurs,0,-4.5,217.5,105,118,27,28,24,26,33,23,35,27,0,ESPN BET
nba,2025,2,2024-11-08,401704750,Indiana Pacers,Charlotte Hornets,0,6.5,235.5,83,103,26,18,22,17,29,15,30,29,0,ESPN BET
nba,2025,2,2024-11-08,401704751,Atlanta Hawks,Detroit Pistons,0,-2.5,227.5,121,122,23,30,32,36,40,26,29,27,0,ESPN BET
nba,2025,2,2024-11-08,401704754,Golden State Warriors,Cleveland Cavaliers,0,-3.5,229.5,117,136,22,20,41,34,39,44,29,24,0,ESPN BET
nba,2025,2,2024-11-08,401704752,New Orleans Pelicans,Orlando Magic,0,-7.5,210.5,88,115,23,24,25,16,37,20,28,30,0,ESPN BET
nba,2025,2,2024-11-08,401704753,Brooklyn Nets,Boston Celtics,0,-13.5,220.5,104,108,28,23,27,16,24,25,27,18,1,ESPN BET
nba,2025,2,2024-11-08,401704755,Milwaukee Bucks,New York Knicks,0,-6.5,223.5,94,116,25,22,25,22,32,34,25,25,0,ESPN BET
nba,2025,2,2024-11-08,401704761,Philadelphia 76ers,Los Angeles Lakers,0,-7.5,224.5,106,116,29,31,21,25,36,32,28,20,0,ESPN BET
nba,2025,2,2024-11-08,401704759,Portland Trail Blazers,Minnesota Timberwolves,0,-12.5,220.5,102,127,17,34,24,27,35,29,34,29,0,ESPN BET
nba,2025,2,2024-11-08,401704760,Miami Heat,Denver Nuggets,0,-3.5,221.5,122,135,27,33,30,32,40,31,33,31,0,ESPN BET
nba,2025,2,2024-11-08,401704758,Houston Rockets,Oklahoma City Thunder,0,-7.5,221.5,107,126,31,20,25,31,31,44,23,28,0,ESPN BET
nba,2025,2,2024-11-09,401704764,Chicago Bulls,Atlanta Hawks,0,-2.5,241.5,125,113,24,36,30,35,37,33,28,15,0,ESPN BET
nba,2025,2,2024-11-09,401704763,Utah Jazz,San Antonio Spurs,0,-6.5,221.5,111,110,25,28,29,29,22,23,37,28,0,ESPN BET
nba,2025,2,2024-11-08,401704756,Phoenix Suns,Dallas Mavericks,0,-2.5,232.5,114,113,36,27,24,27,26,24,33,30,0,ESPN BET
nba,2025,2,2024-11-08,401704757,Washington Wizards,Memphis Grizzlies,0,-7.5,231.5,104,128,24,25,22,33,34,32,32,30,0,ESPN BET
nba,2025,2,2024-11-08,401704762,LA Clippers,Sacramento Kings,0,-6.5,224.5,107,98,34,17,27,29,28,17,28,25,0,ESPN BET
nba,2025,2,2024-11-09,401704765,Brooklyn Nets,Cleveland Cavaliers,0,-12.5,220.5,100,105,28,27,27,18,34,23,13,35,0,ESPN BET
nba,2025,2,2024-11-09,401704766,Toronto Raptors,LA Clippers,0,-6.5,226.5,103,105,22,25,23,33,28,24,29,24,0,ESPN BET
nba,2025,2,2024-11-10,401704768,Boston Celtics,Milwaukee Bucks,0,5.5,229.5,113,107,30,28,29,26,40,29,15,23,0,ESPN BET
nba,2025,2,2024-11-10,401704769,New York Knicks,Indiana Pacers,0,3.5,229.5,121,132,26,35,33,27,29,29,34,40,0,ESPN BET
nba,2025,2,2024-11-10,401704770,Washington Wizards,Orlando Magic,0,-11.5,222.5,94,121,22,34,16,22,26,35,30,30,0,ESPN BET
nba,2025,2,2024-11-10,401704767,Houston Rockets,Detroit Pistons,0,3.5,218.5,101,99,20,23,29,29,17,28,19,35,0,ESPN BET
nba,2025,2,2024-11-10,401704771,Charlotte Hornets,Philadelphia 76ers,0,-4.5,212.5,105,107,15,30,21,31,16,30,30,21,1,ESPN BET
nba,2025,2,2024-11-10,401704772,Miami Heat,Minnesota Timberwolves,0,-7.5,219.5,95,94,27,25,16,27,20,31,20,23,0,ESPN BET
nba,2025,2,2024-11-10,401704776,Memphis Grizzlies,Portland Trail Blazers,0,1.5,226.5,134,89,31,33,42,28,17,27,24,21,0,ESPN BET
nba,2025,2,2024-11-11,401704779,Washington Wizards,Houston Rockets,0,-12.5,231.5,92,107,28,21,20,23,30,27,25,25,0,ESPN BET
nba,2025,2,2024-11-10,401704773,Golden State Warriors,Oklahoma City Thunder,0,-6.5,227.5,127,116,26,39,42,20,33,25,21,37,0,ESPN BET
nba,2025,2,2024-11-10,401704774,Dallas Mavericks,Denver Nuggets,0,-2.5,233.5,120,122,29,34,31,26,35,25,37,25,0,ESPN BET
nba,2025,2,2024-11-10,401704775,Sacramento Kings,Phoenix Suns,0,1.5,229.5,127,118,36,24,19,32,31,22,29,29,1,ESPN BET
nba,2025,2,2024-11-11,401704778,Cleveland Cavaliers,Chicago Bulls,0,8.5,237.5,119,113,34,33,28,24,35,31,26,21,0,ESPN BET
nba,2025,2,2024-11-11,401704780,Brooklyn Nets,New Orleans Pelicans,0,1.5,209.5,107,105,26,28,27,26,22,34,29,20,0,ESPN BET
nba,2025,2,2024-11-10,401704777,Toronto Raptors,Los Angeles Lakers,0,-10.5,236.5,103,123,34,21,27,21,26,27,35,35,0,ESPN BET
nba,2025,2,2024-11-11,401704781,LA Clippers,Oklahoma City Thunder,0,-6.5,218.5,128,134,24,29,41,34,25,41,33,35,0,ESPN BET
nba,2025,2,2024-11-11,401704782,Sacramento Kings,San Antonio Spurs,0,3.5,222.5,96,116,26,29,16,25,22,38,24,32,0,ESPN BET
nba,2025,2,2024-11-12,401703374,Toronto Raptors,Milwaukee Bucks,0,-8.5,225.5,85,99,21,22,24,18,26,28,27,18,0,ESPN BET
nba,2025,2,2024-11-12,401703372,Charlotte Hornets,Orlando Magic,0,-8.5,212.5,89,114,29,18,19,23,31,27,31,25,0,ESPN BET
nba,2025,2,2024-11-12,401703370,Atlanta Hawks,Boston Celtics,0,-15.5,225.5,117,116,29,25,30,33,31,34,26,25,0,ESPN BET
nba,2025,2,2024-11-12,401703373,New York Knicks,Philadelphia 76ers,0,3.5,212.5,111,99,27,27,24,33,25,25,25,24,0,ESPN BET
nba,2025,2,2024-11-12,401703371,Miami Heat,Detroit Pistons,0,1.5,214.5,121,123,21,30,31,29,32,25,34,20,1,ESPN BET
nba,2025,2,2024-11-12,401703375,Phoenix Suns,Utah Jazz,0,5.5,228.5,120,112,33,31,23,33,21,28,30,33,0,ESPN BET
nba,2025,2,2024-11-13,401704783,Indiana Pacers,Orlando Magic,0,-1.5,224.5,90,94,27,18,27,18,18,23,27,26,0,ESPN BET
nba,2025,2,2024-11-12,401703377,Minnesota Timberwolves,Portland Trail Blazers,0,8.5,220.5,108,122,17,36,21,34,28,32,33,29,0,ESPN BET
nba,2025,2,2024-11-13,401704785,Chicago Bulls,New York Knicks,0,-8.5,232.5,124,123,29,30,31,34,22,25,38,38,0,ESPN BET
nba,2025,2,2024-11-13,401704784,Boston Celtics,Brooklyn Nets,0,9.5,217.5,139,114,32,33,38,36,34,26,29,25,0,ESPN BET
nba,2025,2,2024-11-12,401703376,Dallas Mavericks,Golden State Warriors,0,-2.5,235.5,117,120,27,36,26,28,33,26,37,24,0,ESPN BET
nba,2025,2,2024-11-13,401704788,LA Clippers,Houston Rockets,0,-4.5,214.5,103,111,28,28,23,24,28,33,28,22,0,ESPN BET
nba,2025,2,2024-11-13,401704789,Detroit Pistons,Milwaukee Bucks,0,-7.5,212.5,120,127,27,33,24,27,24,23,38,26,1,ESPN BET
nba,2025,2,2024-11-13,401704787,New Orleans Pelicans,Oklahoma City Thunder,0,-14.5,225.5,88,106,28,22,18,20,33,21,28,24,0,ESPN BET
nba,2025,2,2024-11-13,401704786,Cleveland Cavaliers,Philadelphia 76ers,0,11.5,218.5,114,106,31,17,34,32,27,27,24,28,0,ESPN BET
nba,2025,2,2024-11-13,401704790,Washington Wizards,San Antonio Spurs,0,-9.5,224.5,130,139,31,36,24,39,32,35,41,31,0,ESPN BET
nba,2025,2,2024-11-13,401704791,Memphis Grizzlies,Los Angeles Lakers,0,-7.5,233.5,123,128,26,38,32,27,38,27,26,37,0,ESPN BET
nba,2025,2,2024-11-13,401704792,Minnesota Timberwolves,Portland Trail Blazers,0,10.5,220.5,98,106,33,15,28,22,23,25,28,30,0,ESPN BET
nba,2025,2,2024-11-14,401704794,Dallas Mavericks,Utah Jazz,0,7.5,230.5,113,115,28,36,21,28,27,34,38,16,0,ESPN BET
nba,2025,2,2024-11-15,401703378,Miami Heat,Indiana Pacers,0,-4.5,228.5,124,111,26,35,37,26,29,26,30,26,0,ESPN BET
nba,2025,2,2024-11-13,401704793,Phoenix Suns,Sacramento Kings,0,-8.5,226.5,104,127,29,27,24,24,35,26,32,34,0,ESPN BET
nba,2025,2,2024-11-15,401703379,Philadelphia 76ers,Orlando Magic,0,-2.5,208.5,86,98,21,24,27,14,24,19,30,25,0,ESPN BET
nba,2025,2,2024-11-15,401703380,Detroit Pistons,Toronto Raptors,0,2.5,225.5,99,95,32,23,18,26,27,25,26,17,0,ESPN BET
nba,2025,2,2024-11-15,401703382,Chicago Bulls,Cleveland Cavaliers,0,-9.5,238.5,126,144,34,39,29,24,49,28,30,37,0,ESPN BET
nba,2025,2,2024-11-15,401703386,Denver Nuggets,New Orleans Pelicans,0,2.5,217.5,94,101,22,32,18,22,32,27,19,23,0,ESPN BET
nba,2025,2,2024-11-15,401703385,LA Clippers,Houston Rockets,0,-4.5,215.5,104,125,21,25,29,29,29,37,28,31,0,ESPN BET
nba,2025,2,2024-11-15,401703387,Phoenix Suns,Oklahoma City Thunder,0,-7.5,228.5,83,99,14,22,24,23,29,19,35,16,0,ESPN BET
nba,2025,2,2024-11-15,401703384,Los Angeles Lakers,San Antonio Spurs,0,2.5,228.5,120,115,31,37,25,27,30,30,26,29,0,ESPN BET
nba,2025,2,2024-11-15,401703383,Brooklyn Nets,New York Knicks,0,-8.5,214.5,122,124,32,27,23,40,37,31,32,24,0,ESPN BET
nba,2025,2,2024-11-15,401703381,Washington Wizards,Atlanta Hawks,0,-9.5,241.5,117,129,39,11,25,42,29,30,35,35,0,ESPN BET
nba,2025,2,2024-11-15,401703388,Memphis Grizzlies,Golden State Warriors,0,-6.5,236.5,118,123,28,20,30,40,29,26,38,30,0,ESPN BET
nba,2025,2,2024-11-15,401703389,Minnesota Timberwolves,Sacramento Kings,0,1.5,221.5,130,126,32,30,36,17,27,27,28,33,1,ESPN BET
nba,2025,2,2024-11-16,401704796,Toronto Raptors,Boston Celtics,0,-16.5,230.5,123,126,26,28,31,29,28,28,30,28,1,ESPN BET
nba,2025,2,2024-11-16,401704795,Milwaukee Bucks,Charlotte Hornets,0,3.5,220.5,114,115,39,24,27,24,33,26,27,29,0,ESPN BET
nba,2025,2,2024-11-16,401704797,Los Angeles Lakers,New Orleans Pelicans,0,7.5,220.5,104,99,21,25,29,29,30,26,15,28,0,ESPN BET
nba,2025,2,2024-11-16,401704798,San Antonio Spurs,Dallas Mavericks,0,-13.5,229.5,93,110,28,23,18,24,23,32,38,17,0,ESPN BET
nba,2025,2,2024-11-17,401704800,Phoenix Suns,Minnesota Timberwolves,0,-7.5,218.5,117,120,31,33,26,27,22,32,32,34,0,ESPN BET
nba,2025,2,2024-11-16,401704799,Utah Jazz,Sacramento Kings,0,-7.5,228.5,117,121,31,32,31,23,35,29,26,31,0,ESPN BET
nba,2025,2,2024-11-17,401704801,Miami Heat,Indiana Pacers,0,-3.5,227.5,110,119,20,29,26,35,28,24,33,34,0,ESPN BET
nba,2025,2,2024-11-17,401704802,Charlotte Hornets,Cleveland Cavaliers,0,-10.5,225.5,114,128,28,31,40,15,38,34,30,26,0,ESPN BET
nba,2025,2,2024-11-17,401704803,Detroit Pistons,Washington Wizards,0,4.5,231.5,124,104,28,37,37,22,18,35,26,25,0,ESPN BET
nba,2025,2,2024-11-17,401704804,Denver Nuggets,Memphis Grizzlies,0,-5.5,228.5,90,105,25,18,21,26,28,27,29,21,0,ESPN BET
nba,2025,2,2024-11-17,401704805,Atlanta Hawks,Portland Trail Blazers,0,4.5,231.5,110,114,33,31,17,29,21,35,38,20,0,ESPN BET
nba,2025,2,2024-11-17,401704807,Houston Rockets,Chicago Bulls,0,4.5,234.5,143,107,27,41,40,35,26,26,26,29,0,ESPN BET
nba,2025,2,2024-11-17,401704806,Brooklyn Nets,New York Knicks,0,-10.5,221.5,104,114,29,28,24,23,30,30,35,19,0,ESPN BET
nba,2025,2,2024-11-18,401704810,Chicago Bulls,Detroit Pistons,0,-4.5,234.5,122,112,36,29,28,29,25,32,28,27,0,ESPN BET
nba,2025,2,2024-11-17,401704808,Dallas Mavericks,Oklahoma City Thunder,0,-7.5,226.5,121,119,39,27,31,24,34,24,34,27,0,ESPN BET
nba,2025,2,2024-11-17,401704809,Utah Jazz,LA Clippers,0,-9.5,221.5,105,116,25,20,29,31,35,31,30,20,0,ESPN BET
nba,2025,2,2024-11-18,401704812,Washington Wizards,New York Knicks,0,-14.5,233.5,106,134,27,27,21,31,40,33,36,25,0,ESPN BET
nba,2025,2,2024-11-18,401704811,Philadelphia 76ers,Miami Heat,0,-2.5,212.5,89,106,33,23,16,17,25,28,35,18,0,ESPN BET
nba,2025,2,2024-11-18,401704815,Orlando Magic,Phoenix Suns,0,4.5,212.5,109,99,26,38,20,25,22,26,20,31,0,ESPN BET
nba,2025,2,2024-11-18,401704813,Indiana Pacers,Toronto Raptors,0,2.5,236.5,119,130,27,30,25,37,34,35,27,34,0,ESPN BET
nba,2025,2,2024-11-18,401704814,Houston Rockets,Milwaukee Bucks,0,-3.5,224.5,100,101,28,17,35,20,27,30,26,18,0,ESPN BET
nba,2025,2,2024-11-18,401704816,Atlanta Hawks,Sacramento Kings,0,-4.5,235.5,109,108,32,32,25,20,31,35,27,15,0,ESPN BET
nba,2025,2,2024-11-19,401703390,Cleveland Cavaliers,Boston Celtics,0,-6.5,234.5,117,120,20,28,40,29,26,39,28,27,0,ESPN BET
nba,2025,2,2024-11-18,401704817,Golden State Warriors,LA Clippers,0,5.5,226.5,99,102,22,23,27,27,27,29,19,27,0,ESPN BET
nba,2025,2,2024-11-19,401703391,Charlotte Hornets,Brooklyn Nets,0,-1.5,218.5,115,116,37,22,28,28,23,31,31,31,0,ESPN BET
nba,2025,2,2024-11-19,401703392,Denver Nuggets,Memphis Grizzlies,0,-5.5,223.5,122,110,31,37,24,30,24,33,21,32,0,ESPN BET
nba,2025,2,2024-11-19,401703393,New Orleans Pelicans,Dallas Mavericks,0,-12.5,223.5,91,132,29,22,18,22,44,19,34,35,0,ESPN BET
nba,2025,2,2024-11-19,401703395,Utah Jazz,Los Angeles Lakers,0,-10.5,234.5,118,124,22,22,31,43,34,23,40,27,0,ESPN BET
nba,2025,2,2024-11-19,401703394,Oklahoma City Thunder,San Antonio Spurs,0,9.5,222.5,104,110,35,22,20,27,32,28,33,17,0,ESPN BET
nba,2025,2,2024-11-20,401704818,New Orleans Pelicans,Cleveland Cavaliers,0,-14.5,217.5,100,128,24,31,18,27,29,40,36,23,0,ESPN BET
nba,2025,2,2024-11-20,401704819,Chicago Bulls,Milwaukee Bucks,0,-8.5,239.5,106,122,30,27,33,16,36,33,29,24,0,ESPN BET
nba,2025,2,2024-11-20,401704820,Indiana Pacers,Houston Rockets,0,-5.5,232.5,113,130,23,30,24,36,30,32,36,32,0,ESPN BET
nba,2025,2,2024-11-20,401704821,Philadelphia 76ers,Memphis Grizzlies,0,4.5,226.5,111,117,31,22,28,30,31,32,27,27,0,ESPN BET
nba,2025,2,2024-11-20,401704822,Portland Trail Blazers,Oklahoma City Thunder,0,-13.5,222.5,99,109,23,21,25,30,21,26,23,39,0,ESPN BET
nba,2025,2,2024-11-20,401704824,Atlanta Hawks,Golden State Warriors,0,-7.5,240.5,97,120,22,20,33,22,41,26,23,30,0,ESPN BET
nba,2025,2,2024-11-20,401704823,New York Knicks,Phoenix Suns,0,4.5,226.5,138,122,44,32,34,28,28,30,35,29,0,ESPN BET
nba,2025,2,2024-11-21,401704829,Orlando Magic,Los Angeles Lakers,0,-5.5,215.5,119,118,36,24,29,30,38,29,21,30,0,ESPN BET
nba,2025,2,2024-11-21,401704826,Detroit Pistons,Charlotte Hornets,0,2.5,222.5,121,123,27,32,20,30,33,30,30,16,1,ESPN BET
nba,2025,2,2024-11-20,401704825,Orlando Magic,LA Clippers,0,2.5,205.5,93,104,25,29,21,18,29,28,30,17,0,ESPN BET
nba,2025,2,2024-11-21,401704827,Minnesota Timberwolves,Toronto Raptors,0,6.5,226.5,105,110,27,24,28,26,32,20,25,33,0,ESPN BET
nba,2025,2,2024-11-21,401704828,Utah Jazz,San Antonio Spurs,0,-2.5,224.5,118,126,32,35,22,29,17,34,34,41,0,ESPN BET
nba,2025,2,2024-11-22,401703401,Golden State Warriors,New Orleans Pelicans,0,10.5,221.5,112,108,34,28,25,25,30,33,21,24,0,ESPN BET
nba,2025,2,2024-11-22,401703397,Boston Celtics,Washington Wizards,0,15.5,237.5,108,96,29,20,26,33,27,24,21,24,0,ESPN BET
nba,2025,2,2024-11-22,401703396,Brooklyn Nets,Philadelphia 76ers,0,-3.5,215.5,98,113,24,26,27,21,29,24,26,34,0,ESPN BET
nba,2025,2,2024-11-22,401703398,Indiana Pacers,Milwaukee Bucks,0,-5.5,235.5,117,129,22,22,35,38,34,24,35,36,0,ESPN BET
nba,2025,2,2024-11-22,401703400,Portland Trail Blazers,Houston Rockets,0,-11.5,226.5,88,116,20,25,28,15,31,34,31,20,0,ESPN BET
nba,2025,2,2024-11-23,401704831,Detroit Pistons,Orlando Magic,0,-9.5,207.5,100,111,21,32,26,21,33,23,32,23,0,ESPN BET
nba,2025,2,2024-11-23,401704830,New York Knicks,Utah Jazz,0,8.5,233.5,106,121,28,23,27,28,28,38,21,34,0,ESPN BET
nba,2025,2,2024-11-22,401703403,Sacramento Kings,LA Clippers,0,4.5,218.5,88,104,12,17,35,24,26,25,25,28,0,ESPN BET
nba,2025,2,2024-11-23,401704834,Charlotte Hornets,Milwaukee Bucks,0,-7.5,224.5,119,125,28,23,34,34,28,31,37,29,0,ESPN BET
nba,2025,2,2024-11-22,401703399,Atlanta Hawks,Chicago Bulls,0,1.5,246.5,122,136,25,26,33,38,28,30,41,37,0,ESPN BET
nba,2025,2,2024-11-23,401704832,Memphis Grizzlies,Chicago Bulls,0,4.5,244.5,142,131,30,34,45,33,22,38,38,33,0,ESPN BET
nba,2025,2,2024-11-23,401704833,Portland Trail Blazers,Houston Rockets,0,-12.5,226.5,104,98,26,26,21,31,21,29,21,27,0,ESPN BET
nba,2025,2,2024-11-22,401703402,Dallas Mavericks,Denver Nuggets,0,-4.5,229.5,123,120,33,40,22,28,31,22,36,31,0,ESPN BET
nba,2025,2,2024-11-23,401704836,Denver Nuggets,Los Angeles Lakers,0,-4.5,236.5,127,102,31,26,37,33,27,36,15,24,0,ESPN BET
nba,2025,2,2024-11-24,401704838,Washington Wizards,Indiana Pacers,0,-12.5,240.5,103,115,28,31,28,16,31,26,35,23,0,ESPN BET
nba,2025,2,2024-11-24,401704837,Minnesota Timberwolves,Boston Celtics,0,-8.5,222.5,105,107,27,25,21,32,24,31,29,23,0,ESPN BET
nba,2025,2,2024-11-24,401704839,Dallas Mavericks,Miami Heat,0,-2.5,221.5,118,123,28,23,33,30,33,23,33,25,1,ESPN BET
nba,2025,2,2024-11-24,401704840,LA Clippers,Philadelphia 76ers,0,1.5,210.5,125,99,39,23,35,28,27,23,22,27,0,ESPN BET
nba,2025,2,2024-11-24,401704841,Toronto Raptors,Cleveland Cavaliers,0,-11.5,233.5,108,122,22,33,35,18,38,27,31,26,0,ESPN BET
nba,2025,2,2024-11-23,401704835,Golden State Warriors,San Antonio Spurs,0,3.5,229.5,94,104,29,21,31,13,17,21,33,33,0,ESPN BET
nba,2025,2,2024-11-24,401704842,Brooklyn Nets,Sacramento Kings,0,-10.5,223.5,108,103,37,28,23,20,28,29,31,15,0,ESPN BET
nba,2025,2,2024-11-25,401704844,Toronto Raptors,Detroit Pistons,0,-4.5,219.5,100,102,22,26,32,20,29,19,24,30,0,ESPN BET
nba,2025,2,2024-11-25,401704847,LA Clippers,Boston Celtics,0,-10.5,217.5,94,126,20,29,29,16,27,51,21,27,0,ESPN BET
nba,2025,2,2024-11-25,401704845,New Orleans Pelicans,Indiana Pacers,0,-7.5,229.5,110,114,25,32,26,27,29,30,28,27,0,ESPN BET
nba,2025,2,2024-11-25,401704846,Dallas Mavericks,Atlanta Hawks,0,-2.5,236.5,129,119,28,33,35,33,31,36,28,24,0,ESPN BET
nba,2025,2,2024-11-25,401704850,Brooklyn Nets,Golden State Warriors,0,-13.5,223.5,128,120,34,24,29,41,30,37,25,28,0,ESPN BET
nba,2025,2,2024-11-25,401704848,Portland Trail Blazers,Memphis Grizzlies,0,-10.5,236.5,98,123,24,30,21,23,36,29,27,31,0,ESPN BET
nba,2025,2,2024-11-25,401704849,New York Knicks,Denver Nuggets,0,-2.5,233.5,145,118,36,40,37,32,24,29,34,31,0,ESPN BET
nba,2025,2,2024-11-26,401703405,Milwaukee Bucks,Miami Heat,0,-5.5,222.5,106,103,31,34,20,21,20,31,29,23,0,ESPN BET
nba,2025,2,2024-11-26,401703406,Houston Rockets,Minnesota Timberwolves,0,-2.5,219.5,117,111,32,25,27,18,26,21,31,24,1,ESPN BET
nba,2025,2,2024-11-26,401703404,Chicago Bulls,Washington Wizards,0,5.5,244.5,127,108,21,40,35,31,29,18,34,27,0,ESPN BET
nba,2025,2,2024-11-26,401703407,San Antonio Spurs,Utah Jazz,0,1.5,224.5,128,115,32,34,30,32,35,31,27,22,0,ESPN BET
nba,2025,2,2024-11-25,401704843,Orlando Magic,Charlotte Hornets,0,4.5,212.5,95,84,18,24,16,37,25,21,16,22,0,ESPN BET
nba,2025,2,2024-11-26,401703408,Los Angeles Lakers,Phoenix Suns,0,-2.5,234.5,100,127,25,35,18,22,31,31,36,29,0,ESPN BET
nba,2025,2,2024-11-25,401704851,Oklahoma City Thunder,Sacramento Kings,0,3.5,225.5,130,109,31,32,34,33,30,32,22,25,0,ESPN BET
nba,2025,2,2024-11-27,401704852,Miami Heat,Charlotte Hornets,0,4.5,218.5,98,94,26,24,25,23,26,13,19,36,0,ESPN BET
nba,2025,2,2024-11-27,401704853,Atlanta Hawks,Cleveland Cavaliers,0,-9.5,242.5,135,124,35,26,37,37,35,29,31,29,0,ESPN BET
nba,2025,2,2024-11-27,401704854,Portland Trail Blazers,Indiana Pacers,0,-9.5,231.5,114,121,31,29,25,29,26,34,36,25,0,ESPN BET
nba,2025,2,2024-11-27,401704856,Houston Rockets,Philadelphia 76ers,0,5.5,219.5,122,115,35,20,33,20,24,27,31,26,1,ESPN BET
nba,2025,2,2024-11-27,401704855,Chicago Bulls,Orlando Magic,0,-9.5,224.5,119,133,25,29,34,31,38,35,32,28,0,ESPN BET
nba,2025,2,2024-11-27,401704858,New York Knicks,Dallas Mavericks,0,4.5,231.5,114,129,15,23,33,43,28,32,30,39,0,ESPN BET
nba,2025,2,2024-11-27,401704859,Detroit Pistons,Memphis Grizzlies,0,-7.5,224.5,111,131,35,18,24,34,34,37,33,27,0,ESPN BET
nba,2025,2,2024-11-27,401704857,LA Clippers,Washington Wizards,0,9.5,225.5,121,96,37,24,27,33,26,18,25,27,0,ESPN BET
nba,2025,2,2024-11-27,401704860,Sacramento Kings,Minnesota Timberwolves,0,-2.5,218.5,115,104,31,38,12,34,33,24,29,18,0,ESPN BET
nba,2025,2,2024-11-27,401704863,Brooklyn Nets,Phoenix Suns,0,-9.5,220.5,127,117,34,29,33,31,37,26,21,33,0,ESPN BET
nba,2025,2,2024-11-27,401704864,Denver Nuggets,Utah Jazz,0,10.5,228.5,122,103,34,29,37,22,35,18,23,27,0,ESPN BET
nba,2025,2,2024-11-27,401704861,Toronto Raptors,New Orleans Pelicans,0,-0.5,221.5,119,93,21,35,31,32,20,26,17,30,0,ESPN BET
nba,2025,2,2024-11-27,401704862,Los Angeles Lakers,San Antonio Spurs,0,1.5,228.5,119,101,32,26,34,27,23,24,30,24,0,ESPN BET
nba,2025,2,2024-11-27,401704865,Oklahoma City Thunder,Golden State Warriors,0,4.5,224.5,105,101,39,23,22,21,23,27,33,18,0,ESPN BET
nba,2025,2,2024-11-29,401703410,Cleveland Cavaliers,Atlanta Hawks,0,5.5,243.5,101,117,27,23,23,28,29,23,39,26,0,ESPN BET
nba,2025,2,2024-11-29,401703409,New York Knicks,Charlotte Hornets,0,12.5,220.5,99,98,15,31,25,28,23,26,23,26,0,ESPN BET
nba,2025,2,2024-11-29,401703413,LA Clippers,Minnesota Timberwolves,0,-5.5,212.5,92,93,25,22,21,24,26,27,19,21,0,ESPN BET
nba,2025,2,2024-11-29,401703411,New Orleans Pelicans,Memphis Grizzlies,0,-11.5,232.5,109,120,28,28,26,27,32,35,25,28,0,ESPN BET
nba,2025,2,2024-11-29,401703412,Orlando Magic,Brooklyn Nets,0,7.5,207.5,123,100,33,28,35,27,29,20,22,29,0,ESPN BET
nba,2025,2,2024-11-29,401703415,Toronto Raptors,Miami Heat,0,-8.5,219.5,111,121,21,40,23,27,20,38,38,25,0,ESPN BET
nba,2025,2,2024-11-29,401703414,Detroit Pistons,Indiana Pacers,0,-4.5,227.5,130,106,33,30,29,38,24,29,20,33,0,ESPN BET
nba,2025,2,2024-11-29,401703416,Boston Celtics,Chicago Bulls,0,11.5,243.5,138,129,39,28,29,42,30,37,29,33,0,ESPN BET
nba,2025,2,2024-11-29,401703417,Oklahoma City Thunder,Los Angeles Lakers,0,2.5,229.5,101,93,32,19,20,30,24,24,21,24,0,ESPN BET
nba,2025,2,2024-11-30,401704870,Dallas Mavericks,Utah Jazz,0,5.5,229.5,106,94,40,16,30,20,22,27,27,18,0,ESPN BET
nba,2025,2,2024-11-29,401703418,Sacramento Kings,Portland Trail Blazers,0,7.5,225.5,106,115,30,20,22,34,25,29,33,28,0,ESPN BET
nba,2025,2,2024-12-01,401704871,Orlando Magic,Brooklyn Nets,0,6.5,206.5,100,92,26,24,25,25,29,21,19,23,0,ESPN BET
nba,2025,2,2024-11-30,401704866,Atlanta Hawks,Charlotte Hornets,0,5.5,223.5,107,104,29,26,22,30,32,18,26,28,0,ESPN BET
nba,2025,2,2024-11-30,401704869,Golden State Warriors,Phoenix Suns,0,-0.5,235.5,105,113,29,20,29,27,35,31,19,28,0,ESPN BET
nba,2025,2,2024-11-30,401704868,Washington Wizards,Milwaukee Bucks,0,-14.5,228.5,114,124,29,29,28,28,28,35,29,32,0,ESPN BET
nba,2025,2,2024-12-01,401704872,Indiana Pacers,Memphis Grizzlies,0,-5.5,243.5,121,136,45,23,23,30,28,34,40,34,0,ESPN BET
nba,2025,2,2024-11-30,401704867,Philadelphia 76ers,Detroit Pistons,0,-0.5,216.5,111,96,37,20,32,22,20,32,17,27,0,ESPN BET
nba,2025,2,2024-12-01,401704874,New Orleans Pelicans,New York Knicks,0,-12.5,225.5,85,118,10,18,28,29,33,24,36,25,0,ESPN BET
nba,2025,2,2024-12-01,401704873,Boston Celtics,Cleveland Cavaliers,0,-1.5,229.5,111,115,24,25,35,27,28,23,21,43,0,ESPN BET
nba,2025,2,2024-12-01,401704875,Miami Heat,Toronto Raptors,0,4.5,222.5,116,119,24,36,27,29,34,31,33,21,0,ESPN BET
nba,2025,2,2024-12-01,401704878,Dallas Mavericks,Portland Trail Blazers,0,5.5,225.5,137,131,25,36,39,37,29,29,39,34,0,ESPN BET
nba,2025,2,2024-12-01,401704877,Los Angeles Lakers,Utah Jazz,0,5.5,225.5,105,104,26,32,28,19,27,29,25,23,0,ESPN BET
nba,2025,2,2024-12-01,401704876,Oklahoma City Thunder,Houston Rockets,0,1.5,220.5,116,119,28,32,36,20,33,29,29,28,0,ESPN BET
nba,2025,2,2024-12-01,401704880,Denver Nuggets,LA Clippers,0,2.5,225.5,122,126,23,36,31,32,32,27,33,34,0,ESPN BET
nba,2025,2,2024-12-02,401704881,New Orleans Pelicans,Atlanta Hawks,0,-9.5,231.5,112,124,28,31,26,27,26,32,34,32,0,ESPN BET
nba,2025,2,2024-12-01,401704879,San Antonio Spurs,Sacramento Kings,0,-6.5,227.5,127,125,28,30,34,35,42,23,32,28,0,ESPN BET
nba,2025,2,2024-12-02,401704883,Brooklyn Nets,Chicago Bulls,0,-7.5,231.5,102,128,29,21,22,30,29,27,36,36,0,ESPN BET
nba,2025,2,2024-12-02,401704882,Miami Heat,Boston Celtics,0,-9.5,220.5,89,108,25,20,18,26,28,32,25,23,0,ESPN BET
nba,2025,2,2024-12-03,401703420,Washington Wizards,Cleveland Cavaliers,0,-15.5,234.5,87,118,20,22,25,20,35,25,26,32,0,ESPN BET
nba,2025,2,2024-12-02,401704884,Los Angeles Lakers,Minnesota Timberwolves,0,-7.5,219.5,80,109,20,24,20,16,22,34,23,30,0,ESPN BET
nba,2025,2,2024-12-03,401703421,Milwaukee Bucks,Detroit Pistons,0,2.5,221.5,128,107,36,42,32,18,31,28,29,19,0,ESPN BET
nba,2025,2,2024-12-03,401703422,Orlando Magic,New York Knicks,0,-5.5,214.5,106,121,27,24,24,31,36,35,35,15,0,ESPN BET
nba,2025,2,2024-12-03,401703419,Philadelphia 76ers,Charlotte Hornets,0,4.5,210.5,110,104,32,23,25,30,20,24,25,35,0,ESPN BET
nba,2025,2,2024-12-03,401703424,Utah Jazz,Oklahoma City Thunder,0,-13.5,224.5,106,133,25,25,25,31,32,30,40,31,0,ESPN BET
nba,2025,2,2024-12-03,401703423,Indiana Pacers,Toronto Raptors,0,3.5,236.5,111,122,23,25,36,27,31,34,28,29,0,ESPN BET
nba,2025,2,2024-12-03,401703425,Memphis Grizzlies,Dallas Mavericks,0,-4.5,244.5,116,121,26,31,38,21,25,35,22,39,0,ESPN BET
nba,2025,2,2024-12-03,401703428,Houston Rockets,Sacramento Kings,0,-1.5,229.5,111,120,28,27,29,27,21,33,42,24,0,ESPN BET
nba,2025,2,2024-12-03,401703427,Golden State Warriors,Denver Nuggets,0,-4.5,236.5,115,119,31,26,28,30,33,24,33,29,0,ESPN BET
nba,2025,2,2024-12-04,401704885,Detroit Pistons,Boston Celtics,0,-12.5,221.5,120,130,24,34,30,32,39,33,31,27,0,ESPN BET
nba,2025,2,2024-12-03,401703426,San Antonio Spurs,Phoenix Suns,0,-6.5,228.5,93,104,19,20,32,22,29,23,23,29,0,ESPN BET
nba,2025,2,2024-12-04,401704886,Indiana Pacers,Brooklyn Nets,0,2.5,225.5,90,99,17,18,35,20,24,27,24,24,0,ESPN BET
nba,2025,2,2024-12-03,401703429,Portland Trail Blazers,LA Clippers,0,-8.5,220.5,105,127,31,27,20,27,36,27,28,36,0,ESPN BET
nba,2025,2,2024-12-04,401704887,Los Angeles Lakers,Miami Heat,0,-3.5,218.5,93,134,26,26,20,21,34,35,36,29,0,ESPN BET
nba,2025,2,2024-12-04,401704888,Orlando Magic,Philadelphia 76ers,0,6.5,209.5,106,102,34,19,24,29,22,31,24,25,0,ESPN BET
nba,2025,2,2024-12-04,401704889,Atlanta Hawks,Milwaukee Bucks,0,-4.5,236.5,119,104,38,32,29,20,35,24,28,17,0,ESPN BET
nba,2025,2,2024-12-05,401704892,Dallas Mavericks,Washington Wizards,0,13.5,232.5,137,101,31,37,34,35,22,28,27,24,0,ESPN BET
nba,2025,2,2024-12-04,401704890,Minnesota Timberwolves,LA Clippers,0,4.5,212.5,108,80,33,26,27,22,14,18,18,30,0,ESPN BET
nba,2025,2,2024-12-05,401704891,Denver Nuggets,Cleveland Cavaliers,0,-3.5,232.5,114,126,27,35,25,27,37,29,36,24,0,ESPN BET
nba,2025,2,2024-12-05,401704896,Phoenix Suns,New Orleans Pelicans,0,1.5,222.5,124,126,33,32,28,31,34,20,45,27,0,ESPN BET
nba,2025,2,2024-12-05,401704895,Sacramento Kings,Memphis Grizzlies,0,-2.5,242.5,110,115,32,30,24,24,33,30,23,29,0,ESPN BET
nba,2025,2,2024-12-05,401704894,Oklahoma City Thunder,Toronto Raptors,0,10.5,227.5,129,92,34,33,32,30,17,25,23,27,0,ESPN BET
nba,2025,2,2024-12-05,401704893,Charlotte Hornets,New York Knicks,0,-14.5,217.5,101,125,32,30,16,23,30,35,38,22,0,ESPN BET
nba,2025,2,2024-12-05,401704897,Chicago Bulls,San Antonio Spurs,0,-1.5,236.5,139,124,36,37,35,31,22,35,40,27,0,ESPN BET
nba,2025,2,2024-12-05,401704898,Houston Rockets,Golden State Warriors,0,3.5,219.5,93,99,22,21,23,27,18,31,24,26,0,ESPN BET
nba,2025,2,2024-12-06,401704899,Orlando Magic,Philadelphia 76ers,0,2.5,209.5,94,102,27,14,18,35,25,25,21,31,0,ESPN BET
nba,2025,2,2024-12-06,401704901,Milwaukee Bucks,Boston Celtics,0,-8.5,228.5,105,111,27,30,25,23,29,24,25,33,0,ESPN BET
nba,2025,2,2024-12-06,401704902,Indiana Pacers,Chicago Bulls,0,3.5,247.5,132,123,31,36,36,29,35,19,39,30,0,ESPN BET
nba,2025,2,2024-12-06,401704900,Los Angeles Lakers,Atlanta Hawks,0,-3.5,234.5,132,134,29,35,33,22,26,38,30,25,1,ESPN BET
nba,2025,2,2024-12-06,401704903,Sacramento Kings,San Antonio Spurs,0,6.5,227.5,140,113,33,36,31,40,33,26,27,27,0,ESPN BET
nba,2025,2,2024-12-06,401704904,Minnesota Timberwolves,Golden State Warriors,0,1.5,219.5,107,90,31,25,22,29,31,15,26,18,0,ESPN BET
nba,2025,2,2024-12-06,401704905,Utah Jazz,Portland Trail Blazers,0,-3.5,222.5,141,99,33,34,35,39,17,27,26,29,0,ESPN BET
nba,2025,2,2024-12-07,401704907,Denver Nuggets,Washington Wizards,0,11.5,235.5,113,122,29,28,36,20,36,33,30,23,0,ESPN BET
nba,2025,2,2024-12-07,401704906,Cleveland Cavaliers,Charlotte Hornets,0,13.5,217.5,116,102,40,23,30,23,18,34,31,19,0,ESPN BET
nba,2025,2,2024-12-07,401704909,Detroit Pistons,New York Knicks,0,-8.5,225.5,120,111,39,30,20,31,23,35,27,26,0,ESPN BET
nba,2025,2,2024-12-07,401704911,Memphis Grizzlies,Boston Celtics,0,-7.5,237.5,127,121,31,35,28,33,27,27,35,32,0,ESPN BET
nba,2025,2,2024-12-07,401704910,Dallas Mavericks,Toronto Raptors,0,7.5,236.5,125,118,35,35,30,25,28,26,33,31,0,ESPN BET
nba,2025,2,2024-12-07,401704908,Oklahoma City Thunder,New Orleans Pelicans,0,7.5,221.5,119,109,35,42,22,20,23,28,29,29,0,ESPN BET
nba,2025,2,2024-12-07,401704912,Phoenix Suns,Miami Heat,0,-5.5,223.5,111,121,29,29,24,29,26,27,34,34,0,ESPN BET
nba,2025,2,2024-12-08,401704913,Philadelphia 76ers,Chicago Bulls,0,3.5,236.5,108,100,23,39,26,20,33,17,29,21,0,ESPN BET
nba,2025,2,2024-12-08,401704914,Milwaukee Bucks,Brooklyn Nets,0,6.5,215.5,118,113,27,24,35,32,25,27,34,27,0,ESPN BET
nba,2025,2,2024-12-08,401704916,Denver Nuggets,Atlanta Hawks,0,-0.5,242.5,141,111,38,33,35,35,23,25,36,27,0,ESPN BET
nba,2025,2,2024-12-08,401704917,Cleveland Cavaliers,Miami Heat,0,2.5,222.5,113,122,25,26,29,33,21,38,31,32,0,ESPN BET
nba,2025,2,2024-12-08,401704915,Charlotte Hornets,Indiana Pacers,0,-11.5,222.5,113,109,28,35,20,30,24,38,20,27,0,ESPN BET
nba,2025,2,2024-12-08,401704920,New Orleans Pelicans,San Antonio Spurs,0,-6.5,223.5,116,121,34,28,25,29,28,43,21,29,0,ESPN BET
nba,2025,2,2024-12-08,401704919,Memphis Grizzlies,Washington Wizards,0,10.5,235.5,140,112,34,38,39,29,26,29,27,30,0,ESPN BET
nba,2025,2,2024-12-08,401704918,Phoenix Suns,Orlando Magic,0,-1.5,213.5,110,115,34,28,25,23,29,28,27,31,0,ESPN BET
nba,2025,2,2024-12-08,401704922,Houston Rockets,LA Clippers,0,3.5,214.5,117,106,30,34,31,22,28,24,31,23,0,ESPN BET
nba,2025,2,2024-12-08,401704921,Minnesota Timberwolves,Golden State Warriors,0,-1.5,215.5,106,114,30,28,32,16,21,28,44,21,0,ESPN BET
nba,2025,2,2024-12-09,401704925,New York Knicks,Toronto Raptors,0,7.5,232.5,113,108,34,26,23,30,27,34,25,22,0,ESPN BET
nba,2025,2,2024-12-08,401704924,Portland Trail Blazers,Los Angeles Lakers,0,-7.5,223.5,98,107,28,17,29,24,22,37,18,30,0,ESPN BET
nba,2025,2,2024-12-10,401734902,Orlando Magic,Milwaukee Bucks,0,-8.5,215.5,109,114,33,26,13,37,25,35,20,34,0,ESPN BET
nba,2025,2,2024-12-08,401704923,Utah Jazz,Sacramento Kings,0,-10.5,234.5,97,141,23,22,29,23,26,36,43,36,0,ESPN BET
nba,2025,2,2024-12-10,401734903,Dallas Mavericks,Oklahoma City Thunder,0,-4.5,230.5,104,118,24,30,19,31,32,25,33,28,0,ESPN BET
nba,2025,2,2024-12-11,401734904,Atlanta Hawks,New York Knicks,0,-8.5,237.5,108,100,22,25,34,27,28,26,18,28,0,ESPN BET
nba,2025,2,2024-12-11,401734905,Golden State Warriors,Houston Rockets,0,-3.5,220.5,90,91,18,19,32,21,20,24,24,23,0,ESPN BET
nba,2025,2,2024-12-12,401736801,Sacramento Kings,New Orleans Pelicans,0,6.5,232.5,111,109,28,25,38,20,26,29,28,26,0,ESPN BET
nba,2025,2,2024-12-13,401736802,Washington Wizards,Cleveland Cavaliers,0,-17.5,232.5,105,115,25,29,26,25,25,32,30,28,0,ESPN BET
nba,2025,2,2024-12-12,401736799,Detroit Pistons,Boston Celtics,0,-11.5,225.5,99,123,16,28,24,31,27,32,34,30,0,ESPN BET
nba,2025,2,2024-12-12,401736800,Toronto Raptors,Miami Heat,0,-10.5,224.5,104,114,27,24,25,28,23,35,31,25,0,ESPN BET
nba,2025,2,2024-12-13,401736804,Los Angeles Lakers,Minnesota Timberwolves,0,-8.5,213.5,87,97,23,21,22,21,32,18,27,20,0,ESPN BET
nba,2025,2,2024-12-13,401736803,Indiana Pacers,Philadelphia 76ers,0,-6.5,227.5,121,107,31,30,29,31,22,28,33,24,0,ESPN BET
nba,2025,2,2024-12-13,401736806,Charlotte Hornets,Chicago Bulls,0,-5.5,232.5,95,109,26,18,23,28,31,28,23,27,0,ESPN BET
nba,2025,2,2024-12-13,401736805,Brooklyn Nets,Memphis Grizzlies,0,-9.5,226.5,119,135,36,20,39,24,39,30,38,28,0,ESPN BET
nba,2025,2,2024-12-13,401736807,LA Clippers,Denver Nuggets,0,-7.5,227.5,98,120,22,25,22,29,29,19,35,37,0,ESPN BET
nba,2025,2,2024-12-13,401736808,Phoenix Suns,Utah Jazz,0,6.5,233.5,134,126,38,38,36,22,39,32,34,21,0,ESPN BET
nba,2025,2,2024-12-15,401736810,New Orleans Pelicans,Indiana Pacers,0,-7.5,230.5,104,119,28,14,38,24,31,28,40,20,0,ESPN BET
nba,2025,2,2024-12-13,401736809,San Antonio Spurs,Portland Trail Blazers,0,3.5,226.5,118,116,33,19,28,38,25,17,46,28,0,ESPN BET
nba,2025,2,2024-12-14,401734906,Atlanta Hawks,Milwaukee Bucks,1,-3.5,233.5,102,110,28,21,34,19,26,29,27,28,0,ESPN BET
nba,2025,2,2024-12-14,401734907,Houston Rockets,Oklahoma City Thunder,1,-5.5,214.5,96,111,20,22,27,27,18,23,34,36,0,ESPN BET
nba,2025,2,2024-12-15,401736813,Portland Trail Blazers,Phoenix Suns,0,-11.5,230.5,109,116,21,30,28,30,33,24,26,33,0,ESPN BET
nba,2025,2,2024-12-15,401737902,New York Knicks,Orlando Magic,0,4.5,213.5,100,91,22,29,24,25,22,19,26,24,0,ESPN BET
nba,2025,2,2024-12-15,401736811,Boston Celtics,Washington Wizards,0,17.5,233.5,112,98,34,33,24,21,23,29,20,26,0,ESPN BET
nba,2025,2,2024-12-15,401737912,Dallas Mavericks,Golden State Warriors,0,-1.5,228.5,143,133,46,35,33,29,33,41,33,26,0,ESPN BET
nba,2025,2,2024-12-15,401736812,Minnesota Timberwolves,San Antonio Spurs,0,4.5,214.5,106,92,28,24,24,30,19,18,33,22,0,ESPN BET
nba,2025,2,2024-12-15,401736814,Memphis Grizzlies,Los Angeles Lakers,0,2.5,237.5,110,116,20,26,31,33,30,34,22,30,0,ESPN BET
nba,2025,2,2024-12-16,401736817,Chicago Bulls,Toronto Raptors,0,1.5,239.5,122,121,33,20,42,27,25,25,34,37,0,ESPN BET
nba,2025,2,2024-12-16,401736816,Miami Heat,Detroit Pistons,0,4.5,218.5,124,125,32,27,22,33,33,30,34,17,1,ESPN BET
nba,2025,2,2024-12-16,401736819,Denver Nuggets,Sacramento Kings,0,-1.5,237.5,130,129,41,34,21,34,21,47,35,26,0,ESPN BET
nba,2025,2,2024-12-17,401734908,Milwaukee Bucks,Oklahoma City Thunder,1,-5.5,214.5,97,81,27,24,26,20,28,22,14,17,0,ESPN BET
nba,2025,2,2024-12-16,401736818,Cleveland Cavaliers,Brooklyn Nets,0,10.5,215.5,130,101,37,35,32,26,17,23,37,24,0,ESPN BET
nba,2025,2,2024-12-16,401736820,Utah Jazz,LA Clippers,0,-7.5,221.5,107,144,20,27,33,27,44,37,34,29,0,ESPN BET
nba,2025,2,2024-12-19,401704927,Oklahoma City Thunder,Orlando Magic,0,6.5,208.5,105,99,29,36,17,23,28,18,28,25,0,ESPN BET
nba,2025,2,2024-12-19,401704926,Utah Jazz,Detroit Pistons,0,-4.5,227.5,126,119,48,19,30,29,19,35,32,33,0,ESPN BET
nba,2025,2,2024-12-19,401704928,Charlotte Hornets,Washington Wizards,0,3.5,226.5,114,123,30,28,28,28,29,31,27,36,0,ESPN BET
nba,2025,2,2024-12-19,401704930,Brooklyn Nets,Toronto Raptors,0,-2.5,218.5,101,94,24,28,18,31,24,22,30,18,0,ESPN BET
nba,2025,2,2024-12-19,401704932,Golden State Warriors,Memphis Grizzlies,0,-1.5,238.5,93,144,15,23,21,34,37,32,40,35,0,ESPN BET
nba,2025,2,2024-12-19,401704934,LA Clippers,Dallas Mavericks,0,-1.5,216.5,118,95,24,26,39,29,30,19,28,18,0,ESPN BET
nba,2025,2,2024-12-19,401704931,New Orleans Pelicans,Houston Rockets,0,-9.5,218.5,113,133,25,27,27,34,39,27,33,34,0,ESPN BET
nba,2025,2,2024-12-19,401704936,Atlanta Hawks,San Antonio Spurs,0,-1.5,233.5,126,133,29,37,21,33,36,24,30,30,1,ESPN BET
nba,2025,2,2024-12-19,401704929,Chicago Bulls,Boston Celtics,0,-14.5,241.5,117,108,21,33,28,35,25,32,29,22,0,ESPN BET
nba,2025,2,2024-12-19,401704933,New York Knicks,Minnesota Timberwolves,0,-3.5,213.5,133,107,32,41,31,29,33,18,23,33,0,ESPN BET
nba,2025,2,2024-12-19,401704935,Indiana Pacers,Phoenix Suns,0,-6.5,236.5,120,111,32,28,37,23,29,30,24,28,0,ESPN BET
nba,2025,2,2024-12-20,401704940,Milwaukee Bucks,Cleveland Cavaliers,0,-8.5,220.5,101,124,20,31,25,25,29,40,34,21,0,ESPN BET
nba,2025,2,2024-12-19,401704937,Denver Nuggets,Portland Trail Blazers,0,8.5,234.5,124,126,35,31,21,37,30,36,38,22,0,ESPN BET
nba,2025,2,2024-12-20,401704939,Charlotte Hornets,Philadelphia 76ers,0,-13.5,212.5,98,108,23,23,25,27,41,17,27,23,0,ESPN BET
nba,2025,2,2024-12-19,401704938,Los Angeles Lakers,Sacramento Kings,0,-4.5,230.5,113,100,37,25,24,27,28,30,22,20,0,ESPN BET
nba,2025,2,2024-12-21,401704942,Los Angeles Lakers,Sacramento Kings,0,-3.5,228.5,103,99,31,25,25,22,26,27,24,22,0,ESPN BET
nba,2025,2,2024-12-20,401704941,Oklahoma City Thunder,Miami Heat,0,1.5,217.5,104,97,30,20,31,23,25,22,23,27,0,ESPN BET
nba,2025,2,2024-12-21,401704948,Washington Wizards,Milwaukee Bucks,0,-8.5,218.5,101,112,36,14,22,29,36,27,23,26,0,ESPN BET
nba,2025,2,2024-12-21,401704946,Philadelphia 76ers,Cleveland Cavaliers,0,-9.5,221.5,99,126,30,25,21,23,30,36,33,27,0,ESPN BET
nba,2025,2,2024-12-21,401704949,Golden State Warriors,Minnesota Timberwolves,0,-4.5,217.5,113,103,26,24,29,34,15,22,38,28,0,ESPN BET
nba,2025,2,2024-12-21,401704945,Utah Jazz,Brooklyn Nets,0,-1.5,220.5,105,94,19,31,25,30,24,21,18,31,0,ESPN BET
nba,2025,2,2024-12-21,401704944,Memphis Grizzlies,Atlanta Hawks,0,1.5,233.5,128,112,43,30,27,28,27,22,27,36,0,ESPN BET
nba,2025,2,2024-12-21,401704943,Miami Heat,Orlando Magic,0,-1.5,206.5,114,121,40,36,30,8,28,28,28,37,0,ESPN BET
nba,2025,2,2024-12-21,401704947,Boston Celtics,Chicago Bulls,0,12.5,239.5,123,98,28,33,32,30,28,26,23,21,0,ESPN BET
nba,2025,2,2024-12-21,401704950,New York Knicks,New Orleans Pelicans,0,8.5,223.5,104,93,28,17,33,26,28,21,26,18,0,ESPN BET
nba,2025,2,2024-12-21,401704951,LA Clippers,Dallas Mavericks,0,-3.5,221.5,97,113,22,18,26,31,23,31,20,39,0,ESPN BET
nba,2025,2,2024-12-21,401704952,Portland Trail Blazers,San Antonio Spurs,0,-6.5,224.5,94,114,20,24,25,25,25,35,27,27,0,ESPN BET
nba,2025,2,2024-12-22,401704954,Houston Rockets,Toronto Raptors,0,8.5,222.5,114,110,24,27,33,30,35,22,26,27,0,ESPN BET
nba,2025,2,2024-12-21,401704953,Detroit Pistons,Phoenix Suns,0,-5.5,225.5,133,125,41,23,39,30,26,33,35,31,0,ESPN BET
nba,2025,2,2024-12-22,401704955,Indiana Pacers,Sacramento Kings,0,-3.5,234.5,122,95,21,31,35,35,23,29,26,17,0,ESPN BET
nba,2025,2,2024-12-22,401704956,Denver Nuggets,New Orleans Pelicans,0,8.5,232.5,132,129,28,31,22,38,29,38,26,26,1,ESPN BET
nba,2025,2,2024-12-23,401704957,Houston Rockets,Charlotte Hornets,0,6.5,220.5,114,101,31,31,30,22,15,16,35,35,0,ESPN BET
nba,2025,2,2024-12-16,401736815,Philadelphia 76ers,Charlotte Hornets,0,2.5,219.5,121,108,31,23,41,26,23,26,30,29,0,ESPN BET
nba,2025,2,2024-12-23,401704962,Brooklyn Nets,Miami Heat,0,-9.5,210.5,95,110,28,29,21,17,39,19,25,27,0,ESPN BET
nba,2025,2,2024-12-23,401704959,Boston Celtics,Orlando Magic,0,7.5,213.5,104,108,32,26,21,25,21,22,36,29,0,ESPN BET
nba,2025,2,2024-12-23,401704960,San Antonio Spurs,Philadelphia 76ers,0,-5.5,217.5,106,111,20,25,30,31,19,29,36,27,0,ESPN BET
nba,2025,2,2024-12-23,401704958,Utah Jazz,Cleveland Cavaliers,0,-14.5,232.5,113,124,27,29,32,25,29,31,39,25,0,ESPN BET
nba,2025,2,2024-12-23,401704963,Toronto Raptors,New York Knicks,0,-13.5,227.5,125,139,28,24,30,43,30,40,41,28,0,ESPN BET
nba,2025,2,2024-12-23,401704964,Milwaukee Bucks,Chicago Bulls,0,-2.5,225.5,112,91,33,26,33,20,17,28,27,19,0,ESPN BET
nba,2025,2,2024-12-23,401704961,Minnesota Timberwolves,Atlanta Hawks,0,3.5,223.5,104,117,19,36,30,19,35,17,30,35,0,ESPN BET
nba,2025,2,2024-12-23,401704965,LA Clippers,Memphis Grizzlies,0,-6.5,229.5,114,110,28,23,40,23,30,28,32,20,0,ESPN BET
nba,2025,2,2024-12-23,401704966,Washington Wizards,Oklahoma City Thunder,0,-17.5,226.5,105,123,32,31,24,18,29,38,24,32,0,ESPN BET
nba,2025,2,2024-12-23,401704968,Phoenix Suns,Denver Nuggets,0,-4.5,232.5,90,117,26,25,28,11,27,28,45,17,0,ESPN BET
nba,2025,2,2024-12-23,401704969,Indiana Pacers,Golden State Warriors,0,-5.5,230.5,111,105,33,29,27,22,32,22,31,20,0,ESPN BET
nba,2025,2,2024-12-23,401704970,Detroit Pistons,Los Angeles Lakers,0,-6.5,221.5,117,114,34,28,31,24,32,32,28,22,0,ESPN BET
nba,2025,2,2024-12-23,401704967,Portland Trail Blazers,Dallas Mavericks,0,-12.5,230.5,108,132,31,22,23,32,28,34,40,30,0,ESPN BET
nba,2025,2,2024-12-25,401704971,San Antonio Spurs,New York Knicks,0,-8.5,223.5,114,117,27,31,25,31,28,23,37,29,0,ESPN BET
nba,2025,2,2024-12-25,401704972,Minnesota Timberwolves,Dallas Mavericks,0,-5.5,222.5,105,99,26,31,33,15,24,16,28,31,0,ESPN BET
nba,2025,2,2024-12-25,401704975,Denver Nuggets,Phoenix Suns,0,2.5,232.5,100,110,34,22,22,22,38,20,27,25,0,ESPN BET
nba,2025,2,2024-12-25,401704974,Los Angeles Lakers,Golden State Warriors,0,-4.5,220.5,115,113,23,32,29,31,23,29,24,37,0,ESPN BET
nba,2025,2,2024-12-25,401704973,Philadelphia 76ers,Boston Celtics,0,-9.5,222.5,118,114,30,36,16,36,25,33,24,32,0,ESPN BET
nba,2025,2,2024-12-26,401704979,Chicago Bulls,Atlanta Hawks,0,-4.5,241.5,133,141,33,31,44,25,21,32,38,50,0,ESPN BET
nba,2025,2,2024-12-26,401704978,Charlotte Hornets,Washington Wizards,0,4.5,231.5,110,113,29,25,33,23,34,34,28,17,0,ESPN BET
nba,2025,2,2024-12-26,401704980,Toronto Raptors,Memphis Grizzlies,0,-10.5,241.5,126,155,35,35,30,26,43,35,43,34,0,ESPN BET
nba,2025,2,2024-12-26,401704981,Brooklyn Nets,Milwaukee Bucks,0,-6.5,205.5,111,105,27,24,25,35,25,34,23,23,0,ESPN BET
nba,2025,2,2024-12-26,401704976,Oklahoma City Thunder,Indiana Pacers,0,5.5,227.5,120,114,19,34,30,37,29,32,23,30,0,ESPN BET
nba,2025,2,2024-12-26,401704977,Miami Heat,Orlando Magic,0,1.5,208.5,89,88,22,19,20,28,31,21,19,17,0,ESPN BET
nba,2025,2,2024-12-26,401704982,Houston Rockets,New Orleans Pelicans,0,6.5,221.5,128,111,39,22,41,26,22,21,31,37,0,ESPN BET
nba,2025,2,2024-12-26,401704984,Detroit Pistons,Sacramento Kings,0,-4.5,227.5,114,113,34,19,24,37,37,31,23,22,0,ESPN BET
nba,2025,2,2024-12-27,401704985,New York Knicks,Orlando Magic,0,6.5,213.5,108,85,26,28,22,32,29,25,14,17,0,ESPN BET
nba,2025,2,2024-12-27,401704987,San Antonio Spurs,Brooklyn Nets,0,7.5,213.5,96,87,11,30,33,22,22,19,21,25,0,ESPN BET
nba,2025,2,2024-12-26,401704983,Utah Jazz,Portland Trail Blazers,0,-3.5,226.5,120,122,23,31,34,32,23,32,26,41,0,ESPN BET
nba,2025,2,2024-12-27,401704986,Indiana Pacers,Boston Celtics,0,-11.5,230.5,105,142,22,23,33,27,39,28,36,39,0,ESPN BET
nba,2025,2,2024-12-27,401704989,Memphis Grizzlies,New Orleans Pelicans,0,7.5,238.5,132,124,32,42,30,28,25,36,27,36,0,ESPN BET
nba,2025,2,2024-12-27,401704988,Minnesota Timberwolves,Houston Rockets,0,-0.5,215.5,113,112,22,35,19,37,21,31,32,28,0,ESPN BET
nba,2025,2,2024-12-27,401704992,Golden State Warriors,LA Clippers,0,-5.5,212.5,92,102,21,22,19,30,19,30,32,21,0,ESPN BET
nba,2025,2,2024-12-27,401704991,Dallas Mavericks,Phoenix Suns,0,-0.5,222.5,98,89,28,27,17,26,25,14,25,25,0,ESPN BET
nba,2025,2,2024-12-27,401704990,Cleveland Cavaliers,Denver Nuggets,0,3.5,236.5,149,135,40,40,36,33,38,27,36,34,0,ESPN BET
nba,2025,2,2024-12-28,401704997,Phoenix Suns,Golden State Warriors,0,-6.5,220.5,105,109,27,38,22,18,34,27,21,27,0,ESPN BET
nba,2025,2,2024-12-28,401704993,Miami Heat,Atlanta Hawks,0,-0.5,226.5,110,120,28,30,26,26,35,26,32,27,0,ESPN BET
nba,2025,2,2024-12-28,401704994,Oklahoma City Thunder,Charlotte Hornets,0,13.5,214.5,106,94,28,33,29,16,22,24,28,20,0,ESPN BET
nba,2025,2,2024-12-28,401704995,New York Knicks,Washington Wizards,0,13.5,224.5,136,132,32,28,30,29,33,27,38,21,1,ESPN BET
nba,2025,2,2024-12-28,401704996,Milwaukee Bucks,Chicago Bulls,0,1.5,231.5,111,116,25,35,24,27,33,29,21,33,0,ESPN BET
nba,2025,2,2024-12-28,401704999,Philadelphia 76ers,Utah Jazz,0,7.5,224.5,114,111,22,35,24,33,34,18,29,30,0,ESPN BET
nba,2025,2,2024-12-28,401704998,Detroit Pistons,Denver Nuggets,0,-6.5,234.5,121,134,38,23,28,32,36,31,47,20,0,ESPN BET
nba,2025,2,2024-12-29,401705003,Indiana Pacers,Boston Celtics,0,-10.5,232.5,123,114,27,38,33,25,29,29,33,23,0,ESPN BET
nba,2025,2,2024-12-29,401705002,Brooklyn Nets,Orlando Magic,0,-7.5,202.5,101,102,27,34,22,18,21,22,25,34,0,ESPN BET
nba,2025,2,2024-12-28,401705001,Sacramento Kings,Los Angeles Lakers,0,3.5,220.5,122,132,31,35,24,32,40,25,42,25,0,ESPN BET
nba,2025,2,2024-12-28,401705000,Dallas Mavericks,Portland Trail Blazers,0,3.5,223.5,122,126,25,34,23,40,36,33,28,29,0,ESPN BET
nba,2025,2,2024-12-29,401705005,Miami Heat,Houston Rockets,0,-8.5,216.5,104,100,31,22,28,23,27,23,32,18,0,ESPN BET
nba,2025,2,2024-12-29,401705004,Atlanta Hawks,Toronto Raptors,0,-1.5,240.5,136,107,35,29,40,32,25,33,24,25,0,ESPN BET
nba,2025,2,2024-12-29,401705006,Memphis Grizzlies,Oklahoma City Thunder,0,-8.5,235.5,106,130,31,19,24,32,34,42,26,28,0,ESPN BET
nba,2025,2,2024-12-30,401705011,Denver Nuggets,Utah Jazz,0,7.5,238.5,132,121,36,28,34,34,37,29,23,32,0,ESPN BET
nba,2025,2,2024-12-30,401705012,Cleveland Cavaliers,Golden State Warriors,0,3.5,233.5,113,95,26,20,37,30,27,11,27,30,0,ESPN BET
nba,2025,2,2024-12-30,401705010,LA Clippers,New Orleans Pelicans,0,4.5,219.5,116,113,31,25,31,29,37,25,28,23,0,ESPN BET
nba,2025,2,2024-12-29,401705007,San Antonio Spurs,Minnesota Timberwolves,0,-6.5,216.5,110,112,33,12,37,28,25,32,25,30,0,ESPN BET
nba,2025,2,2024-12-30,401705013,Philadelphia 76ers,Portland Trail Blazers,0,6.5,222.5,125,103,33,31,27,34,31,23,18,31,0,ESPN BET
nba,2025,2,2024-12-30,401705009,New York Knicks,Washington Wizards,0,12.5,228.5,126,106,27,32,38,29,30,27,31,18,0,ESPN BET
nba,2025,2,2024-12-30,401705008,Chicago Bulls,Charlotte Hornets,0,4.5,224.5,115,108,15,37,21,25,24,22,25,27,1,ESPN BET
nba,2025,2,2024-12-30,401705014,Dallas Mavericks,Sacramento Kings,0,-7.5,223.5,100,110,37,23,17,23,23,33,27,27,0,ESPN BET
nba,2025,2,2024-12-31,401705017,LA Clippers,San Antonio Spurs,0,-3.5,218.5,86,122,17,26,20,23,31,32,28,31,0,ESPN BET
nba,2025,2,2024-12-31,401705015,Toronto Raptors,Boston Celtics,0,-16.5,231.5,71,125,12,23,18,18,23,22,45,35,0,ESPN BET
nba,2025,2,2024-12-31,401705016,Milwaukee Bucks,Indiana Pacers,0,1.5,229.5,120,112,30,23,35,32,28,36,27,21,0,ESPN BET
nba,2025,2,2024-12-31,401705019,Memphis Grizzlies,Phoenix Suns,0,-5.5,239.5,117,112,36,33,22,26,26,29,31,26,0,ESPN BET
nba,2025,2,2024-12-31,401705018,Minnesota Timberwolves,Oklahoma City Thunder,0,-6.5,217.5,105,113,24,28,23,30,21,25,43,24,0,ESPN BET
nba,2025,2,2025-01-01,401705024,Utah Jazz,New York Knicks,0,-11.5,228.5,103,119,25,21,33,24,24,32,31,32,0,ESPN BET
nba,2025,2,2025-01-01,401705025,Brooklyn Nets,Toronto Raptors,0,-1.5,218.5,113,130,33,31,27,22,26,39,29,36,0,ESPN BET
nba,2025,2,2025-01-02,401705030,Boston Celtics,Minnesota Timberwolves,0,2.5,216.5,118,115,28,34,29,27,35,16,34,30,0,ESPN BET
nba,2025,2,2025-01-01,401705022,Chicago Bulls,Washington Wizards,0,6.5,242.5,107,125,25,26,29,27,27,28,36,34,0,ESPN BET
nba,2025,2,2025-01-02,401705029,Indiana Pacers,Miami Heat,0,-2.5,225.5,128,115,38,28,41,21,25,25,33,32,0,ESPN BET
nba,2025,2,2025-01-01,401705027,Atlanta Hawks,Denver Nuggets,0,-8.5,246.5,120,139,33,38,24,25,40,34,41,24,0,ESPN BET
nba,2025,2,2025-01-01,401705021,Orlando Magic,Detroit Pistons,0,-2.5,211.5,96,105,21,28,26,21,31,34,19,21,0,ESPN BET
nba,2025,2,2024-12-31,401705020,Cleveland Cavaliers,Los Angeles Lakers,0,4.5,227.5,122,110,34,24,29,35,30,23,25,32,0,ESPN BET
nba,2025,2,2025-01-01,401705023,New Orleans Pelicans,Miami Heat,0,-8.5,220.5,108,119,24,27,25,32,36,20,34,29,0,ESPN BET
nba,2025,2,2025-01-01,401705028,Philadelphia 76ers,Sacramento Kings,0,-6.5,220.5,107,113,30,27,32,18,25,32,23,33,0,ESPN BET
nba,2025,2,2025-01-01,401705026,Dallas Mavericks,Houston Rockets,0,-4.5,220.5,99,110,30,22,23,24,24,37,28,21,0,ESPN BET
nba,2025,2,2025-01-02,401705031,Brooklyn Nets,Milwaukee Bucks,0,-12.5,223.5,113,110,30,36,28,19,23,31,31,25,0,ESPN BET
nba,2025,2,2025-01-02,401705033,Philadelphia 76ers,Golden State Warriors,0,-3.5,219.5,105,139,19,33,26,27,35,33,35,36,0,ESPN BET
nba,2025,2,2025-01-02,401705032,LA Clippers,Oklahoma City Thunder,0,-12.5,216.5,98,116,30,22,20,26,22,26,42,26,0,ESPN BET
nba,2025,2,2025-01-03,401705035,Charlotte Hornets,Detroit Pistons,0,-7.5,213.5,94,98,31,34,17,12,26,26,32,14,0,ESPN BET
nba,2025,2,2025-01-02,401705034,Portland Trail Blazers,Los Angeles Lakers,0,-6.5,224.5,106,114,31,20,24,31,27,33,28,26,0,ESPN BET
nba,2025,2,2025-01-03,401705036,Orlando Magic,Toronto Raptors,0,1.5,214.5,106,97,37,25,26,18,24,26,18,29,0,ESPN BET
nba,2025,2,2025-01-03,401705037,Boston Celtics,Houston Rockets,0,3.5,221.5,109,86,37,28,17,27,31,25,16,14,0,ESPN BET
nba,2025,2,2025-01-03,401705039,New York Knicks,Oklahoma City Thunder,0,-4.5,223.5,107,117,30,36,22,19,33,21,26,37,0,ESPN BET
nba,2025,2,2025-01-03,401705042,Memphis Grizzlies,Sacramento Kings,0,-3.5,242.5,133,138,32,40,28,33,46,32,24,36,0,ESPN BET
nba,2025,2,2025-01-03,401705040,Cleveland Cavaliers,Dallas Mavericks,0,9.5,225.5,134,122,32,37,31,34,21,32,32,37,0,ESPN BET
nba,2025,2,2025-01-03,401705041,San Antonio Spurs,Denver Nuggets,0,-5.5,238.5,113,110,32,28,27,26,30,22,38,20,0,ESPN BET
nba,2025,2,2025-01-03,401705043,Atlanta Hawks,Los Angeles Lakers,0,-1.5,234.5,102,119,28,29,29,16,31,34,31,23,0,ESPN BET
nba,2025,2,2025-01-03,401705038,Washington Wizards,New Orleans Pelicans,0,-7.5,232.5,120,132,37,31,29,23,29,33,35,35,0,ESPN BET
nba,2025,2,2025-01-04,401705044,Philadelphia 76ers,Brooklyn Nets,0,9.5,211.5,123,94,29,35,27,32,19,28,19,28,0,ESPN BET
nba,2025,2,2025-01-04,401705046,Phoenix Suns,Indiana Pacers,0,-2.5,234.5,108,126,29,27,28,24,30,26,40,30,0,ESPN BET
nba,2025,2,2025-01-04,401705045,Minnesota Timberwolves,Detroit Pistons,0,6.5,215.5,105,119,28,15,38,24,33,22,41,23,0,ESPN BET
nba,2025,2,2025-01-04,401705049,Portland Trail Blazers,Milwaukee Bucks,0,-11.5,228.5,105,102,28,26,21,30,31,20,25,26,0,ESPN BET
nba,2025,2,2025-01-04,401705047,Utah Jazz,Miami Heat,0,-8.5,226.5,136,100,22,40,36,38,22,19,25,34,0,ESPN BET
nba,2025,2,2025-01-04,401705050,Denver Nuggets,San Antonio Spurs,0,3.5,236.5,122,111,30,24,27,27,27,28,37,16,1,ESPN BET
nba,2025,2,2025-01-04,401705051,Memphis Grizzlies,Golden State Warriors,0,-3.5,230.5,113,121,29,25,32,27,30,28,34,29,0,ESPN BET
nba,2025,2,2025-01-04,401705048,New York Knicks,Chicago Bulls,0,5.5,238.5,126,139,33,39,17,37,29,34,41,35,0,ESPN BET
nba,2025,2,2025-01-05,401705053,Boston Celtics,Oklahoma City Thunder,0,-0.5,225.5,92,105,35,30,15,12,32,23,21,29,0,ESPN BET
nba,2025,2,2025-01-05,401705054,Charlotte Hornets,Cleveland Cavaliers,0,-16.5,231.5,105,115,23,25,30,27,29,34,28,24,0,ESPN BET
nba,2025,2,2025-01-04,401705052,Atlanta Hawks,LA Clippers,0,-7.5,229.5,105,131,28,26,22,29,29,45,24,33,0,ESPN BET
nba,2025,2,2025-01-05,401705055,New Orleans Pelicans,Washington Wizards,0,5.5,232.5,110,98,33,27,24,26,22,23,25,28,0,ESPN BET
nba,2025,2,2025-01-06,401705059,Portland Trail Blazers,Detroit Pistons,0,-6.5,224.5,115,118,28,32,30,25,23,28,37,30,0,ESPN BET
nba,2025,2,2025-01-05,401705056,Utah Jazz,Orlando Magic,0,-9.5,209.5,105,92,22,21,28,34,25,18,19,30,0,ESPN BET
nba,2025,2,2025-01-05,401705057,Los Angeles Lakers,Houston Rockets,0,-4.5,217.5,115,119,22,27,40,26,36,31,24,28,0,ESPN BET
nba,2025,2,2025-01-05,401705058,Sacramento Kings,Golden State Warriors,0,-3.5,225.5,129,99,36,39,30,24,21,30,24,24,0,ESPN BET
nba,2025,2,2025-01-06,401705061,Indiana Pacers,Brooklyn Nets,0,11.5,220.5,113,99,24,31,23,35,22,17,31,29,0,ESPN BET
nba,2025,2,2025-01-06,401705060,Phoenix Suns,Philadelphia 76ers,0,1.5,222.5,109,99,16,26,36,31,23,23,27,26,0,ESPN BET
nba,2025,2,2025-01-06,401705062,Orlando Magic,New York Knicks,0,-10.5,206.5,103,94,24,29,22,28,28,23,17,26,0,ESPN BET
nba,2025,2,2025-01-06,401705063,Milwaukee Bucks,Toronto Raptors,0,6.5,230.5,128,104,28,38,33,29,19,28,28,29,0,ESPN BET
nba,2025,2,2025-01-06,401705065,Dallas Mavericks,Memphis Grizzlies,0,-4.5,232.5,104,119,36,19,25,24,26,30,31,32,0,ESPN BET
nba,2025,2,2025-01-06,401705066,LA Clippers,Minnesota Timberwolves,0,-2.5,214.5,106,108,27,26,23,30,16,30,31,31,0,ESPN BET
nba,2025,2,2025-01-06,401705067,Miami Heat,Sacramento Kings,0,-3.5,219.5,118,123,28,19,31,24,23,27,18,34,2,ESPN BET
nba,2025,2,2025-01-06,401705064,San Antonio Spurs,Chicago Bulls,0,2.5,236.5,110,114,29,36,30,15,20,30,32,32,0,ESPN BET
nba,2025,2,2025-01-07,401705070,Los Angeles Lakers,Dallas Mavericks,0,5.5,218.5,97,118,27,23,26,21,24,31,34,29,0,ESPN BET
nba,2025,2,2025-01-07,401705069,Houston Rockets,Washington Wizards,0,13.5,223.5,135,112,20,37,40,38,30,25,24,33,0,ESPN BET
nba,2025,2,2025-01-07,401705068,Phoenix Suns,Charlotte Hornets,0,4.5,226.5,104,115,29,17,37,21,22,37,29,27,0,ESPN BET
nba,2025,2,2025-01-07,401705071,Minnesota Timberwolves,New Orleans Pelicans,0,3.5,221.5,104,97,34,20,29,21,33,21,21,22,0,ESPN BET
nba,2025,2,2025-01-07,401705073,Boston Celtics,Denver Nuggets,0,10.5,231.5,118,106,37,20,31,30,25,32,26,23,0,ESPN BET
nba,2025,2,2025-01-07,401705072,Atlanta Hawks,Utah Jazz,0,5.5,239.5,124,121,36,29,28,31,32,30,27,32,0,ESPN BET
nba,2025,2,2025-01-07,401705074,Miami Heat,Golden State Warriors,0,-9.5,215.5,114,98,29,32,23,30,23,25,30,20,0,ESPN BET
nba,2025,2,2025-01-08,401705075,Oklahoma City Thunder,Cleveland Cavaliers,0,-2.5,231.5,122,129,32,27,43,20,25,37,41,26,0,ESPN BET
nba,2025,2,2025-01-08,401705080,Portland Trail Blazers,New Orleans Pelicans,0,-1.5,223.5,119,100,40,35,23,21,24,18,34,24,0,ESPN BET
nba,2025,2,2025-01-08,401705076,Chicago Bulls,Indiana Pacers,0,-5.5,245.5,113,129,18,26,32,37,29,34,37,29,0,ESPN BET
nba,2025,2,2025-01-08,401705077,Toronto Raptors,New York Knicks,0,-12.5,233.5,98,112,24,27,25,22,28,27,31,26,0,ESPN BET
nba,2025,2,2025-01-08,401705078,Washington Wizards,Philadelphia 76ers,0,-10.5,221.5,103,109,25,23,26,29,32,27,29,21,0,ESPN BET
nba,2025,2,2025-01-08,401705079,Detroit Pistons,Brooklyn Nets,0,9.5,211.5,113,98,27,32,32,22,25,24,21,28,0,ESPN BET
nba,2025,2,2025-01-08,401705081,LA Clippers,Denver Nuggets,0,3.5,223.5,103,126,19,31,27,26,33,33,32,28,0,ESPN BET
nba,2025,2,2025-01-08,401705082,San Antonio Spurs,Milwaukee Bucks,0,-4.5,226.5,105,121,27,19,32,27,31,34,26,30,0,ESPN BET
nba,2025,2,2025-01-09,401705085,Minnesota Timberwolves,Orlando Magic,0,5.5,199.5,104,89,29,23,26,26,18,21,23,27,0,ESPN BET
nba,2025,2,2025-01-09,401705084,Golden State Warriors,Detroit Pistons,0,2.5,220.5,107,104,25,32,25,25,23,24,27,30,0,ESPN BET
nba,2025,2,2025-01-09,401705087,Portland Trail Blazers,Dallas Mavericks,0,-7.5,220.5,111,117,28,30,31,22,20,33,28,36,0,ESPN BET
nba,2025,2,2025-01-09,401705086,Houston Rockets,Memphis Grizzlies,0,-2.5,233.5,119,115,45,23,33,18,36,27,29,23,0,ESPN BET
nba,2025,2,2025-01-09,401705083,Toronto Raptors,Cleveland Cavaliers,0,-13.5,235.5,126,132,33,28,42,23,27,34,37,34,0,ESPN BET
nba,2025,2,2025-01-09,401705089,Miami Heat,Utah Jazz,0,5.5,221.5,97,92,20,26,22,29,27,14,29,22,0,ESPN BET
nba,2025,2,2025-01-09,401705088,Atlanta Hawks,Phoenix Suns,0,-5.5,238.5,115,123,31,41,20,23,38,30,30,25,0,ESPN BET
nba,2025,2,2025-01-10,401705091,Golden State Warriors,Indiana Pacers,0,-10.5,222.5,96,108,24,21,25,26,27,23,30,28,0,ESPN BET
nba,2025,2,2025-01-10,401705092,Milwaukee Bucks,Orlando Magic,0,6.5,212.5,109,106,29,21,28,31,31,20,30,25,0,ESPN BET
nba,2025,2,2025-01-10,401705094,Sacramento Kings,Boston Celtics,0,-12.5,225.5,114,97,34,19,23,38,27,28,21,21,0,ESPN BET
nba,2025,2,2025-01-11,401705099,Utah Jazz,Phoenix Suns,0,-10.5,229.5,106,114,27,27,25,27,31,34,22,27,0,ESPN BET
nba,2025,2,2025-01-10,401705095,Oklahoma City Thunder,New York Knicks,0,2.5,224.5,126,101,31,39,32,24,17,26,31,27,0,ESPN BET
nba,2025,2,2025-01-10,401705093,New Orleans Pelicans,Philadelphia 76ers,0,-6.5,219.5,123,115,28,25,34,36,24,23,31,37,0,ESPN BET
nba,2025,2,2025-01-10,401705097,Brooklyn Nets,Denver Nuggets,0,-14.5,224.5,105,124,36,23,20,26,32,33,29,30,0,ESPN BET
nba,2025,2,2025-01-10,401705096,Washington Wizards,Chicago Bulls,0,-10.5,243.5,105,138,26,32,24,23,36,32,41,29,0,ESPN BET
nba,2025,2,2025-01-11,401705102,Miami Heat,Portland Trail Blazers,0,4.5,219.5,119,98,29,37,28,25,23,25,35,15,0,ESPN BET
nba,2025,2,2025-01-11,401705100,Toronto Raptors,Detroit Pistons,0,-5.5,226.5,114,123,32,34,27,21,32,33,34,24,0,ESPN BET
nba,2025,2,2025-01-12,401705105,Milwaukee Bucks,New York Knicks,0,-5.5,227.5,106,140,33,29,27,17,36,39,33,32,0,ESPN BET
nba,2025,2,2025-01-11,401705101,Memphis Grizzlies,Minnesota Timberwolves,0,-1.5,232.5,127,125,35,29,35,28,33,32,38,22,0,ESPN BET
nba,2025,2,2025-01-12,401705106,Denver Nuggets,Dallas Mavericks,0,5.5,232.5,112,101,17,41,21,33,32,29,28,12,0,ESPN BET
nba,2025,2,2025-01-12,401705107,Sacramento Kings,Chicago Bulls,0,5.5,238.5,124,119,32,29,36,27,30,33,32,24,0,ESPN BET
nba,2025,2,2025-01-12,401705108,New Orleans Pelicans,Boston Celtics,0,-14.5,230.5,119,120,35,26,27,31,29,33,28,30,0,ESPN BET
nba,2025,2,2025-01-12,401705109,Indiana Pacers,Cleveland Cavaliers,0,-8.5,240.5,108,93,21,19,37,31,19,34,18,22,0,ESPN BET
nba,2025,2,2025-01-12,401705110,Philadelphia 76ers,Orlando Magic,0,-1.5,208.5,99,104,21,27,29,22,24,25,24,31,0,ESPN BET
nba,2025,2,2025-01-12,401705111,Oklahoma City Thunder,Washington Wizards,0,15.5,230.5,136,95,37,30,37,32,25,18,26,26,0,ESPN BET
nba,2025,2,2025-01-13,401705116,Golden State Warriors,Toronto Raptors,0,4.5,228.5,101,104,26,24,28,23,28,24,23,29,0,ESPN BET
nba,2025,2,2025-01-13,401705117,Memphis Grizzlies,Houston Rockets,0,-2.5,236.5,118,120,30,30,32,26,23,34,30,33,0,ESPN BET
nba,2025,2,2025-01-13,401705115,Detroit Pistons,New York Knicks,0,-7.5,224.5,124,119,37,22,36,29,26,37,27,29,0,ESPN BET
nba,2025,2,2025-01-13,401705114,Minnesota Timberwolves,Washington Wizards,0,14.5,223.5,120,106,25,26,31,38,20,27,32,27,0,ESPN BET
nba,2025,2,2025-01-12,401705112,Brooklyn Nets,Utah Jazz,0,-3.5,213.5,111,112,27,21,30,24,26,23,36,17,1,ESPN BET
nba,2025,2,2025-01-12,401705113,Charlotte Hornets,Phoenix Suns,0,-6.5,226.5,113,120,34,28,36,15,28,34,31,27,0,ESPN BET
nba,2025,2,2025-01-13,401705119,Miami Heat,LA Clippers,0,-7.5,215.5,98,109,35,13,20,30,28,15,36,30,0,ESPN BET
nba,2025,2,2025-01-13,401705118,San Antonio Spurs,Los Angeles Lakers,0,-4.5,221.5,126,102,28,25,36,37,26,36,27,13,0,ESPN BET
nba,2025,2,2025-01-14,401705120,Cleveland Cavaliers,Indiana Pacers,0,8.5,230.5,127,117,37,25,38,27,30,31,28,28,0,ESPN BET
nba,2025,2,2025-01-14,401705121,Oklahoma City Thunder,Philadelphia 76ers,0,15.5,214.5,118,102,37,21,29,31,21,22,38,21,0,ESPN BET
nba,2025,2,2025-01-14,401705123,New Orleans Pelicans,Chicago Bulls,0,-1.5,242.5,119,113,29,24,33,33,33,26,27,27,0,ESPN BET
nba,2025,2,2025-01-14,401705122,Phoenix Suns,Atlanta Hawks,0,2.5,238.5,117,122,31,25,31,30,33,31,25,33,0,ESPN BET
nba,2025,2,2025-01-14,401705124,Sacramento Kings,Milwaukee Bucks,0,-2.5,226.5,115,130,26,28,28,33,47,28,27,28,0,ESPN BET
nba,2025,2,2025-01-14,401705125,Denver Nuggets,Dallas Mavericks,0,2.5,234.5,118,99,36,35,20,27,21,24,22,32,0,ESPN BET
nba,2025,2,2025-01-14,401705126,Brooklyn Nets,Portland Trail Blazers,0,-3.5,220.5,132,114,40,26,32,34,30,31,27,26,0,ESPN BET
nba,2025,2,2025-01-15,401705127,New York Knicks,Philadelphia 76ers,0,5.5,219.5,125,119,30,30,25,24,21,26,38,24,1,ESPN BET
nba,2025,2,2025-01-15,401705128,Boston Celtics,Toronto Raptors,0,13.5,229.5,97,110,29,24,29,15,25,30,33,22,0,ESPN BET
nba,2025,2,2025-01-15,401705134,Houston Rockets,Denver Nuggets,0,5.5,225.5,128,108,28,41,33,26,23,25,33,27,0,ESPN BET
nba,2025,2,2025-01-15,401705133,Memphis Grizzlies,San Antonio Spurs,0,2.5,239.5,129,115,28,23,43,35,30,33,25,27,0,ESPN BET
nba,2025,2,2025-01-15,401705129,Atlanta Hawks,Chicago Bulls,0,-6.5,235.5,110,94,27,34,25,24,25,22,31,16,0,ESPN BET
nba,2025,2,2025-01-15,401705130,Orlando Magic,Milwaukee Bucks,0,-6.5,212.5,93,122,16,25,27,25,34,28,30,30,0,ESPN BET
nba,2025,2,2025-01-15,401705132,Dallas Mavericks,New Orleans Pelicans,0,-1.5,221.5,116,119,27,34,30,25,33,30,24,32,0,ESPN BET
nba,2025,2,2025-01-15,401705136,Miami Heat,Los Angeles Lakers,0,-4.5,215.5,108,117,38,28,19,23,34,20,29,34,0,ESPN BET
nba,2025,2,2025-01-15,401705135,Charlotte Hornets,Utah Jazz,0,5.5,222.5,117,112,26,29,25,37,33,29,25,25,0,ESPN BET
nba,2025,2,2025-01-15,401705131,Golden State Warriors,Minnesota Timberwolves,0,-6.5,217.5,116,115,34,21,32,29,12,30,36,37,0,ESPN BET
nba,2025,2,2025-01-15,401705137,Brooklyn Nets,LA Clippers,0,-15.5,213.5,67,126,21,14,16,16,21,37,44,24,0,ESPN BET
nba,2025,2,2025-01-16,401705138,Indiana Pacers,Detroit Pistons,0,1.5,229.5,111,100,29,40,23,19,26,30,25,19,0,ESPN BET
nba,2025,2,2025-01-16,401705139,Phoenix Suns,Washington Wizards,0,11.5,231.5,130,123,34,35,35,26,21,34,28,40,0,ESPN BET
nba,2025,2,2025-01-16,401705140,Cleveland Cavaliers,Oklahoma City Thunder,0,-2.5,232.5,114,134,14,35,32,33,32,43,44,15,0,ESPN BET
nba,2025,2,2025-01-16,401705141,LA Clippers,Portland Trail Blazers,0,7.5,220.5,118,89,32,20,34,32,22,16,28,23,0,ESPN BET
nba,2025,2,2025-01-16,401705142,Houston Rockets,Sacramento Kings,0,-4.5,225.5,127,132,25,27,33,42,26,35,29,42,0,ESPN BET
nba,2025,2,2025-01-17,401705143,Orlando Magic,Boston Celtics,0,-14.5,212.5,94,121,28,26,22,18,35,31,30,25,0,ESPN BET
nba,2025,2,2025-01-17,401705146,Toronto Raptors,Milwaukee Bucks,0,-10.5,233.5,112,130,22,35,34,21,37,35,35,23,0,ESPN BET
nba,2025,2,2025-01-17,401705147,Utah Jazz,New Orleans Pelicans,0,-11.5,230.5,123,136,22,30,28,43,42,19,35,40,0,ESPN BET
nba,2025,2,2025-01-17,401705144,Minnesota Timberwolves,New York Knicks,0,-2.5,216.5,116,99,28,35,18,35,21,38,19,21,0,ESPN BET
nba,2025,2,2025-01-17,401705145,Denver Nuggets,Miami Heat,0,3.5,229.5,133,113,30,37,31,35,24,31,31,27,0,ESPN BET
nba,2025,2,2025-01-17,401705151,Brooklyn Nets,Los Angeles Lakers,0,-9.5,215.5,101,102,23,22,23,33,24,27,21,30,0,ESPN BET
nba,2025,2,2025-01-18,401705152,Phoenix Suns,Detroit Pistons,0,-0.5,226.5,125,121,30,31,37,27,29,31,35,26,0,ESPN BET
nba,2025,2,2025-01-17,401705148,Memphis Grizzlies,San Antonio Spurs,0,-1.5,236.5,140,112,27,35,40,38,29,35,22,26,0,ESPN BET
nba,2025,2,2025-01-17,401705149,Oklahoma City Thunder,Dallas Mavericks,0,2.5,221.5,98,106,26,17,33,22,22,41,14,29,0,ESPN BET
nba,2025,2,2025-01-17,401705150,Charlotte Hornets,Chicago Bulls,0,-4.5,235.5,125,123,36,37,25,27,29,42,32,20,0,ESPN BET
nba,2025,2,2025-01-18,401705154,Philadelphia 76ers,Indiana Pacers,0,-10.5,225.5,102,115,23,36,21,22,28,33,28,26,0,ESPN BET
nba,2025,2,2025-01-18,401705155,Washington Wizards,Golden State Warriors,0,-13.5,230.5,114,122,29,31,27,27,25,28,36,33,0,ESPN BET
nba,2025,2,2025-01-18,401705153,Atlanta Hawks,Boston Celtics,0,-9.5,237.5,119,115,21,31,21,31,33,15,30,26,1,ESPN BET
nba,2025,2,2025-01-19,401705158,San Antonio Spurs,Miami Heat,0,-2.5,219.5,107,128,30,11,27,39,20,26,46,36,0,ESPN BET
nba,2025,2,2025-01-18,401705156,Cleveland Cavaliers,Minnesota Timberwolves,0,4.5,225.5,124,117,29,31,29,35,32,28,19,38,0,ESPN BET
nba,2025,2,2025-01-19,401705159,Denver Nuggets,Orlando Magic,0,7.5,220.5,113,100,28,26,39,20,29,23,25,23,0,ESPN BET
nba,2025,2,2025-01-18,401705157,Houston Rockets,Portland Trail Blazers,0,10.5,223.5,125,103,25,26,36,38,23,27,24,29,0,ESPN BET
nba,2025,2,2025-01-19,401705164,Washington Wizards,Sacramento Kings,0,-17.5,237.5,100,123,26,22,29,23,32,30,28,33,0,ESPN BET
nba,2025,2,2025-01-19,401705161,Brooklyn Nets,Oklahoma City Thunder,0,-16.5,217.5,101,127,19,30,28,24,39,30,29,29,0,ESPN BET
nba,2025,2,2025-01-20,401705166,Detroit Pistons,Houston Rockets,0,-7.5,224.5,107,96,40,17,33,17,29,28,23,16,0,ESPN BET
nba,2025,2,2025-01-19,401705163,Chicago Bulls,Portland Trail Blazers,0,4.5,236.5,102,113,34,19,24,25,22,31,34,26,0,ESPN BET
nba,2025,2,2025-01-19,401705160,Philadelphia 76ers,Milwaukee Bucks,0,-13.5,226.5,109,123,21,29,31,28,30,29,31,33,0,ESPN BET
nba,2025,2,2025-01-20,401705168,Atlanta Hawks,New York Knicks,0,-8.5,239.5,110,119,27,35,27,21,26,28,40,25,0,ESPN BET
nba,2025,2,2025-01-19,401705162,Los Angeles Lakers,LA Clippers,0,-4.5,216.5,102,116,26,23,28,25,32,32,28,24,0,ESPN BET
nba,2025,2,2025-01-20,401705165,Dallas Mavericks,Charlotte Hornets,0,3.5,223.5,105,110,27,28,28,22,24,31,27,28,0,ESPN BET
nba,2025,2,2025-01-20,401705167,Minnesota Timberwolves,Memphis Grizzlies,0,-5.5,234.5,106,108,28,26,22,30,21,22,28,37,0,ESPN BET
nba,2025,2,2025-01-20,401705171,Utah Jazz,New Orleans Pelicans,0,-10.5,230.5,119,123,38,31,20,21,19,30,33,28,1,ESPN BET
nba,2025,2,2025-01-20,401705169,Phoenix Suns,Cleveland Cavaliers,0,-7.5,238.5,92,118,27,19,24,22,27,32,34,25,0,ESPN BET
nba,2025,2,2025-01-20,401705170,Boston Celtics,Golden State Warriors,0,8.5,224.5,125,85,29,25,43,28,18,21,24,22,0,ESPN BET
nba,2025,2,2025-01-20,401705177,Chicago Bulls,LA Clippers,0,-5.5,227.5,112,99,25,23,36,28,18,32,16,33,0,ESPN BET
nba,2025,2,2025-01-21,401705172,New York Knicks,Brooklyn Nets,0,11.5,219.5,99,95,24,35,25,15,26,25,24,20,0,ESPN BET
nba,2025,2,2025-01-21,401705174,Orlando Magic,Toronto Raptors,0,1.5,213.5,93,109,37,13,20,23,24,21,40,24,0,ESPN BET
nba,2025,2,2025-01-21,401705173,Portland Trail Blazers,Miami Heat,0,-8.5,219.5,116,107,34,27,36,19,38,17,22,30,0,ESPN BET
nba,2025,2,2025-01-22,401705179,Phoenix Suns,Brooklyn Nets,0,12.5,216.5,108,84,28,26,28,26,16,26,26,16,0,ESPN BET
nba,2025,2,2025-01-21,401705176,Washington Wizards,Los Angeles Lakers,0,-13.5,227.5,88,111,23,26,28,11,29,30,30,22,0,ESPN BET
nba,2025,2,2025-01-22,401705185,Golden State Warriors,Sacramento Kings,0,-7.5,231.5,117,123,24,41,20,32,20,28,37,38,0,ESPN BET
nba,2025,2,2025-01-22,401705181,Cleveland Cavaliers,Houston Rockets,0,-0.5,230.5,108,109,32,21,30,25,39,22,33,15,0,ESPN BET
nba,2025,2,2025-01-22,401705180,Minnesota Timberwolves,Dallas Mavericks,0,3.5,213.5,115,114,17,38,31,29,22,31,29,32,0,ESPN BET
nba,2025,2,2025-01-22,401705182,Charlotte Hornets,Memphis Grizzlies,0,-11.5,241.5,120,132,25,23,36,36,38,40,28,26,0,ESPN BET
nba,2025,2,2025-01-22,401705184,Utah Jazz,Oklahoma City Thunder,0,-15.5,232.5,114,123,29,26,34,25,31,26,38,28,0,ESPN BET
nba,2025,2,2025-01-21,401705175,Philadelphia 76ers,Denver Nuggets,0,-11.5,232.5,109,144,27,40,27,15,35,42,40,27,0,ESPN BET
nba,2025,2,2025-01-22,401705186,Boston Celtics,LA Clippers,0,11.5,217.5,117,113,33,27,21,22,34,25,25,19,1,ESPN BET
nba,2025,2,2025-01-23,401705188,Portland Trail Blazers,Orlando Magic,0,-6.5,212.5,101,79,18,29,27,27,21,18,20,20,0,ESPN BET
nba,2025,2,2025-01-22,401705178,Detroit Pistons,Atlanta Hawks,0,-4.5,233.5,114,104,36,33,28,17,26,25,24,29,0,ESPN BET
nba,2025,2,2025-01-23,401705187,San Antonio Spurs,Indiana Pacers,1,-2.5,229.5,140,110,30,30,45,35,29,28,23,30,0,ESPN BET
nba,2025,2,2025-01-23,401705191,Dallas Mavericks,Oklahoma City Thunder,0,-11.5,224.5,121,115,33,27,31,30,34,28,21,32,0,ESPN BET
nba,2025,2,2025-01-23,401705189,Toronto Raptors,Atlanta Hawks,0,-5.5,237.5,122,119,35,30,29,28,25,34,30,30,0,ESPN BET
nba,2025,2,2025-01-23,401705192,Sacramento Kings,Denver Nuggets,0,-7.5,241.5,123,132,31,21,33,38,40,34,36,22,0,ESPN BET
nba,2025,2,2025-01-23,401705190,Miami Heat,Milwaukee Bucks,0,-5.5,223.5,96,125,30,25,19,22,27,44,23,31,0,ESPN BET
nba,2025,2,2025-01-23,401705194,Chicago Bulls,Golden State Warriors,0,-4.5,232.5,106,131,33,31,16,26,30,33,31,37,0,ESPN BET
nba,2025,2,2025-01-23,401705195,Boston Celtics,Los Angeles Lakers,0,6.5,218.5,96,117,23,25,20,28,34,33,16,34,0,ESPN BET
nba,2025,2,2025-01-23,401705549,Washington Wizards,LA Clippers,0,-14.5,225.5,93,110,20,21,31,21,30,33,26,21,0,ESPN BET
nba,2025,2,2025-01-24,401705196,Portland Trail Blazers,Charlotte Hornets,0,-0.5,216.5,102,97,22,28,23,29,30,24,21,22,0,ESPN BET
nba,2025,2,2025-01-24,401705197,Cleveland Cavaliers,Philadelphia 76ers,0,9.5,229.5,129,132,33,34,29,33,39,25,34,34,0,ESPN BET
nba,2025,2,2025-01-25,401705200,Denver Nuggets,Minnesota Timberwolves,0,3.5,228.5,104,133,31,29,31,13,40,31,38,24,0,ESPN BET
nba,2025,2,2025-01-25,401705201,Boston Celtics,Dallas Mavericks,0,8.5,226.5,122,107,25,34,37,26,29,20,27,31,0,ESPN BET
nba,2025,2,2025-01-25,401705199,Indiana Pacers,San Antonio Spurs,1,2.5,229.5,136,98,33,32,33,38,24,26,36,12,0,ESPN BET
nba,2025,2,2025-01-24,401705198,New Orleans Pelicans,Memphis Grizzlies,0,-9.5,243.5,126,139,29,42,29,26,33,29,43,34,0,ESPN BET
nba,2025,2,2025-01-25,401705204,Detroit Pistons,Orlando Magic,0,-3.5,209.5,113,121,30,23,28,32,18,36,25,42,0,ESPN BET
nba,2025,2,2025-01-25,401705202,Miami Heat,Brooklyn Nets,0,6.5,211.5,106,97,24,29,29,24,17,32,19,29,0,ESPN BET
nba,2025,2,2025-01-25,401705203,New Orleans Pelicans,Charlotte Hornets,0,2.5,230.5,92,123,23,22,23,24,31,32,30,30,0,ESPN BET
nba,2025,2,2025-01-25,401705207,Sacramento Kings,New York Knicks,0,-4.5,233.5,120,143,25,42,33,20,38,34,39,32,0,ESPN BET
nba,2025,2,2025-01-25,401705206,Houston Rockets,Cleveland Cavaliers,0,-4.5,231.5,135,131,33,35,33,34,27,27,30,47,0,ESPN BET
nba,2025,2,2025-01-25,401705205,Toronto Raptors,Atlanta Hawks,0,-5.5,232.5,117,94,22,33,31,31,27,21,22,24,0,ESPN BET
nba,2025,2,2025-01-25,401705208,Philadelphia 76ers,Chicago Bulls,0,-3.5,231.5,109,97,30,30,20,29,28,25,30,14,0,ESPN BET
nba,2025,2,2025-01-25,401705210,Los Angeles Lakers,Golden State Warriors,0,-0.5,221.5,118,108,27,32,30,29,26,32,25,25,0,ESPN BET
nba,2025,2,2025-01-25,401705209,Utah Jazz,Memphis Grizzlies,0,-11.5,247.5,103,125,31,26,17,29,35,30,36,24,0,ESPN BET
nba,2025,2,2025-01-26,401705213,Oklahoma City Thunder,Portland Trail Blazers,0,13.5,225.5,118,108,27,39,27,25,27,26,25,30,0,ESPN BET
nba,2025,2,2025-01-27,401705214,Los Angeles Lakers,Charlotte Hornets,0,4.5,223.5,112,107,39,20,27,26,19,32,26,30,0,ESPN BET
nba,2025,2,2025-01-27,401705215,Detroit Pistons,Cleveland Cavaliers,0,-10.5,234.5,91,110,23,22,22,24,26,29,27,28,0,ESPN BET
nba,2025,2,2025-01-27,401705216,Houston Rockets,Boston Celtics,0,-5.5,221.5,114,112,31,23,31,29,27,25,37,23,0,ESPN BET
nba,2025,2,2025-01-27,401705219,Memphis Grizzlies,New York Knicks,0,-4.5,242.5,106,143,31,21,32,22,34,26,42,41,0,ESPN BET
nba,2025,2,2025-01-27,401705217,Sacramento Kings,Brooklyn Nets,0,12.5,228.5,110,96,22,25,33,30,30,24,24,18,0,ESPN BET
nba,2025,2,2025-01-25,401705212,Milwaukee Bucks,LA Clippers,0,-3.5,226.5,117,127,28,31,34,24,28,30,36,33,0,ESPN BET
nba,2025,2,2025-01-27,401705218,Orlando Magic,Miami Heat,0,1.5,205.5,119,125,29,30,29,20,27,28,24,29,2,ESPN BET
nba,2025,2,2025-01-25,401705211,Washington Wizards,Phoenix Suns,0,-14.5,234.5,109,119,24,29,32,24,35,33,28,23,0,ESPN BET
nba,2025,2,2025-01-27,401705220,New Orleans Pelicans,Toronto Raptors,0,-0.5,232.5,104,113,20,20,35,29,25,31,18,39,0,ESPN BET
nba,2025,2,2025-01-27,401705221,Denver Nuggets,Chicago Bulls,0,9.5,247.5,121,129,35,33,28,25,32,29,34,34,0,ESPN BET
nba,2025,2,2025-01-27,401705223,Washington Wizards,Dallas Mavericks,0,-13.5,231.5,108,130,16,27,33,32,42,31,28,29,0,ESPN BET
nba,2025,2,2025-01-27,401705225,LA Clippers,Phoenix Suns,0,-1.5,224.5,109,111,30,17,31,31,34,26,23,28,0,ESPN BET
nba,2025,2,2025-01-27,401705222,Atlanta Hawks,Minnesota Timberwolves,0,-10.5,217.5,92,100,20,23,31,18,28,32,20,20,0,ESPN BET
nba,2025,2,2025-01-27,401705224,Milwaukee Bucks,Utah Jazz,0,8.5,239.5,125,110,35,33,32,25,26,33,21,30,0,ESPN BET
nba,2025,2,2025-01-28,401705227,Utah Jazz,Golden State Warriors,0,-10.5,220.5,103,114,27,24,32,20,27,35,30,22,0,ESPN BET
nba,2025,2,2025-01-29,401705232,Chicago Bulls,Boston Celtics,0,-14.5,230.5,100,122,23,28,25,24,26,41,29,26,0,ESPN BET
nba,2025,2,2025-01-28,401705226,Los Angeles Lakers,Philadelphia 76ers,0,4.5,218.5,104,118,25,32,19,28,25,48,26,19,0,ESPN BET
nba,2025,2,2025-01-28,401705228,Milwaukee Bucks,Portland Trail Blazers,0,5.5,232.5,112,125,36,25,28,23,31,33,33,28,0,ESPN BET
nba,2025,2,2025-01-28,401748705,Houston Rockets,Atlanta Hawks,0,5.5,227.5,100,96,22,27,33,18,27,23,23,23,0,ESPN BET
nba,2025,2,2025-01-29,401705231,Toronto Raptors,Washington Wizards,0,5.5,228.5,106,82,31,26,23,26,18,20,20,24,0,ESPN BET
nba,2025,2,2025-01-29,401705234,Denver Nuggets,New York Knicks,0,-2.5,240.5,112,122,27,27,32,26,31,29,33,29,0,ESPN BET
nba,2025,2,2025-01-29,401705230,Detroit Pistons,Indiana Pacers,0,-5.5,232.5,119,133,33,31,32,23,40,34,28,31,0,ESPN BET
nba,2025,2,2025-01-29,401705229,Brooklyn Nets,Charlotte Hornets,0,-1.5,205.5,104,83,26,27,31,20,19,18,26,20,0,ESPN BET
nba,2025,2,2025-01-29,401705236,Dallas Mavericks,New Orleans Pelicans,0,1.5,232.5,137,136,35,22,40,40,32,31,30,43,0,ESPN BET
nba,2025,2,2025-01-29,401705233,Cleveland Cavaliers,Miami Heat,0,5.5,224.5,126,106,31,28,35,32,21,20,43,22,0,ESPN BET
nba,2025,2,2025-01-29,401705235,Sacramento Kings,Philadelphia 76ers,0,8.5,233.5,104,117,30,26,31,17,28,32,29,28,0,ESPN BET
nba,2025,2,2025-01-29,401705237,LA Clippers,San Antonio Spurs,0,3.5,222.5,128,116,30,35,29,34,32,28,32,24,0,ESPN BET
nba,2025,2,2025-01-29,401705238,Minnesota Timberwolves,Phoenix Suns,0,-0.5,223.5,121,113,22,33,26,40,29,30,18,36,0,ESPN BET
nba,2025,2,2025-01-29,401705239,Oklahoma City Thunder,Golden State Warriors,0,9.5,224.5,109,116,34,24,26,25,20,28,36,32,0,ESPN BET
nba,2025,2,2025-01-30,401705240,Los Angeles Lakers,Washington Wizards,0,8.5,224.5,134,96,42,36,27,29,29,16,25,26,0,ESPN BET
nba,2025,2,2025-01-30,401705241,Atlanta Hawks,Cleveland Cavaliers,0,-11.5,241.5,115,137,29,34,21,31,39,32,39,27,0,ESPN BET
nba,2025,2,2025-01-30,401705243,Minnesota Timberwolves,Utah Jazz,0,5.5,224.5,138,113,27,30,44,37,31,22,22,38,0,ESPN BET
nba,2025,2,2025-01-30,401705244,Orlando Magic,Portland Trail Blazers,0,5.5,211.5,90,119,35,18,20,17,28,34,29,28,0,ESPN BET
nba,2025,2,2025-01-31,401705245,LA Clippers,Charlotte Hornets,0,13.5,208.5,112,104,23,30,34,25,23,25,29,27,0,ESPN BET
nba,2025,2,2025-01-30,401705242,Houston Rockets,Memphis Grizzlies,0,-4.5,233.5,119,120,38,28,30,23,33,23,36,28,0,ESPN BET
nba,2025,2,2025-01-31,401705246,Dallas Mavericks,Detroit Pistons,0,1.5,229.5,102,117,32,26,27,17,28,34,31,24,0,ESPN BET
nba,2025,2,2025-01-31,401705250,Milwaukee Bucks,San Antonio Spurs,0,2.5,236.5,118,144,35,36,30,17,35,35,45,29,0,ESPN BET
nba,2025,2,2025-01-31,401705247,Denver Nuggets,Philadelphia 76ers,0,9.5,234.5,137,134,38,35,30,34,36,33,31,34,0,ESPN BET
nba,2025,2,2025-01-31,401705249,Boston Celtics,New Orleans Pelicans,0,11.5,230.5,118,116,31,28,32,27,34,19,33,30,0,ESPN BET
nba,2025,2,2025-01-31,401705251,Phoenix Suns,Golden State Warriors,0,2.5,229.5,130,105,30,32,36,32,27,24,28,26,0,ESPN BET
nba,2025,2,2025-01-31,401705248,Chicago Bulls,Toronto Raptors,0,-4.5,233.5,122,106,30,25,33,34,27,23,24,32,0,ESPN BET
nba,2025,2,2025-02-01,401705252,Atlanta Hawks,Indiana Pacers,0,-9.5,242.5,127,132,24,40,31,32,40,28,31,33,0,ESPN BET
nba,2025,2,2025-02-01,401705253,Orlando Magic,Utah Jazz,0,3.5,217.5,99,113,21,26,22,30,31,28,26,28,0,ESPN BET
nba,2025,2,2025-02-01,401705256,Washington Wizards,Minnesota Timberwolves,0,-11.5,217.5,105,103,27,31,25,22,26,31,20,26,0,ESPN BET
nba,2025,2,2025-02-01,401705255,Brooklyn Nets,Houston Rockets,0,-12.5,209.5,110,98,26,27,30,27,23,15,26,34,0,ESPN BET
nba,2025,2,2025-02-01,401705254,Denver Nuggets,Charlotte Hornets,0,12.5,226.5,107,104,27,27,36,17,20,26,35,23,0,ESPN BET
nba,2025,2,2025-02-01,401705257,Sacramento Kings,Oklahoma City Thunder,0,-7.5,236.5,110,144,31,24,35,20,36,46,31,31,0,ESPN BET
nba,2025,2,2025-02-01,401705258,Los Angeles Lakers,New York Knicks,0,-10.5,225.5,128,112,32,27,32,37,32,22,35,23,0,ESPN BET
nba,2025,2,2025-02-01,401705259,Miami Heat,San Antonio Spurs,0,2.5,223.5,105,103,33,27,25,20,33,23,26,21,0,ESPN BET
nba,2025,2,2025-02-02,401705264,Boston Celtics,Philadelphia 76ers,0,12.5,224.5,118,110,21,23,36,38,29,32,33,16,0,ESPN BET
nba,2025,2,2025-02-01,401705260,Phoenix Suns,Portland Trail Blazers,0,4.5,226.5,108,127,27,19,33,29,31,30,37,29,0,ESPN BET
nba,2025,2,2025-02-02,401705263,LA Clippers,Toronto Raptors,0,5.5,219.5,108,115,32,29,16,31,36,25,31,23,0,ESPN BET
nba,2025,2,2025-02-02,401705262,Dallas Mavericks,Cleveland Cavaliers,0,-15.5,235.5,101,144,19,27,29,26,50,41,28,25,0,ESPN BET
nba,2025,2,2025-02-02,401705265,Memphis Grizzlies,Milwaukee Bucks,0,-3.5,247.5,132,119,31,25,37,39,28,30,41,20,0,ESPN BET
nba,2025,2,2025-02-02,401705261,Chicago Bulls,Detroit Pistons,0,-5.5,233.5,119,127,35,19,32,33,30,34,31,32,0,ESPN BET
nba,2025,2,2025-02-03,401705268,Houston Rockets,New York Knicks,0,-7.5,224.5,118,124,27,30,32,29,25,27,26,46,0,ESPN BET
nba,2025,2,2025-02-03,401705267,Atlanta Hawks,Detroit Pistons,0,-4.5,236.5,132,130,34,39,28,31,35,29,34,32,0,ESPN BET
nba,2025,2,2025-02-03,401705270,Sacramento Kings,Minnesota Timberwolves,0,-4.5,221.5,116,114,38,29,21,28,34,25,27,28,0,ESPN BET
nba,2025,2,2025-02-03,401705266,Washington Wizards,Charlotte Hornets,0,-4.5,216.5,124,114,31,46,20,27,29,25,34,26,0,ESPN BET
nba,2025,2,2025-02-03,401705269,San Antonio Spurs,Memphis Grizzlies,0,-4.5,241.5,109,128,28,21,32,28,34,27,30,37,0,ESPN BET
nba,2025,2,2025-02-03,401705272,New Orleans Pelicans,Denver Nuggets,0,-9.5,241.5,113,125,23,27,35,28,33,35,25,32,0,ESPN BET
nba,2025,2,2025-02-03,401705271,Milwaukee Bucks,Oklahoma City Thunder,0,-17.5,226.5,96,125,22,22,31,21,39,39,38,9,0,ESPN BET
nba,2025,2,2025-02-03,401705274,Orlando Magic,Golden State Warriors,0,-3.5,209.5,99,104,26,17,24,32,18,25,39,22,0,ESPN BET
nba,2025,2,2025-02-03,401705273,Indiana Pacers,Utah Jazz,0,6.5,242.5,112,111,24,33,26,29,32,29,27,23,0,ESPN BET
nba,2025,2,2025-02-03,401705275,Phoenix Suns,Portland Trail Blazers,0,4.5,229.5,119,121,31,24,25,27,31,18,37,21,1,ESPN BET
nba,2025,2,2025-02-04,401705278,Dallas Mavericks,Philadelphia 76ers,0,-3.5,227.5,116,118,31,34,22,29,36,22,36,24,0,ESPN BET
nba,2025,2,2025-02-04,401705276,Boston Celtics,Cleveland Cavaliers,0,-1.5,236.5,112,105,28,26,33,25,15,29,31,30,0,ESPN BET
nba,2025,2,2025-02-04,401705277,Houston Rockets,Brooklyn Nets,0,8.5,213.5,97,99,23,23,21,30,22,22,27,28,0,ESPN BET
nba,2025,2,2025-02-04,401705281,Los Angeles Lakers,LA Clippers,0,-8.5,222.5,122,97,45,28,25,24,29,21,25,22,0,ESPN BET
nba,2025,2,2025-02-05,401705283,Milwaukee Bucks,Charlotte Hornets,0,8.5,222.5,112,102,38,28,20,26,26,30,21,25,0,ESPN BET
nba,2025,2,2025-02-04,401705282,Indiana Pacers,Portland Trail Blazers,0,5.5,232.5,89,112,18,20,28,23,27,18,33,34,0,ESPN BET
nba,2025,2,2025-02-05,401705284,Cleveland Cavaliers,Detroit Pistons,0,3.5,234.5,118,115,34,31,21,32,26,30,27,32,0,ESPN BET
nba,2025,2,2025-02-04,401705279,New York Knicks,Toronto Raptors,0,5.5,227.5,121,115,30,38,30,23,34,17,35,29,0,ESPN BET
nba,2025,2,2025-02-04,401705280,Miami Heat,Chicago Bulls,0,3.5,228.5,124,133,37,33,33,21,32,28,34,39,0,ESPN BET
nba,2025,2,2025-02-05,401705285,San Antonio Spurs,Atlanta Hawks,0,4.5,243.5,126,125,35,37,31,23,25,29,43,28,0,ESPN BET
nba,2025,2,2025-02-05,401705288,Memphis Grizzlies,Toronto Raptors,0,9.5,235.5,138,107,22,31,43,42,29,30,25,23,0,ESPN BET
nba,2025,2,2025-02-05,401705287,Miami Heat,Philadelphia 76ers,0,-1.5,220.5,108,101,29,33,24,22,25,32,22,22,0,ESPN BET
nba,2025,2,2025-02-05,401705286,Washington Wizards,Brooklyn Nets,0,-5.5,216.5,119,102,33,32,23,31,26,35,12,29,0,ESPN BET
nba,2025,2,2025-02-05,401705291,Golden State Warriors,Utah Jazz,0,6.5,222.5,128,131,25,33,29,41,28,28,31,44,0,ESPN BET
nba,2025,2,2025-02-05,401705289,Chicago Bulls,Minnesota Timberwolves,0,-10.5,226.5,108,127,30,30,30,18,39,23,32,33,0,ESPN BET
nba,2025,2,2025-02-05,401705292,New Orleans Pelicans,Denver Nuggets,0,-11.5,239.5,119,144,36,32,27,24,36,32,45,31,0,ESPN BET
nba,2025,2,2025-02-05,401705290,Phoenix Suns,Oklahoma City Thunder,0,-12.5,229.5,109,140,33,30,16,30,37,24,43,36,0,ESPN BET
nba,2025,2,2025-02-05,401705293,Orlando Magic,Sacramento Kings,0,-3.5,218.5,130,111,37,25,42,26,31,29,23,28,0,ESPN BET
nba,2025,2,2025-02-06,401705295,Houston Rockets,Minnesota Timberwolves,0,-0.5,214.5,114,127,33,38,27,16,32,34,26,35,0,ESPN BET
nba,2025,2,2025-02-06,401705294,Dallas Mavericks,Boston Celtics,0,-12.5,233.5,127,120,32,35,37,23,23,33,27,37,0,ESPN BET
nba,2025,2,2025-02-06,401705296,Orlando Magic,Denver Nuggets,0,-6.5,216.5,90,112,26,24,17,23,25,34,33,20,0,ESPN BET
nba,2025,2,2025-02-06,401705298,Sacramento Kings,Portland Trail Blazers,0,1.5,230.5,102,108,27,23,27,25,27,27,25,29,0,ESPN BET
nba,2025,2,2025-02-06,401705297,Golden State Warriors,Los Angeles Lakers,0,-4.5,225.5,112,120,21,28,30,33,34,35,21,30,0,ESPN BET
nba,2025,2,2025-02-07,401705303,Miami Heat,Brooklyn Nets,0,5.5,209.5,86,102,26,27,24,9,28,25,18,31,0,ESPN BET
nba,2025,2,2025-02-07,401705302,Milwaukee Bucks,Atlanta Hawks,0,2.5,238.5,110,115,26,47,17,20,36,19,37,23,0,ESPN BET
nba,2025,2,2025-02-07,401705304,Philadelphia 76ers,Detroit Pistons,0,6.5,222.5,112,125,27,22,39,24,42,36,29,18,0,ESPN BET
nba,2025,2,2025-02-07,401705300,San Antonio Spurs,Charlotte Hornets,0,9.5,230.5,116,117,22,28,31,35,34,28,30,25,0,ESPN BET
nba,2025,2,2025-02-06,401705299,Indiana Pacers,LA Clippers,0,-5.5,230.5,119,112,22,42,20,35,42,19,27,24,0,ESPN BET
nba,2025,2,2025-02-07,401705301,Cleveland Cavaliers,Washington Wizards,0,17.5,237.5,134,124,35,29,30,40,33,34,26,31,0,ESPN BET
nba,2025,2,2025-02-08,401705307,Houston Rockets,Dallas Mavericks,0,-3.5,227.5,105,116,20,28,33,24,33,32,24,27,0,ESPN BET
nba,2025,2,2025-02-07,401705305,Toronto Raptors,Oklahoma City Thunder,0,-18.5,229.5,109,121,25,22,29,33,35,23,32,31,0,ESPN BET
nba,2025,2,2025-02-07,401705306,Utah Jazz,Phoenix Suns,0,-7.5,231.5,127,135,30,25,35,32,20,35,40,27,1,ESPN BET
nba,2025,2,2025-02-08,401705310,Atlanta Hawks,Washington Wizards,0,6.5,238.5,125,111,26,37,41,21,30,28,25,28,0,ESPN BET
nba,2025,2,2025-02-08,401705311,Golden State Warriors,Chicago Bulls,0,6.5,239.5,132,111,34,21,42,35,31,38,25,17,0,ESPN BET
nba,2025,2,2025-02-08,401705309,San Antonio Spurs,Orlando Magic,0,-2.5,217.5,111,112,30,30,28,23,32,25,24,31,0,ESPN BET
nba,2025,2,2025-02-08,401705313,Portland Trail Blazers,Minnesota Timberwolves,0,-3.5,212.5,98,114,22,38,24,14,24,23,29,38,0,ESPN BET
nba,2025,2,2025-02-08,401705312,Oklahoma City Thunder,Memphis Grizzlies,0,1.5,244.5,125,112,34,35,35,21,26,26,31,29,0,ESPN BET
nba,2025,2,2025-02-08,401705314,Boston Celtics,New York Knicks,0,2.5,230.5,131,104,30,31,35,35,19,29,28,28,0,ESPN BET
nba,2025,2,2025-02-08,401705308,Indiana Pacers,Los Angeles Lakers,0,4.5,230.5,117,124,22,28,34,33,44,22,28,30,0,ESPN BET
nba,2025,2,2025-02-08,401705315,Denver Nuggets,Phoenix Suns,0,6.5,233.5,122,105,37,26,35,24,32,23,26,24,0,ESPN BET
nba,2025,2,2025-02-08,401705317,Utah Jazz,LA Clippers,0,-17.5,225.5,110,130,30,26,30,24,29,29,36,36,0,ESPN BET
nba,2025,2,2025-02-09,401705318,Charlotte Hornets,Detroit Pistons,0,-11.5,219.5,102,112,15,31,27,29,39,27,24,22,0,ESPN BET
nba,2025,2,2025-02-10,401705321,Minnesota Timberwolves,Cleveland Cavaliers,0,-7.5,229.5,107,128,12,32,34,29,30,36,38,24,0,ESPN BET
nba,2025,2,2025-02-09,401705320,Philadelphia 76ers,Milwaukee Bucks,0,3.5,228.5,127,135,39,24,28,36,40,25,38,32,0,ESPN BET
nba,2025,2,2025-02-08,401705316,New Orleans Pelicans,Sacramento Kings,0,-8.5,239.5,118,123,31,34,22,31,24,30,45,24,0,ESPN BET
nba,2025,2,2025-02-10,401705323,San Antonio Spurs,Washington Wizards,0,10.5,237.5,131,121,40,26,34,31,30,33,33,25,0,ESPN BET
nba,2025,2,2025-02-10,401705322,Atlanta Hawks,Orlando Magic,0,-6.5,220.5,112,106,25,25,33,29,22,35,25,24,0,ESPN BET
nba,2025,2,2025-02-09,401705319,Toronto Raptors,Houston Rockets,0,-8.5,222.5,87,94,22,20,21,24,18,19,21,36,0,ESPN BET
nba,2025,2,2025-02-10,401705328,Sacramento Kings,Dallas Mavericks,0,1.5,238.5,129,128,27,34,26,29,35,26,32,23,1,ESPN BET
nba,2025,2,2025-02-10,401705326,Golden State Warriors,Milwaukee Bucks,0,7.5,230.5,125,111,29,29,31,36,27,24,32,28,0,ESPN BET
nba,2025,2,2025-02-10,401705324,Charlotte Hornets,Brooklyn Nets,0,-4.5,211.5,89,97,30,19,16,24,34,27,24,12,0,ESPN BET
nba,2025,2,2025-02-10,401705334,Utah Jazz,Los Angeles Lakers,0,-12.5,235.5,113,132,25,22,28,38,37,35,28,32,0,ESPN BET
nba,2025,2,2025-02-10,401705325,Boston Celtics,Miami Heat,0,8.5,210.5,103,85,18,34,36,15,24,19,22,20,0,ESPN BET
nba,2025,2,2025-02-10,401705327,New Orleans Pelicans,Oklahoma City Thunder,0,-17.5,231.5,101,137,20,30,28,23,33,39,30,35,0,ESPN BET
nba,2025,2,2025-02-10,401705329,Portland Trail Blazers,Denver Nuggets,0,-9.5,230.5,117,146,27,28,37,25,38,32,42,34,0,ESPN BET
nba,2025,2,2025-02-12,401705335,San Antonio Spurs,Boston Celtics,0,-7.5,229.5,103,116,19,28,34,22,37,29,27,23,0,ESPN BET
nba,2025,2,2025-02-11,401705330,Toronto Raptors,Philadelphia 76ers,0,-10.5,225.5,106,103,26,24,34,22,18,34,29,22,0,ESPN BET
nba,2025,2,2025-02-12,401705336,Charlotte Hornets,Orlando Magic,0,-12.5,203.5,86,102,20,26,19,21,28,16,33,25,0,ESPN BET
nba,2025,2,2025-02-11,401705333,Memphis Grizzlies,Phoenix Suns,0,3.5,246.5,119,112,36,32,27,24,26,30,31,25,0,ESPN BET
nba,2025,2,2025-02-12,401705338,Philadelphia 76ers,Brooklyn Nets,0,-1.5,209.5,96,100,27,22,17,30,29,24,23,24,0,ESPN BET
nba,2025,2,2025-02-11,401705332,Detroit Pistons,Chicago Bulls,0,5.5,237.5,132,92,34,37,34,27,18,11,30,33,0,ESPN BET
nba,2025,2,2025-02-12,401705337,Indiana Pacers,Washington Wizards,0,9.5,242.5,134,130,25,22,37,36,27,33,37,23,1,ESPN BET
nba,2025,2,2025-02-11,401705331,New York Knicks,Indiana Pacers,0,2.5,241.5,128,115,27,41,30,30,26,34,28,27,0,ESPN BET
nba,2025,2,2025-02-12,401705339,Atlanta Hawks,New York Knicks,0,-8.5,242.5,148,149,29,31,41,36,38,30,36,33,1,ESPN BET
nba,2025,2,2025-02-12,401705340,Cleveland Cavaliers,Toronto Raptors,0,12.5,236.5,131,108,41,27,32,31,17,26,35,30,0,ESPN BET
nba,2025,2,2025-02-12,401705344,Miami Heat,Oklahoma City Thunder,0,-13.5,221.5,101,115,35,28,30,8,23,29,31,32,0,ESPN BET
nba,2025,2,2025-02-12,401705342,Milwaukee Bucks,Minnesota Timberwolves,0,-9.5,218.5,103,101,36,15,19,33,24,26,19,32,0,ESPN BET
nba,2025,2,2025-02-12,401705343,Sacramento Kings,New Orleans Pelicans,0,5.5,238.5,119,111,34,31,27,27,26,37,23,25,0,ESPN BET
nba,2025,2,2025-02-12,401705341,Detroit Pistons,Chicago Bulls,0,6.5,237.5,128,110,32,34,30,32,32,27,23,28,0,ESPN BET
nba,2025,2,2025-02-12,401705345,Phoenix Suns,Houston Rockets,0,-9.5,219.5,111,119,34,23,35,19,32,19,33,35,0,ESPN BET
nba,2025,2,2025-02-12,401705346,Portland Trail Blazers,Denver Nuggets,0,-8.5,231.5,121,132,27,29,35,30,40,35,32,25,0,ESPN BET
nba,2025,2,2025-02-12,401705347,Los Angeles Lakers,Utah Jazz,0,9.5,236.5,119,131,30,26,30,33,33,31,40,27,0,ESPN BET
nba,2025,2,2025-02-12,401705348,Golden State Warriors,Dallas Mavericks,0,7.5,235.5,107,111,31,25,22,29,32,25,26,28,0,ESPN BET
nba,2025,2,2025-02-13,401705350,Golden State Warriors,Houston Rockets,0,1.5,226.5,105,98,28,34,20,23,19,29,22,28,0,ESPN BET
nba,2025,2,2025-02-13,401705352,Miami Heat,Dallas Mavericks,0,2.5,218.5,113,118,22,34,27,30,21,34,29,34,0,ESPN BET
nba,2025,2,2025-02-13,401705353,Oklahoma City Thunder,Minnesota Timberwolves,0,9.5,228.5,101,116,24,32,31,14,37,27,33,19,0,ESPN BET
nba,2025,2,2025-02-13,401705570,LA Clippers,Utah Jazz,0,9.5,230.5,120,116,26,28,32,22,33,27,35,13,1,ESPN BET
nba,2025,2,2025-02-12,401705349,Memphis Grizzlies,LA Clippers,0,-6.5,235.5,114,128,39,24,21,30,28,38,36,26,0,ESPN BET
nba,2025,2,2025-02-13,401705351,Sacramento Kings,New Orleans Pelicans,0,7.5,235.5,133,140,29,36,30,32,28,32,38,29,1,ESPN BET
nba,2025,2,2025-02-19,401748704,Charlotte Hornets,Los Angeles Lakers,0,-13.5,230.5,100,97,21,16,32,31,28,20,18,31,0,ESPN BET
nba,2025,2,2025-02-20,401705354,Memphis Grizzlies,Indiana Pacers,0,-0.5,250.5,113,127,33,26,32,22,28,50,24,25,0,ESPN BET
nba,2025,2,2025-02-20,401705355,Boston Celtics,Philadelphia 76ers,0,6.5,225.5,124,104,36,36,28,24,28,28,18,30,0,ESPN BET
nba,2025,2,2025-02-20,401705356,Orlando Magic,Atlanta Hawks,0,1.5,222.5,114,108,21,38,31,24,33,25,23,27,0,ESPN BET
nba,2025,2,2025-02-20,401705358,Chicago Bulls,New York Knicks,0,-10.5,244.5,111,113,21,22,38,23,19,31,33,21,1,ESPN BET
nba,2025,2,2025-02-20,401705357,Cleveland Cavaliers,Brooklyn Nets,0,12.5,225.5,110,97,24,24,35,27,19,31,27,20,0,ESPN BET
nba,2025,2,2025-02-20,401705360,Charlotte Hornets,Denver Nuggets,0,-18.5,227.5,115,129,30,28,38,19,38,28,33,30,0,ESPN BET
nba,2025,2,2025-02-21,401705365,Milwaukee Bucks,Washington Wizards,0,5.5,230.5,104,101,19,31,34,20,32,24,19,26,0,ESPN BET
nba,2025,2,2025-02-20,401705359,LA Clippers,Milwaukee Bucks,0,1.5,227.5,110,116,29,21,39,21,28,29,23,36,0,ESPN BET
nba,2025,2,2025-02-20,401705361,Phoenix Suns,San Antonio Spurs,0,2.5,238.5,109,120,21,33,25,30,31,29,34,26,0,ESPN BET
nba,2025,2,2025-02-21,401705364,Memphis Grizzlies,Orlando Magic,0,1.5,225.5,105,104,29,24,27,25,22,31,30,21,0,ESPN BET
nba,2025,2,2025-02-21,401705363,New York Knicks,Cleveland Cavaliers,0,-7.5,241.5,105,142,29,21,29,26,41,36,33,32,0,ESPN BET
nba,2025,2,2025-02-20,401705362,Los Angeles Lakers,Portland Trail Blazers,0,1.5,225.5,110,102,28,27,23,32,15,32,30,25,0,ESPN BET
nba,2025,2,2025-02-21,401705366,Miami Heat,Toronto Raptors,0,3.5,218.5,120,111,30,27,27,23,19,29,32,27,1,ESPN BET
nba,2025,2,2025-02-21,401705368,Detroit Pistons,San Antonio Spurs,0,4.5,234.5,125,110,36,27,38,24,27,35,18,30,0,ESPN BET
nba,2025,2,2025-02-21,401705367,Minnesota Timberwolves,Houston Rockets,0,-4.5,222.5,115,121,38,29,26,22,48,20,30,23,0,ESPN BET
nba,2025,2,2025-02-21,401705369,New Orleans Pelicans,Dallas Mavericks,0,-5.5,235.5,103,111,22,31,29,21,32,24,30,25,0,ESPN BET
nba,2025,2,2025-02-21,401705370,Oklahoma City Thunder,Utah Jazz,0,15.5,233.5,130,107,29,39,31,31,22,25,37,23,0,ESPN BET
nba,2025,2,2025-02-22,401705373,Brooklyn Nets,Philadelphia 76ers,0,-11.5,212.5,105,103,40,23,20,22,30,22,24,27,0,ESPN BET
nba,2025,2,2025-02-21,401705371,Golden State Warriors,Sacramento Kings,0,2.5,236.5,132,108,31,37,32,32,28,25,30,25,0,ESPN BET
nba,2025,2,2025-02-22,401705374,Los Angeles Lakers,Denver Nuggets,0,-6.5,243.5,123,100,38,25,33,27,31,23,33,13,0,ESPN BET
nba,2025,2,2025-02-22,401705372,Phoenix Suns,Chicago Bulls,0,5.5,240.5,121,117,20,40,33,28,30,28,32,27,0,ESPN BET
nba,2025,2,2025-02-22,401705376,Charlotte Hornets,Portland Trail Blazers,0,-6.5,227.5,88,141,21,19,26,22,38,35,36,32,0,ESPN BET
nba,2025,2,2025-02-22,401705375,Houston Rockets,Utah Jazz,0,8.5,228.5,115,124,28,34,28,25,29,27,31,37,0,ESPN BET
nba,2025,2,2025-02-23,401705379,LA Clippers,Indiana Pacers,0,-3.5,226.5,111,129,24,31,28,28,31,35,35,28,0,ESPN BET
nba,2025,2,2025-02-23,401705377,New York Knicks,Boston Celtics,0,-7.5,231.5,105,118,19,24,39,23,38,26,25,29,0,ESPN BET
nba,2025,2,2025-02-23,401705378,Dallas Mavericks,Golden State Warriors,0,-9.5,228.5,102,126,18,26,31,27,33,28,39,26,0,ESPN BET
nba,2025,2,2025-02-23,401705380,Detroit Pistons,Atlanta Hawks,0,1.5,238.5,148,143,33,43,36,36,30,38,35,40,0,ESPN BET
nba,2025,2,2025-02-23,401705382,Phoenix Suns,Toronto Raptors,0,2.5,229.5,109,127,25,27,30,27,29,38,21,39,0,ESPN BET
nba,2025,2,2025-02-23,401705381,Washington Wizards,Orlando Magic,0,-13.5,215.5,90,110,29,18,17,26,27,22,32,29,0,ESPN BET
nba,2025,2,2025-02-23,401705384,San Antonio Spurs,New Orleans Pelicans,0,-2.5,242.5,96,114,30,23,26,17,26,14,35,39,0,ESPN BET
nba,2025,2,2025-02-23,401705383,Miami Heat,Milwaukee Bucks,0,-3.5,220.5,113,120,37,28,28,20,23,32,30,35,0,ESPN BET
nba,2025,2,2025-02-23,401705386,Oklahoma City Thunder,Minnesota Timberwolves,0,8.5,227.5,130,123,35,26,42,27,23,40,33,27,0,ESPN BET
nba,2025,2,2025-02-23,401705385,Memphis Grizzlies,Cleveland Cavaliers,0,-5.5,247.5,123,129,29,27,32,35,33,29,31,36,0,ESPN BET
nba,2025,2,2025-02-24,401705387,LA Clippers,Detroit Pistons,0,-2.5,220.5,97,106,17,32,26,22,23,28,34,21,0,ESPN BET
nba,2025,2,2025-02-24,401705388,Denver Nuggets,Indiana Pacers,0,3.5,245.5,125,116,36,28,36,25,28,30,25,33,0,ESPN BET
nba,2025,2,2025-02-24,401705390,Brooklyn Nets,Washington Wizards,0,1.5,218.5,99,107,20,39,28,12,30,37,18,22,0,ESPN BET
nba,2025,2,2025-02-24,401705389,Chicago Bulls,Philadelphia 76ers,0,-5.5,233.5,142,110,39,36,40,27,30,28,18,34,0,ESPN BET
nba,2025,2,2025-02-24,401705393,Portland Trail Blazers,Utah Jazz,0,7.5,232.5,114,112,32,29,25,28,33,18,31,30,0,ESPN BET
nba,2025,2,2025-02-25,401705395,Boston Celtics,Toronto Raptors,0,10.5,226.5,111,101,35,31,23,22,24,30,22,25,0,ESPN BET
nba,2025,2,2025-02-24,401705392,Minnesota Timberwolves,Oklahoma City Thunder,0,-12.5,227.5,131,128,28,17,35,41,32,32,38,19,1,ESPN BET
nba,2025,2,2025-02-24,401705391,Miami Heat,Atlanta Hawks,0,-2.5,232.5,86,98,22,20,23,21,23,27,23,25,0,ESPN BET
nba,2025,2,2025-02-25,401705396,Cleveland Cavaliers,Orlando Magic,0,6.5,217.5,122,82,34,23,35,30,16,27,23,16,0,ESPN BET
nba,2025,2,2025-02-24,401705394,Charlotte Hornets,Sacramento Kings,0,-10.5,232.5,88,130,23,22,27,16,34,31,23,42,0,ESPN BET
nba,2025,2,2025-02-25,401705398,Phoenix Suns,Memphis Grizzlies,0,-6.5,245.5,148,151,34,28,41,34,31,27,43,36,1,ESPN BET
nba,2025,2,2025-02-25,401705397,Milwaukee Bucks,Houston Rockets,0,-2.5,228.5,97,100,25,34,26,12,30,27,28,15,0,ESPN BET
nba,2025,2,2025-02-25,401705399,San Antonio Spurs,New Orleans Pelicans,0,-2.5,239.5,103,109,30,21,32,20,16,33,30,30,0,ESPN BET
nba,2025,2,2025-02-25,401705400,Charlotte Hornets,Golden State Warriors,0,-17.5,217.5,92,128,18,23,24,27,28,28,41,31,0,ESPN BET
nba,2025,2,2025-02-26,401705402,Boston Celtics,Detroit Pistons,0,4.5,224.5,97,117,20,35,24,18,29,26,35,27,0,ESPN BET
nba,2025,2,2025-02-26,401705403,Toronto Raptors,Indiana Pacers,0,-11.5,233.5,91,111,24,17,23,27,26,25,30,30,0,ESPN BET
nba,2025,2,2025-02-25,401705401,Dallas Mavericks,Los Angeles Lakers,0,-8.5,231.5,99,107,20,31,26,22,28,31,19,29,0,ESPN BET
nba,2025,2,2025-02-26,401705404,Philadelphia 76ers,New York Knicks,0,-8.5,227.5,105,110,21,24,29,31,33,28,22,27,0,ESPN BET
nba,2025,2,2025-02-26,401705405,Portland Trail Blazers,Washington Wizards,0,6.5,232.5,129,121,34,21,39,35,27,27,34,33,0,ESPN BET
nba,2025,2,2025-02-26,401705406,Oklahoma City Thunder,Brooklyn Nets,0,16.5,217.5,129,121,29,32,29,39,40,36,20,25,0,ESPN BET
nba,2025,2,2025-02-26,401705407,Atlanta Hawks,Miami Heat,0,-3.5,228.5,109,131,28,37,28,16,29,36,42,24,0,ESPN BET
nba,2025,2,2025-02-26,401705408,LA Clippers,Chicago Bulls,0,9.5,229.5,122,117,31,28,39,24,26,34,33,24,0,ESPN BET
nba,2025,2,2025-02-27,401705413,Charlotte Hornets,Dallas Mavericks,0,-10.5,219.5,96,103,24,25,18,29,25,25,23,30,0,ESPN BET
nba,2025,2,2025-02-26,401705410,San Antonio Spurs,Houston Rockets,0,-7.5,227.5,106,118,20,26,29,31,34,30,37,17,0,ESPN BET
nba,2025,2,2025-02-26,401705409,Sacramento Kings,Utah Jazz,0,9.5,236.5,118,101,22,33,28,35,22,24,23,32,0,ESPN BET
nba,2025,2,2025-02-27,401705411,Golden State Warriors,Orlando Magic,0,4.5,212.5,121,115,23,29,40,29,34,32,21,28,0,ESPN BET
nba,2025,2,2025-02-27,401705412,Denver Nuggets,Milwaukee Bucks,0,3.5,241.5,112,121,30,27,24,31,30,24,30,37,0,ESPN BET
nba,2025,2,2025-02-27,401705414,New Orleans Pelicans,Phoenix Suns,0,-6.5,236.5,124,116,35,26,27,36,30,32,29,25,0,ESPN BET
nba,2025,2,2025-02-27,401705415,Minnesota Timberwolves,Los Angeles Lakers,0,-5.5,228.5,102,111,17,30,26,29,33,25,26,27,0,ESPN BET
nba,2025,2,2025-02-28,401705416,Denver Nuggets,Detroit Pistons,0,-2.5,240.5,134,119,39,29,39,27,31,32,24,32,0,ESPN BET
nba,2025,2,2025-02-28,401705417,Oklahoma City Thunder,Atlanta Hawks,0,10.5,246.5,135,119,40,31,37,27,23,41,20,35,0,ESPN BET
nba,2025,2,2025-02-28,401705418,Cleveland Cavaliers,Boston Celtics,0,-0.5,232.5,123,116,26,38,31,28,38,36,24,18,0,ESPN BET
nba,2025,2,2025-02-28,401705420,Indiana Pacers,Miami Heat,0,2.5,223.5,120,125,35,34,23,28,29,39,29,28,0,ESPN BET
nba,2025,2,2025-02-28,401705421,Toronto Raptors,Chicago Bulls,0,-1.5,233.5,115,125,30,33,27,20,27,27,27,29,1,ESPN BET
nba,2025,2,2025-02-28,401705422,New York Knicks,Memphis Grizzlies,0,-2.5,244.5,114,113,25,31,26,32,32,27,29,25,0,ESPN BET
nba,2025,2,2025-02-28,401705419,Portland Trail Blazers,Brooklyn Nets,0,1.5,220.5,121,102,33,31,27,30,25,22,35,20,0,ESPN BET
nba,2025,2,2025-02-28,401705424,Minnesota Timberwolves,Utah Jazz,0,3.5,227.5,116,117,40,27,25,24,38,18,38,23,0,ESPN BET
nba,2025,2,2025-02-28,401705425,LA Clippers,Los Angeles Lakers,0,-0.5,220.5,102,106,25,29,23,25,24,35,24,23,0,ESPN BET
nba,2025,2,2025-03-01,401705427,Brooklyn Nets,Detroit Pistons,0,-12.5,214.5,94,115,22,23,30,19,39,29,13,34,0,ESPN BET
nba,2025,2,2025-03-01,401705426,Washington Wizards,Charlotte Hornets,0,-3.5,226.5,113,100,24,30,30,29,25,34,16,25,0,ESPN BET
nba,2025,2,2025-02-28,401705423,New Orleans Pelicans,Phoenix Suns,0,-9.5,227.5,108,125,18,24,28,38,40,23,29,33,0,ESPN BET
nba,2025,2,2025-03-01,401705428,Sacramento Kings,Houston Rockets,0,-3.5,229.5,113,103,25,38,26,24,21,38,23,21,0,ESPN BET
nba,2025,2,2025-03-01,401705429,San Antonio Spurs,Memphis Grizzlies,0,-5.5,242.5,130,128,31,46,22,31,30,28,38,32,0,ESPN BET
nba,2025,2,2025-03-01,401705430,Golden State Warriors,Philadelphia 76ers,0,6.5,228.5,119,126,30,25,35,29,30,37,29,30,0,ESPN BET
nba,2025,2,2025-03-02,401705432,Denver Nuggets,Boston Celtics,0,-5.5,237.5,103,110,20,28,29,26,32,29,22,27,0,ESPN BET
nba,2025,2,2025-03-01,401705431,Milwaukee Bucks,Dallas Mavericks,0,2.5,229.5,132,117,31,40,30,31,36,27,16,38,0,ESPN BET
nba,2025,2,2025-03-02,401705433,Portland Trail Blazers,Cleveland Cavaliers,0,-10.5,237.5,129,133,27,27,35,30,24,18,37,40,1,ESPN BET
nba,2025,2,2025-03-02,401705435,New York Knicks,Miami Heat,0,6.5,219.5,116,112,22,23,36,24,27,35,25,18,1,ESPN BET
nba,2025,2,2025-03-02,401705434,Chicago Bulls,Indiana Pacers,0,-11.5,239.5,112,127,31,36,25,20,32,34,29,32,0,ESPN BET
nba,2025,2,2025-03-02,401705437,Oklahoma City Thunder,San Antonio Spurs,0,13.5,239.5,146,132,41,31,36,38,38,39,23,32,0,ESPN BET
nba,2025,2,2025-03-02,401705436,Toronto Raptors,Orlando Magic,0,-6.5,209.5,104,102,27,21,33,23,19,28,25,30,0,ESPN BET
nba,2025,2,2025-03-02,401705438,New Orleans Pelicans,Utah Jazz,0,7.5,231.5,128,121,30,36,25,37,26,31,34,30,0,ESPN BET
nba,2025,2,2025-03-03,401705441,Golden State Warriors,Charlotte Hornets,0,12.5,229.5,119,101,28,30,28,33,21,28,28,24,0,ESPN BET
nba,2025,2,2025-03-03,401705443,Washington Wizards,Miami Heat,0,-8.5,218.5,90,106,24,12,32,22,32,23,26,25,0,ESPN BET
nba,2025,2,2025-03-02,401705439,Minnesota Timberwolves,Phoenix Suns,0,2.5,234.5,116,98,28,21,34,33,34,17,21,26,0,ESPN BET
nba,2025,2,2025-03-03,401705442,Portland Trail Blazers,Philadelphia 76ers,0,1.5,230.5,119,102,29,27,35,28,32,29,20,21,0,ESPN BET
nba,2025,2,2025-03-03,401705447,Detroit Pistons,Utah Jazz,0,10.5,231.5,134,106,36,31,31,36,22,25,30,29,0,ESPN BET
nba,2025,2,2025-03-02,401705440,LA Clippers,Los Angeles Lakers,0,2.5,221.5,102,108,28,15,34,25,34,22,33,19,0,ESPN BET
nba,2025,2,2025-03-03,401705444,Atlanta Hawks,Memphis Grizzlies,0,-7.5,251.5,132,130,28,42,31,31,34,31,42,23,0,ESPN BET
nba,2025,2,2025-03-03,401705446,Sacramento Kings,Dallas Mavericks,0,1.5,231.5,122,98,27,33,34,28,24,26,16,32,0,ESPN BET
nba,2025,2,2025-03-04,401705448,Houston Rockets,Indiana Pacers,0,-4.5,230.5,102,115,30,27,26,19,30,37,23,25,0,ESPN BET
nba,2025,2,2025-03-04,401705449,Toronto Raptors,Orlando Magic,0,-6.5,204.5,114,113,22,27,31,34,22,32,19,40,0,ESPN BET
nba,2025,2,2025-03-03,401705445,Houston Rockets,Oklahoma City Thunder,0,-15.5,232.5,128,137,31,31,27,39,30,33,39,35,0,ESPN BET
nba,2025,2,2025-03-04,401705451,Golden State Warriors,New York Knicks,0,-1.5,226.5,114,102,25,22,35,32,26,29,26,21,0,ESPN BET
nba,2025,2,2025-03-04,401705450,Milwaukee Bucks,Atlanta Hawks,0,5.5,244.5,127,121,37,29,26,35,33,33,29,26,0,ESPN BET
nba,2025,2,2025-03-04,401705452,Cleveland Cavaliers,Chicago Bulls,0,13.5,242.5,139,117,24,33,39,43,29,29,36,23,0,ESPN BET
nba,2025,2,2025-03-04,401705454,Brooklyn Nets,San Antonio Spurs,0,-3.5,229.5,113,127,25,32,23,33,31,31,37,28,0,ESPN BET
nba,2025,2,2025-03-04,401705453,Philadelphia 76ers,Minnesota Timberwolves,0,-13.5,220.5,112,126,22,31,27,32,24,33,26,43,0,ESPN BET
nba,2025,2,2025-03-05,401705457,Portland Trail Blazers,Boston Celtics,0,-8.5,224.5,118,128,26,29,27,36,31,35,36,26,0,ESPN BET
nba,2025,2,2025-03-04,401705455,LA Clippers,Phoenix Suns,0,2.5,223.5,117,119,24,41,30,22,30,19,27,43,0,ESPN BET
nba,2025,2,2025-03-04,401705456,New Orleans Pelicans,Los Angeles Lakers,0,-7.5,228.5,115,136,23,36,25,31,36,33,33,34,0,ESPN BET
nba,2025,2,2025-03-05,401705458,Minnesota Timberwolves,Charlotte Hornets,0,9.5,226.5,125,110,39,26,32,28,28,30,25,27,0,ESPN BET
nba,2025,2,2025-03-05,401705459,Miami Heat,Cleveland Cavaliers,0,-13.5,220.5,107,112,32,27,23,25,36,27,23,26,0,ESPN BET
nba,2025,2,2025-03-05,401705460,Utah Jazz,Washington Wizards,0,-5.5,231.5,122,125,32,23,36,31,32,30,34,29,0,ESPN BET
nba,2025,2,2025-03-05,401705462,Sacramento Kings,Denver Nuggets,0,-8.5,234.5,110,116,42,23,28,17,29,26,29,32,0,ESPN BET
nba,2025,2,2025-03-05,401705463,Dallas Mavericks,Milwaukee Bucks,0,-12.5,225.5,107,137,30,23,26,28,43,29,34,31,0,ESPN BET
nba,2025,2,2025-03-05,401705464,Detroit Pistons,LA Clippers,0,3.5,220.5,115,123,26,31,32,26,32,25,34,32,0,ESPN BET
nba,2025,2,2025-03-06,401705465,Indiana Pacers,Atlanta Hawks,0,-1.5,241.5,118,124,31,32,31,24,21,35,30,38,0,ESPN BET
nba,2025,2,2025-03-06,401705510,Chicago Bulls,Orlando Magic,0,-8.5,222.5,125,123,33,36,27,29,35,31,35,22,0,ESPN BET
nba,2025,2,2025-03-06,401705467,Golden State Warriors,Brooklyn Nets,0,11.5,225.5,121,119,15,40,31,35,35,25,29,30,0,ESPN BET
nba,2025,2,2025-03-06,401705466,Philadelphia 76ers,Boston Celtics,0,-13.5,217.5,105,123,24,22,33,26,35,29,33,26,0,ESPN BET
nba,2025,2,2025-03-06,401705469,New York Knicks,Los Angeles Lakers,0,-2.5,231.5,109,113,27,33,24,15,31,20,25,23,1,ESPN BET
nba,2025,2,2025-03-05,401705461,Oklahoma City Thunder,Memphis Grizzlies,0,7.5,252.5,120,103,30,31,30,29,28,27,23,25,0,ESPN BET
nba,2025,2,2025-03-07,401705472,Memphis Grizzlies,Dallas Mavericks,0,9.5,238.5,122,111,22,28,39,33,31,22,41,17,0,ESPN BET
nba,2025,2,2025-03-07,401705471,Utah Jazz,Toronto Raptors,0,-5.5,228.5,109,118,27,19,32,31,28,29,35,26,0,ESPN BET
nba,2025,2,2025-03-06,401705468,Houston Rockets,New Orleans Pelicans,0,3.5,231.5,109,97,31,25,33,20,34,25,15,23,0,ESPN BET
nba,2025,2,2025-03-07,401705470,Cleveland Cavaliers,Charlotte Hornets,0,16.5,235.5,118,117,27,36,24,31,27,25,31,34,0,ESPN BET
nba,2025,2,2025-03-07,401705473,Minnesota Timberwolves,Miami Heat,0,3.5,218.5,106,104,33,19,28,26,25,27,28,24,0,ESPN BET
nba,2025,2,2025-03-07,401705474,Portland Trail Blazers,Oklahoma City Thunder,0,-1.5,228.5,89,107,24,21,28,16,29,34,17,27,0,ESPN BET
nba,2025,2,2025-03-07,401705475,Phoenix Suns,Denver Nuggets,0,-8.5,242.5,141,149,28,28,35,34,37,31,34,23,1,ESPN BET
nba,2025,2,2025-03-07,401705476,San Antonio Spurs,Sacramento Kings,0,-6.5,233.5,109,127,26,16,34,33,20,36,39,32,0,ESPN BET
nba,2025,2,2025-03-07,401705477,New York Knicks,LA Clippers,0,-6.5,218.5,95,105,25,29,24,17,31,29,19,26,0,ESPN BET
nba,2025,2,2025-03-08,401705479,New Orleans Pelicans,Houston Rockets,0,-6.5,228.5,117,146,28,30,25,34,39,35,35,37,0,ESPN BET
nba,2025,2,2025-03-08,401705478,Brooklyn Nets,Charlotte Hornets,0,5.5,212.5,102,105,28,30,24,20,26,17,33,29,0,ESPN BET
nba,2025,2,2025-03-08,401705480,Indiana Pacers,Atlanta Hawks,0,1.5,241.5,118,120,19,33,36,30,39,30,26,25,0,ESPN BET
nba,2025,2,2025-03-08,401705483,Orlando Magic,Milwaukee Bucks,0,-6.5,216.5,111,109,34,26,30,21,20,27,29,33,0,ESPN BET
nba,2025,2,2025-03-08,401705484,Los Angeles Lakers,Boston Celtics,0,-6.5,225.5,101,111,33,21,13,34,33,25,29,24,0,ESPN BET
nba,2025,2,2025-03-08,401705481,Washington Wizards,Toronto Raptors,0,-4.5,227.5,118,117,33,36,26,23,39,26,24,28,0,ESPN BET
nba,2025,2,2025-03-08,401705482,Chicago Bulls,Miami Heat,0,-5.5,225.5,114,109,24,24,30,36,36,19,34,20,0,ESPN BET
nba,2025,2,2025-03-08,401705485,Detroit Pistons,Golden State Warriors,0,-5.5,236.5,110,115,20,34,33,23,22,29,33,31,0,ESPN BET
nba,2025,2,2025-03-09,401705486,Denver Nuggets,Oklahoma City Thunder,0,-7.5,242.5,103,127,29,31,23,20,28,33,25,41,0,ESPN BET
nba,2025,2,2025-03-09,401705487,Phoenix Suns,Dallas Mavericks,0,6.5,229.5,125,116,32,28,37,28,24,30,32,30,0,ESPN BET
nba,2025,2,2025-03-09,401705489,Memphis Grizzlies,New Orleans Pelicans,0,9.5,239.5,107,104,26,31,32,18,27,37,15,25,0,ESPN BET
nba,2025,2,2025-03-09,401705492,Detroit Pistons,Portland Trail Blazers,0,3.5,231.5,119,112,31,33,33,22,28,30,28,26,0,ESPN BET
nba,2025,2,2025-03-09,401705490,Utah Jazz,Philadelphia 76ers,0,-6.5,231.5,122,126,32,26,25,39,27,38,36,25,0,ESPN BET
nba,2025,2,2025-03-09,401705491,San Antonio Spurs,Minnesota Timberwolves,0,-10.5,231.5,124,141,29,31,34,30,37,31,41,32,0,ESPN BET
nba,2025,2,2025-03-10,401705496,Los Angeles Lakers,Brooklyn Nets,0,5.5,217.5,108,111,28,19,32,29,16,32,33,30,0,ESPN BET
nba,2025,2,2025-03-09,401705488,Cleveland Cavaliers,Milwaukee Bucks,0,7.5,241.5,112,100,34,28,22,28,32,20,25,23,0,ESPN BET
nba,2025,2,2025-03-10,401705494,Philadelphia 76ers,Atlanta Hawks,0,-9.5,229.5,123,132,31,26,23,43,33,33,31,35,0,ESPN BET
nba,2025,2,2025-03-09,401705493,Sacramento Kings,LA Clippers,0,-5.5,215.5,110,111,23,26,26,22,20,31,21,25,1,ESPN BET
nba,2025,2,2025-03-10,401705495,Utah Jazz,Boston Celtics,0,-15.5,230.5,108,114,24,23,22,39,25,28,37,24,0,ESPN BET
nba,2025,2,2025-03-10,401705497,Charlotte Hornets,Miami Heat,0,-9.5,216.5,105,102,21,31,21,32,34,24,19,25,0,ESPN BET
nba,2025,2,2025-03-10,401705498,Washington Wizards,Toronto Raptors,0,-6.5,232.5,104,119,33,27,19,25,33,26,34,26,0,ESPN BET
nba,2025,2,2025-03-10,401705499,Indiana Pacers,Chicago Bulls,0,3.5,239.5,103,121,27,21,25,30,27,40,27,27,0,ESPN BET
nba,2025,2,2025-03-10,401705500,Orlando Magic,Houston Rockets,0,-3.5,210.5,84,97,19,27,16,22,23,28,24,22,0,ESPN BET
nba,2025,2,2025-03-10,401705502,Denver Nuggets,Oklahoma City Thunder,0,-9.5,240.5,140,127,34,33,34,39,32,41,26,28,0,ESPN BET
nba,2025,2,2025-03-10,401705501,Phoenix Suns,Memphis Grizzlies,0,-2.5,243.5,118,120,34,25,31,28,26,31,38,25,0,ESPN BET
nba,2025,2,2025-03-10,401705503,Dallas Mavericks,San Antonio Spurs,0,-6.5,233.5,133,129,28,32,41,32,34,29,38,28,0,ESPN BET
nba,2025,2,2025-03-10,401705504,Portland Trail Blazers,Golden State Warriors,0,-11.5,237.5,120,130,27,22,43,28,35,33,34,28,0,ESPN BET
nba,2025,2,2025-03-11,401705506,Brooklyn Nets,Cleveland Cavaliers,0,-14.5,223.5,104,109,29,34,23,18,26,24,28,31,0,ESPN BET
nba,2025,2,2025-03-12,401705512,Oklahoma City Thunder,Boston Celtics,0,-2.5,228.5,118,112,33,30,25,30,30,30,28,24,0,ESPN BET
nba,2025,2,2025-03-10,401705505,New York Knicks,Sacramento Kings,0,1.5,223.5,133,104,37,29,37,30,22,29,26,27,0,ESPN BET
nba,2025,2,2025-03-11,401705507,Washington Wizards,Detroit Pistons,0,-14.5,234.5,103,123,21,28,25,29,35,31,27,30,0,ESPN BET
nba,2025,2,2025-03-11,401705509,LA Clippers,New Orleans Pelicans,0,7.5,222.5,120,127,21,30,39,30,28,33,37,29,0,ESPN BET
nba,2025,2,2025-03-12,401705511,Charlotte Hornets,Atlanta Hawks,0,-7.5,241.5,110,123,29,20,29,32,30,22,37,34,0,ESPN BET
nba,2025,2,2025-03-12,401705513,Philadelphia 76ers,Toronto Raptors,0,-2.5,222.5,105,118,23,32,31,19,29,40,20,29,0,ESPN BET
nba,2025,2,2025-03-11,401705508,Milwaukee Bucks,Indiana Pacers,0,-1.5,237.5,114,115,28,27,33,26,32,25,31,27,0,ESPN BET
nba,2025,2,2025-03-12,401705515,Phoenix Suns,Houston Rockets,0,-4.5,227.5,104,111,27,25,27,25,32,25,31,23,0,ESPN BET
nba,2025,2,2025-03-12,401705516,Utah Jazz,Memphis Grizzlies,0,-10.5,247.5,115,122,24,26,36,29,30,34,26,32,0,ESPN BET
nba,2025,2,2025-03-12,401705514,LA Clippers,Miami Heat,0,-1.5,206.5,119,104,30,27,35,27,20,32,32,20,0,ESPN BET
nba,2025,2,2025-03-12,401705517,Dallas Mavericks,San Antonio Spurs,0,-6.5,237.5,116,126,28,34,25,29,20,44,33,29,0,ESPN BET
nba,2025,2,2025-03-13,401705520,Washington Wizards,Detroit Pistons,0,-13.5,234.5,129,125,31,38,27,33,31,31,39,24,0,ESPN BET
nba,2025,2,2025-03-12,401705518,Minnesota Timberwolves,Denver Nuggets,0,-1.5,233.5,115,95,34,23,32,26,26,22,27,20,0,ESPN BET
nba,2025,2,2025-03-12,401705519,New York Knicks,Portland Trail Blazers,0,3.5,228.5,114,113,26,22,29,29,21,25,31,29,1,ESPN BET
nba,2025,2,2025-03-13,401705521,Los Angeles Lakers,Milwaukee Bucks,0,-6.5,226.5,106,126,29,34,19,24,33,38,31,24,0,ESPN BET
nba,2025,2,2025-03-13,401705707,Orlando Magic,New Orleans Pelicans,0,2.5,215.5,113,93,32,36,20,25,23,15,27,28,0,ESPN BET
nba,2025,2,2025-03-14,401705526,LA Clippers,Atlanta Hawks,0,4.5,234.5,121,98,24,29,35,33,26,35,8,29,0,ESPN BET
nba,2025,2,2025-03-13,401705523,Sacramento Kings,Golden State Warriors,0,-7.5,233.5,104,130,18,33,32,21,30,31,35,34,0,ESPN BET
nba,2025,2,2025-03-13,401705522,Brooklyn Nets,Chicago Bulls,0,-1.5,230.5,110,116,30,35,27,18,31,31,20,34,0,ESPN BET
nba,2025,2,2025-03-14,401705528,Cleveland Cavaliers,Memphis Grizzlies,0,1.5,243.5,133,124,36,39,37,21,29,29,34,32,0,ESPN BET
nba,2025,2,2025-03-14,401705527,Dallas Mavericks,Houston Rockets,0,-11.5,219.5,96,133,25,24,21,26,27,35,37,34,0,ESPN BET
nba,2025,2,2025-03-14,401705525,Indiana Pacers,Philadelphia 76ers,0,12.5,233.5,112,100,18,29,31,34,26,25,24,25,0,ESPN BET
nba,2025,2,2025-03-14,401705524,Boston Celtics,Miami Heat,0,8.5,211.5,103,91,30,20,28,25,23,27,27,14,0,ESPN BET
nba,2025,2,2025-03-14,401705529,Orlando Magic,Minnesota Timberwolves,0,-10.5,208.5,111,118,30,28,29,24,33,29,16,40,0,ESPN BET
nba,2025,2,2025-03-14,401705530,Charlotte Hornets,San Antonio Spurs,0,-2.5,232.5,145,134,37,44,40,24,26,29,40,39,0,ESPN BET
nba,2025,2,2025-03-14,401705531,Los Angeles Lakers,Denver Nuggets,0,-15.5,229.5,126,131,40,27,32,27,32,39,31,29,0,ESPN BET
nba,2025,2,2025-03-15,401705535,Oklahoma City Thunder,Detroit Pistons,0,4.5,230.5,113,107,24,31,36,22,23,31,23,30,0,ESPN BET
nba,2025,2,2025-03-15,401705534,Boston Celtics,Brooklyn Nets,0,11.5,218.5,115,113,30,33,23,29,27,24,30,32,0,ESPN BET
nba,2025,2,2025-03-14,401705532,Toronto Raptors,Utah Jazz,0,-1.5,237.5,126,118,33,23,35,35,26,32,30,30,0,ESPN BET
nba,2025,2,2025-03-14,401705533,Sacramento Kings,Phoenix Suns,0,-1.5,231.5,106,122,22,35,25,24,36,26,35,25,0,ESPN BET
nba,2025,2,2025-03-15,401705536,Chicago Bulls,Houston Rockets,0,-8.5,229.5,114,117,29,36,18,31,22,38,25,32,0,ESPN BET
nba,2025,2,2025-03-15,401705537,Miami Heat,Memphis Grizzlies,0,-5.5,224.5,91,125,27,21,19,24,38,25,31,31,0,ESPN BET
nba,2025,2,2025-03-15,401705538,Indiana Pacers,Milwaukee Bucks,0,-3.5,236.5,119,126,30,30,22,37,38,27,35,26,0,ESPN BET
nba,2025,2,2025-03-16,401705542,Philadelphia 76ers,Dallas Mavericks,0,-6.5,224.5,130,125,36,28,34,32,32,36,18,39,0,ESPN BET
nba,2025,2,2025-03-15,401705541,Washington Wizards,Denver Nuggets,0,-12.5,242.5,126,123,30,33,32,31,44,28,23,28,0,ESPN BET
nba,2025,2,2025-03-16,401705546,Toronto Raptors,Portland Trail Blazers,0,-7.5,226.5,102,105,27,25,30,20,19,33,25,28,0,ESPN BET
nba,2025,2,2025-03-15,401705539,New Orleans Pelicans,San Antonio Spurs,0,-0.5,235.5,115,119,23,35,25,32,22,36,34,27,0,ESPN BET
nba,2025,2,2025-03-16,401705543,Phoenix Suns,Los Angeles Lakers,0,-3.5,226.5,96,107,15,22,34,25,31,23,29,24,0,ESPN BET
nba,2025,2,2025-03-15,401705540,New York Knicks,Golden State Warriors,0,-6.5,228.5,94,97,31,19,22,22,32,22,21,22,0,ESPN BET
nba,2025,2,2025-03-16,401705545,Orlando Magic,Cleveland Cavaliers,0,-10.5,222.5,108,103,25,22,35,26,38,22,23,20,0,ESPN BET
nba,2025,2,2025-03-16,401705544,Atlanta Hawks,Brooklyn Nets,0,6.5,228.5,114,122,27,35,30,22,33,23,35,31,0,ESPN BET
nba,2025,2,2025-03-16,401705548,Oklahoma City Thunder,Milwaukee Bucks,0,5.5,233.5,121,105,24,29,39,29,26,15,33,31,0,ESPN BET
nba,2025,2,2025-03-16,401705547,Utah Jazz,Minnesota Timberwolves,0,-13.5,231.5,102,128,20,31,25,26,34,28,37,29,0,ESPN BET
nba,2025,2,2025-03-16,401748706,Charlotte Hornets,LA Clippers,0,-13.5,224.5,88,123,21,20,21,26,32,33,30,28,0,ESPN BET
nba,2025,2,2025-03-17,401705550,Miami Heat,New York Knicks,0,-6.5,209.5,95,116,29,20,15,31,18,29,41,28,0,ESPN BET
nba,2025,2,2025-03-17,401705551,Philadelphia 76ers,Houston Rockets,0,-16.5,225.5,137,144,44,34,24,29,28,29,45,29,1,ESPN BET
nba,2025,2,2025-03-17,401705552,Indiana Pacers,Minnesota Timberwolves,0,-10.5,227.5,132,130,30,30,29,28,30,16,41,30,1,ESPN BET
nba,2025,2,2025-03-17,401705555,Chicago Bulls,Utah Jazz,0,4.5,241.5,111,97,31,23,32,25,22,31,25,19,0,ESPN BET
nba,2025,2,2025-03-17,401705558,Memphis Grizzlies,Sacramento Kings,0,-3.5,235.5,122,132,26,28,32,36,37,28,33,34,0,ESPN BET
nba,2025,2,2025-03-17,401705553,Detroit Pistons,New Orleans Pelicans,0,6.5,234.5,127,81,35,28,25,39,13,19,31,18,0,ESPN BET
nba,2025,2,2025-03-17,401705557,Toronto Raptors,Phoenix Suns,0,-9.5,224.5,89,129,29,11,24,25,24,39,30,36,0,ESPN BET
nba,2025,2,2025-03-17,401705556,Denver Nuggets,Golden State Warriors,0,-12.5,232.5,114,105,29,33,27,25,22,28,27,28,0,ESPN BET
nba,2025,2,2025-03-18,401705560,Brooklyn Nets,Boston Celtics,0,-13.5,211.5,96,104,26,23,21,26,21,23,27,33,0,ESPN BET
nba,2025,2,2025-03-18,401705578,Milwaukee Bucks,Golden State Warriors,0,1.5,225.5,93,104,27,17,32,17,32,26,20,26,0,ESPN BET
nba,2025,2,2025-03-18,401705563,Cleveland Cavaliers,LA Clippers,0,2.5,230.5,119,132,45,28,29,17,37,31,38,26,0,ESPN BET
nba,2025,2,2025-03-18,401705559,Atlanta Hawks,Charlotte Hornets,0,7.5,231.5,134,102,32,38,36,28,25,32,23,22,0,ESPN BET
nba,2025,2,2025-03-17,401705561,Washington Wizards,Portland Trail Blazers,0,-5.5,233.5,97,112,24,25,21,27,31,28,30,23,0,ESPN BET
nba,2025,2,2025-03-17,401754705,San Antonio Spurs,Los Angeles Lakers,0,-8.5,231.5,109,125,22,29,24,34,32,33,29,31,0,ESPN BET
nba,2025,2,2025-03-19,401705566,Detroit Pistons,Miami Heat,0,4.5,216.5,116,113,22,36,30,28,32,28,33,20,0,ESPN BET
nba,2025,2,2025-03-19,401705565,Houston Rockets,Orlando Magic,0,2.5,208.5,116,108,28,28,32,28,23,29,20,36,0,ESPN BET
nba,2025,2,2025-03-19,401705564,Dallas Mavericks,Indiana Pacers,0,-10.5,227.5,131,135,21,36,34,40,33,35,22,45,0,ESPN BET
nba,2025,2,2025-03-19,401705567,New Orleans Pelicans,Minnesota Timberwolves,0,-13.5,227.5,119,115,24,38,34,23,30,31,30,24,0,ESPN BET
nba,2025,2,2025-03-19,401705568,Philadelphia 76ers,Oklahoma City Thunder,0,-12.5,228.5,100,133,26,30,18,26,42,28,33,30,0,ESPN BET
nba,2025,2,2025-03-19,401705574,Memphis Grizzlies,Portland Trail Blazers,0,4.5,234.5,99,115,29,29,31,10,38,33,25,19,0,ESPN BET
nba,2025,2,2025-03-19,401705573,Chicago Bulls,Phoenix Suns,0,-5.5,235.5,121,127,22,29,33,37,31,32,36,28,0,ESPN BET
nba,2025,2,2025-03-19,401705575,Cleveland Cavaliers,Sacramento Kings,0,6.5,228.5,119,123,22,34,32,31,15,32,43,33,0,ESPN BET
nba,2025,2,2025-03-20,401705576,New York Knicks,Charlotte Hornets,0,7.5,221.5,98,115,19,25,28,26,27,27,31,30,0,ESPN BET
nba,2025,2,2025-03-19,401705569,New York Knicks,San Antonio Spurs,0,8.5,227.5,105,120,20,23,29,33,29,38,16,37,0,ESPN BET
nba,2025,2,2025-03-19,401705572,Denver Nuggets,Los Angeles Lakers,0,-5.5,223.5,108,120,29,30,18,31,46,27,32,15,0,ESPN BET
nba,2025,2,2025-03-19,401705193,Washington Wizards,Utah Jazz,0,-2.5,235.5,112,128,35,28,25,24,31,33,33,31,0,ESPN BET
nba,2025,2,2025-03-20,401705562,Milwaukee Bucks,Los Angeles Lakers,0,8.5,216.5,118,89,34,23,34,27,19,27,23,20,0,ESPN BET
nba,2025,2,2025-03-20,401705577,Brooklyn Nets,Indiana Pacers,0,-7.5,221.5,99,105,28,24,19,20,23,19,25,24,1,ESPN BET
nba,2025,2,2025-03-20,401705571,Toronto Raptors,Golden State Warriors,0,-14.5,224.5,114,117,30,31,31,22,33,34,26,24,0,ESPN BET
nba,2025,2,2025-03-20,401705579,Chicago Bulls,Sacramento Kings,0,-7.5,236.5,128,116,28,27,37,36,39,25,25,27,0,ESPN BET
nba,2025,2,2025-03-21,401705581,Houston Rockets,Miami Heat,0,4.5,212.5,102,98,23,28,27,24,27,32,21,18,0,ESPN BET
nba,2025,2,2025-03-21,401705582,New Orleans Pelicans,Minnesota Timberwolves,0,-14.5,223.5,93,134,22,26,24,21,28,34,35,37,0,ESPN BET
nba,2025,2,2025-03-21,401705580,Orlando Magic,Washington Wizards,0,8.5,214.5,120,105,33,34,35,18,30,24,17,34,0,ESPN BET
nba,2025,2,2025-03-21,401705583,Charlotte Hornets,Oklahoma City Thunder,0,-20.5,220.5,106,141,14,35,27,30,34,32,37,38,0,ESPN BET
nba,2025,2,2025-03-21,401705584,Philadelphia 76ers,San Antonio Spurs,0,-5.5,234.5,120,128,26,26,43,25,28,36,27,37,0,ESPN BET
nba,2025,2,2025-03-21,401705585,Detroit Pistons,Dallas Mavericks,0,9.5,232.5,117,123,27,27,29,34,35,25,31,32,0,ESPN BET
nba,2025,2,2025-03-22,401705591,Golden State Warriors,Atlanta Hawks,0,2.5,233.5,115,124,23,34,24,34,40,29,29,26,0,ESPN BET
nba,2025,2,2025-03-22,401705590,Brooklyn Nets,Indiana Pacers,0,-13.5,220.5,103,108,25,27,18,33,28,33,29,18,0,ESPN BET
nba,2025,2,2025-03-21,401705588,Denver Nuggets,Portland Trail Blazers,0,1.5,227.5,109,128,30,29,23,27,30,24,34,40,0,ESPN BET
nba,2025,2,2025-03-21,401705586,Boston Celtics,Utah Jazz,0,15.5,227.5,121,99,35,25,29,32,21,30,24,24,0,ESPN BET
nba,2025,2,2025-03-22,401705593,Milwaukee Bucks,Sacramento Kings,0,-1.5,222.5,114,108,17,32,37,28,25,36,28,19,0,ESPN BET
nba,2025,2,2025-03-21,401705587,Cleveland Cavaliers,Phoenix Suns,0,8.5,233.5,112,123,34,17,28,33,35,27,36,25,0,ESPN BET
nba,2025,2,2025-03-22,401705592,Washington Wizards,New York Knicks,0,-15.5,225.5,103,122,21,20,35,27,31,35,26,30,0,ESPN BET
nba,2025,2,2025-03-22,401705594,Chicago Bulls,Los Angeles Lakers,0,-10.5,237.5,146,115,32,33,39,42,31,31,27,26,0,ESPN BET
nba,2025,2,2025-03-21,401705589,Memphis Grizzlies,LA Clippers,0,-6.5,230.5,108,128,31,35,16,26,29,31,36,32,0,ESPN BET
nba,2025,2,2025-03-23,401705596,Cleveland Cavaliers,Utah Jazz,0,16.5,240.5,120,91,28,23,37,32,22,23,19,27,0,ESPN BET
nba,2025,2,2025-03-23,401705597,Philadelphia 76ers,Atlanta Hawks,0,-10.5,240.5,119,132,24,28,30,37,35,29,41,27,0,ESPN BET
nba,2025,2,2025-03-23,401705595,New Orleans Pelicans,Detroit Pistons,0,-11.5,225.5,130,136,27,32,32,39,36,32,25,43,0,ESPN BET
nba,2025,2,2025-03-23,401705598,Charlotte Hornets,Miami Heat,0,-7.5,214.5,105,122,26,21,28,30,20,37,39,26,0,ESPN BET
nba,2025,2,2025-03-23,401705599,San Antonio Spurs,Toronto Raptors,0,-0.5,232.5,123,89,36,26,35,26,16,24,23,26,0,ESPN BET
nba,2025,2,2025-03-23,401705600,Boston Celtics,Portland Trail Blazers,0,6.5,219.5,129,116,34,30,38,27,24,27,39,26,0,ESPN BET
nba,2025,2,2025-03-23,401705601,Denver Nuggets,Houston Rockets,0,-7.5,223.5,116,111,27,30,39,20,27,30,22,32,0,ESPN BET
nba,2025,2,2025-03-24,401705607,Philadelphia 76ers,New Orleans Pelicans,0,-3.5,226.5,99,112,23,26,26,24,29,29,32,22,0,ESPN BET
nba,2025,2,2025-03-24,401705606,Dallas Mavericks,Brooklyn Nets,0,2.5,217.5,120,101,32,30,34,24,17,31,29,24,0,ESPN BET
nba,2025,2,2025-03-24,401705604,Los Angeles Lakers,Orlando Magic,0,4.5,217.5,106,118,30,30,18,28,26,32,34,26,0,ESPN BET
nba,2025,2,2025-03-23,401705602,Oklahoma City Thunder,LA Clippers,0,-0.5,226.5,103,101,24,33,24,22,34,17,26,24,0,ESPN BET
nba,2025,2,2025-03-24,401705605,Toronto Raptors,Washington Wizards,0,-1.5,227.5,112,104,28,24,26,34,32,18,26,28,0,ESPN BET
nba,2025,2,2025-03-25,401705611,Orlando Magic,Charlotte Hornets,0,4.5,214.5,111,104,29,34,20,28,27,26,30,21,0,ESPN BET
nba,2025,2,2025-03-25,401705613,Golden State Warriors,Miami Heat,0,4.5,208.5,86,112,22,18,30,16,28,29,26,29,0,ESPN BET
nba,2025,2,2025-03-25,401705614,Dallas Mavericks,New York Knicks,0,-11.5,226.5,113,128,35,33,16,29,37,31,30,30,0,ESPN BET
nba,2025,2,2025-03-24,401705609,Milwaukee Bucks,Phoenix Suns,0,-2.5,223.5,106,108,30,28,20,28,25,29,27,27,0,ESPN BET
nba,2025,2,2025-03-25,401705612,San Antonio Spurs,Detroit Pistons,0,-9.5,233.5,96,122,22,12,35,27,30,30,28,34,0,ESPN BET
nba,2025,2,2025-03-24,401705610,Boston Celtics,Sacramento Kings,0,4.5,224.5,113,95,30,26,32,25,29,22,27,17,0,ESPN BET
nba,2025,2,2025-03-24,401705608,Chicago Bulls,Denver Nuggets,0,-2.5,239.5,129,119,27,38,30,34,35,30,30,24,0,ESPN BET
nba,2025,2,2025-03-24,401705603,Minnesota Timberwolves,Indiana Pacers,0,2.5,230.5,103,119,23,25,25,30,25,29,41,24,0,ESPN BET
nba,2025,2,2025-03-25,401705615,Atlanta Hawks,Houston Rockets,0,-7.5,235.5,114,121,23,25,26,40,30,35,29,27,0,ESPN BET
nba,2025,2,2025-03-25,401705616,Memphis Grizzlies,Utah Jazz,0,11.5,240.5,140,103,29,35,41,35,35,30,17,21,0,ESPN BET
nba,2025,2,2025-03-25,401705618,Oklahoma City Thunder,Sacramento Kings,0,8.5,228.5,121,105,31,33,25,32,21,21,39,24,0,ESPN BET
nba,2025,2,2025-03-26,401705619,Washington Wizards,Philadelphia 76ers,0,-3.5,228.5,119,114,45,22,30,22,29,29,27,29,0,ESPN BET
nba,2025,2,2025-03-26,401705623,Milwaukee Bucks,Denver Nuggets,0,-11.5,230.5,117,127,27,37,28,25,38,29,33,27,0,ESPN BET
nba,2025,2,2025-03-26,401705622,LA Clippers,New York Knicks,0,4.5,218.5,126,113,20,34,40,32,33,22,29,29,0,ESPN BET
nba,2025,2,2025-03-25,401705617,Cleveland Cavaliers,Portland Trail Blazers,0,6.5,229.5,122,111,33,27,32,30,33,19,34,25,0,ESPN BET
nba,2025,2,2025-03-26,401705620,Toronto Raptors,Brooklyn Nets,0,-2.5,215.5,116,86,32,30,31,23,18,27,23,18,0,ESPN BET
nba,2025,2,2025-03-26,401705621,Los Angeles Lakers,Indiana Pacers,0,-0.5,234.5,120,119,28,40,27,25,33,22,37,27,0,ESPN BET
nba,2025,2,2025-03-27,401705628,Atlanta Hawks,Miami Heat,0,-1.5,224.5,112,122,32,23,25,32,22,38,33,29,0,ESPN BET
nba,2025,2,2025-03-26,401705624,Boston Celtics,Phoenix Suns,0,4.5,221.5,132,102,42,31,35,24,38,16,27,21,0,ESPN BET
nba,2025,2,2025-03-27,401705630,Memphis Grizzlies,Oklahoma City Thunder,0,-10.5,237.5,104,125,33,26,30,15,32,31,28,34,0,ESPN BET
nba,2025,2,2025-03-27,401705629,Los Angeles Lakers,Chicago Bulls,0,3.5,236.5,117,119,22,37,32,26,32,26,17,44,0,ESPN BET
nba,2025,2,2025-03-27,401705626,Dallas Mavericks,Orlando Magic,0,-6.5,216.5,101,92,19,24,34,24,17,33,20,22,0,ESPN BET
nba,2025,2,2025-03-27,401705627,Indiana Pacers,Washington Wizards,0,12.5,234.5,162,109,45,38,42,37,31,30,27,21,0,ESPN BET
nba,2025,2,2025-03-27,401705625,San Antonio Spurs,Cleveland Cavaliers,0,-13.5,236.5,116,124,24,25,34,33,30,24,32,38,0,ESPN BET
nba,2025,2,2025-03-27,401705632,Portland Trail Blazers,Sacramento Kings,0,-5.5,227.5,107,128,27,23,32,25,36,32,32,28,0,ESPN BET
nba,2025,2,2025-03-27,401705631,Houston Rockets,Utah Jazz,0,13.5,226.5,121,110,27,26,36,32,24,27,29,30,0,ESPN BET
nba,2025,2,2025-03-28,401705633,Cleveland Cavaliers,Detroit Pistons,0,6.5,233.5,122,133,26,32,25,39,31,32,38,32,0,ESPN BET
nba,2025,2,2025-03-28,401705635,Charlotte Hornets,Toronto Raptors,0,-5.5,219.5,97,108,20,27,25,25,32,17,34,25,0,ESPN BET
nba,2025,2,2025-03-28,401705637,Phoenix Suns,Minnesota Timberwolves,0,-7.5,223.5,109,124,21,24,30,34,27,30,35,32,0,ESPN BET
nba,2025,2,2025-03-28,401705634,LA Clippers,Brooklyn Nets,0,12.5,213.5,132,100,26,42,37,27,27,21,21,31,0,ESPN BET
nba,2025,2,2025-03-28,401705638,Golden State Warriors,New Orleans Pelicans,0,15.5,226.5,111,95,21,29,33,28,28,25,29,13,0,ESPN BET
nba,2025,2,2025-03-28,401705636,New York Knicks,Milwaukee Bucks,0,-1.5,218.5,116,107,25,35,21,35,19,30,24,34,0,ESPN BET
nba,2025,2,2025-03-28,401705639,Utah Jazz,Denver Nuggets,0,-19.5,239.5,93,129,15,32,18,28,26,31,29,43,0,ESPN BET
nba,2025,2,2025-03-29,401705641,Brooklyn Nets,Washington Wizards,0,-2.5,222.5,115,112,23,28,31,33,28,31,26,27,0,ESPN BET
nba,2025,2,2025-03-29,401705643,Dallas Mavericks,Chicago Bulls,0,-2.5,240.5,120,119,30,28,31,31,34,21,32,32,0,ESPN BET
nba,2025,2,2025-03-29,401705644,Los Angeles Lakers,Memphis Grizzlies,0,-1.5,237.5,134,127,39,33,30,32,28,33,38,28,0,ESPN BET
nba,2025,2,2025-03-29,401705642,Miami Heat,Philadelphia 76ers,0,7.5,214.5,118,95,34,28,34,22,29,24,22,20,0,ESPN BET
nba,2025,2,2025-03-29,401705640,Sacramento Kings,Orlando Magic,0,-1.5,212.5,91,121,21,25,20,25,38,23,37,23,0,ESPN BET
nba,2025,2,2025-03-29,401705645,Indiana Pacers,Oklahoma City Thunder,0,-8.5,232.5,111,132,27,22,31,31,29,32,41,30,0,ESPN BET
nba,2025,2,2025-03-29,401705646,Boston Celtics,San Antonio Spurs,0,12.5,230.5,121,111,36,28,30,27,27,25,29,30,0,ESPN BET
nba,2025,2,2025-03-30,401705648,Portland Trail Blazers,New York Knicks,0,-7.5,220.5,93,110,25,33,20,15,27,23,29,31,0,ESPN BET
nba,2025,2,2025-03-30,401705647,LA Clippers,Cleveland Cavaliers,0,-6.5,229.5,122,127,25,39,24,34,37,31,37,22,0,ESPN BET
nba,2025,2,2025-03-30,401705649,Atlanta Hawks,Milwaukee Bucks,0,-4.5,235.5,145,124,37,45,36,27,44,31,17,32,0,ESPN BET
nba,2025,2,2025-03-30,401705650,Detroit Pistons,Minnesota Timberwolves,0,-8.5,224.5,104,123,34,26,23,21,20,34,38,31,0,ESPN BET
nba,2025,2,2025-03-31,401705655,Utah Jazz,Charlotte Hornets,0,-4.5,222.5,106,110,21,26,31,28,28,26,26,30,0,ESPN BET
nba,2025,2,2025-03-30,401705654,Houston Rockets,Phoenix Suns,0,2.5,220.5,148,109,32,46,34,36,24,25,24,36,0,ESPN BET
nba,2025,2,2025-03-30,401705652,Golden State Warriors,San Antonio Spurs,0,11.5,231.5,148,106,44,24,43,37,27,17,29,33,0,ESPN BET
nba,2025,2,2025-03-30,401705651,Charlotte Hornets,New Orleans Pelicans,0,-2.5,213.5,94,98,25,27,21,21,21,22,31,24,0,ESPN BET
nba,2025,2,2025-03-31,401705658,Miami Heat,Washington Wizards,0,9.5,214.5,120,94,36,22,34,28,23,24,28,19,0,ESPN BET
nba,2025,2,2025-03-31,401705656,Sacramento Kings,Indiana Pacers,0,-3.5,234.5,109,111,28,32,26,23,27,27,27,30,0,ESPN BET
nba,2025,2,2025-03-30,401705653,Toronto Raptors,Philadelphia 76ers,0,6.5,225.5,127,109,32,31,32,32,31,18,33,27,0,ESPN BET
nba,2025,2,2025-03-31,401705661,Brooklyn Nets,Dallas Mavericks,0,-9.5,219.5,113,109,25,33,26,29,29,34,24,22,0,ESPN BET
nba,2025,2,2025-03-31,401705657,LA Clippers,Orlando Magic,0,3.5,211.5,96,87,22,23,24,27,28,19,19,21,0,ESPN BET
nba,2025,2,2025-04-01,401705663,Portland Trail Blazers,Atlanta Hawks,0,-5.5,235.5,127,113,26,31,40,30,27,27,30,29,0,ESPN BET
nba,2025,2,2025-04-01,401705664,Philadelphia 76ers,New York Knicks,0,-12.5,219.5,91,105,26,16,28,21,35,24,21,25,0,ESPN BET
nba,2025,2,2025-03-31,401705662,Houston Rockets,Los Angeles Lakers,0,-4.5,226.5,98,104,19,29,29,21,16,32,34,22,0,ESPN BET
nba,2025,2,2025-03-31,401705660,Chicago Bulls,Oklahoma City Thunder,0,-15.5,240.5,117,145,18,22,34,43,29,45,40,31,0,ESPN BET
nba,2025,2,2025-03-31,401705659,Boston Celtics,Memphis Grizzlies,0,2.5,235.5,117,103,25,41,26,25,32,29,24,18,0,ESPN BET
nba,2025,2,2025-04-01,401705667,Phoenix Suns,Milwaukee Bucks,0,-6.5,225.5,123,133,19,38,26,40,31,29,35,38,0,ESPN BET
nba,2025,2,2025-04-01,401705666,Golden State Warriors,Memphis Grizzlies,0,3.5,238.5,134,125,45,29,29,31,32,34,37,22,0,ESPN BET
nba,2025,2,2025-04-01,401705665,Toronto Raptors,Chicago Bulls,0,-4.5,237.5,118,137,32,25,22,39,39,31,32,35,0,ESPN BET
nba,2025,2,2025-04-01,401705554,Orlando Magic,San Antonio Spurs,0,5.5,216.5,116,105,29,32,18,37,34,27,23,21,0,ESPN BET
nba,2025,2,2025-04-01,401705668,Minnesota Timberwolves,Denver Nuggets,0,-1.5,228.5,140,139,26,26,32,28,32,21,26,33,2,ESPN BET
nba,2025,2,2025-04-02,401705669,New York Knicks,Cleveland Cavaliers,0,-10.5,230.5,105,124,34,26,25,20,28,25,38,33,0,ESPN BET
nba,2025,2,2025-04-02,401705670,Charlotte Hornets,Indiana Pacers,0,-15.5,223.5,105,119,25,20,28,32,32,21,34,32,0,ESPN BET
nba,2025,2,2025-04-02,401705672,Miami Heat,Boston Celtics,0,-10.5,211.5,124,103,29,30,32,33,22,23,36,22,0,ESPN BET
nba,2025,2,2025-04-02,401705671,Sacramento Kings,Washington Wizards,0,13.5,231.5,111,116,26,26,25,34,26,29,36,25,0,ESPN BET
nba,2025,2,2025-04-02,401705675,Atlanta Hawks,Dallas Mavericks,0,-3.5,240.5,118,120,34,38,24,22,32,35,34,19,0,ESPN BET
nba,2025,2,2025-04-03,401705681,Milwaukee Bucks,Philadelphia 76ers,0,11.5,227.5,126,113,25,36,35,30,39,20,28,26,0,ESPN BET
nba,2025,2,2025-04-02,401705673,Utah Jazz,Houston Rockets,0,-15.5,227.5,105,143,26,20,29,30,33,37,32,41,0,ESPN BET
nba,2025,2,2025-04-02,401705674,Detroit Pistons,Oklahoma City Thunder,0,-12.5,233.5,103,119,27,32,22,22,41,24,32,22,0,ESPN BET
nba,2025,2,2025-04-02,401705677,New Orleans Pelicans,LA Clippers,0,-18.5,218.5,98,114,16,31,25,26,22,37,24,31,0,ESPN BET
nba,2025,2,2025-04-02,401705676,San Antonio Spurs,Denver Nuggets,0,-2.5,229.5,113,106,33,33,22,25,21,33,31,21,0,ESPN BET
nba,2025,2,2025-04-03,401705679,Minnesota Timberwolves,Brooklyn Nets,0,14.5,217.5,105,90,20,29,28,28,19,18,30,23,0,ESPN BET
nba,2025,2,2025-04-03,401705678,Orlando Magic,Washington Wizards,0,15.5,212.5,109,97,32,29,20,28,27,18,31,21,0,ESPN BET
nba,2025,2,2025-04-03,401705680,Memphis Grizzlies,Miami Heat,0,5.5,226.5,110,108,22,27,35,26,27,23,35,23,0,ESPN BET
nba,2025,2,2025-04-03,401705682,Portland Trail Blazers,Toronto Raptors,0,5.5,223.5,112,103,29,18,36,29,31,19,26,27,0,ESPN BET
nba,2025,2,2025-04-04,401705686,Phoenix Suns,Boston Celtics,0,-14.5,226.5,103,123,22,25,28,28,31,29,30,33,0,ESPN BET
nba,2025,2,2025-04-03,401705683,Golden State Warriors,Los Angeles Lakers,0,-0.5,230.5,123,116,26,34,28,35,22,25,30,39,0,ESPN BET
nba,2025,2,2025-04-04,401705684,Sacramento Kings,Charlotte Hornets,0,11.5,215.5,125,102,26,42,30,27,18,31,23,30,0,ESPN BET
nba,2025,2,2025-04-04,401705685,Utah Jazz,Indiana Pacers,0,-17.5,238.5,112,140,34,25,35,18,28,29,41,42,0,ESPN BET
nba,2025,2,2025-04-04,401705688,Portland Trail Blazers,Chicago Bulls,0,-6.5,232.5,113,118,33,21,29,30,30,22,40,26,0,ESPN BET
nba,2025,2,2025-04-04,401705687,Detroit Pistons,Toronto Raptors,0,10.5,226.5,117,105,29,36,28,24,28,27,22,28,0,ESPN BET
nba,2025,2,2025-04-04,401705692,New Orleans Pelicans,Los Angeles Lakers,0,-15.5,222.5,108,124,30,23,31,24,25,37,31,31,0,ESPN BET
nba,2025,2,2025-04-04,401705690,Cleveland Cavaliers,San Antonio Spurs,0,12.5,241.5,114,113,38,29,24,23,28,22,32,31,0,ESPN BET
nba,2025,2,2025-04-04,401705689,Oklahoma City Thunder,Houston Rockets,0,5.5,226.5,111,125,28,25,32,26,35,34,27,29,0,ESPN BET
nba,2025,2,2025-04-05,401705695,Memphis Grizzlies,Detroit Pistons,0,1.5,238.5,109,103,27,19,29,34,24,23,30,26,0,ESPN BET
nba,2025,2,2025-04-05,401705694,New York Knicks,Atlanta Hawks,0,1.5,235.5,121,105,38,40,30,13,31,22,27,25,0,ESPN BET
nba,2025,2,2025-04-04,401705693,Dallas Mavericks,LA Clippers,0,-12.5,225.5,91,114,16,19,25,31,29,29,23,33,0,ESPN BET
nba,2025,2,2025-04-04,401705691,Denver Nuggets,Golden State Warriors,0,-3.5,237.5,104,118,44,16,24,20,34,32,30,22,0,ESPN BET
nba,2025,2,2025-04-05,401705696,Minnesota Timberwolves,Philadelphia 76ers,0,16.5,224.5,114,109,27,28,28,31,23,28,31,27,0,ESPN BET
nba,2025,2,2025-04-05,401705698,Dallas Mavericks,LA Clippers,0,-9.5,221.5,104,135,21,31,30,22,33,28,44,30,0,ESPN BET
nba,2025,2,2025-04-06,401705701,Los Angeles Lakers,Oklahoma City Thunder,0,-9.5,231.5,126,99,42,36,25,23,32,24,21,22,0,ESPN BET
nba,2025,2,2025-04-06,401705702,Utah Jazz,Atlanta Hawks,0,-13.5,245.5,134,147,28,36,43,27,41,40,38,28,0,ESPN BET
nba,2025,2,2025-04-05,401705697,Milwaukee Bucks,Miami Heat,0,-0.5,209.5,121,115,22,35,24,30,30,27,31,23,1,ESPN BET
nba,2025,2,2025-04-06,401705700,Toronto Raptors,Brooklyn Nets,0,2.5,217.5,120,109,28,33,21,38,23,23,26,37,0,ESPN BET
nba,2025,2,2025-04-06,401705699,Chicago Bulls,Charlotte Hornets,0,7.5,230.5,131,117,29,46,20,36,28,27,26,36,0,ESPN BET
nba,2025,2,2025-04-06,401705703,Washington Wizards,Boston Celtics,0,-19.5,226.5,90,124,18,21,29,22,34,26,40,24,0,ESPN BET
nba,2025,2,2025-04-06,401705704,Sacramento Kings,Cleveland Cavaliers,0,-9.5,237.5,120,113,31,25,35,29,27,30,22,34,0,ESPN BET
nba,2025,2,2025-04-06,401705705,San Antonio Spurs,Portland Trail Blazers,0,-3.5,225.5,109,120,18,27,30,34,33,21,32,34,0,ESPN BET
nba,2025,2,2025-04-06,401705709,Houston Rockets,Golden State Warriors,0,-5.5,225.5,106,96,18,33,32,23,24,26,26,20,0,ESPN BET
nba,2025,2,2025-04-06,401705706,Phoenix Suns,New York Knicks,0,-9.5,225.5,98,112,23,20,27,28,27,26,34,25,0,ESPN BET
nba,2025,2,2025-04-06,401754706,Milwaukee Bucks,New Orleans Pelicans,0,6.5,218.5,111,107,28,30,23,30,31,22,25,29,0,ESPN BET
nba,2025,2,2025-04-06,401705708,Indiana Pacers,Denver Nuggets,0,-6.5,238.5,125,120,24,37,37,27,33,33,31,23,0,ESPN BET
nba,2025,2,2025-04-08,401705712,Memphis Grizzlies,Charlotte Hornets,0,14.5,230.5,124,100,33,30,34,27,18,26,30,26,0,ESPN BET
nba,2025,2,2025-04-07,401705710,Sacramento Kings,Detroit Pistons,0,-4.5,230.5,127,117,38,24,35,30,37,35,22,23,0,ESPN BET
nba,2025,2,2025-04-07,401705711,Philadelphia 76ers,Miami Heat,0,-11.5,216.5,105,117,28,25,30,22,29,32,22,34,0,ESPN BET
nba,2025,2,2025-04-08,401705716,New Orleans Pelicans,Brooklyn Nets,0,-1.5,213.5,114,119,24,29,26,35,26,28,43,22,0,ESPN BET
nba,2025,2,2025-04-08,401705713,Chicago Bulls,Cleveland Cavaliers,0,-15.5,240.5,113,135,24,24,37,28,25,43,30,37,0,ESPN BET
nba,2025,2,2025-04-08,401705715,Atlanta Hawks,Orlando Magic,0,-5.5,226.5,112,119,31,26,27,28,30,36,26,27,0,ESPN BET
nba,2025,2,2025-04-08,401705714,Washington Wizards,Indiana Pacers,0,-18.5,236.5,98,104,35,13,25,25,21,27,24,32,0,ESPN BET
nba,2025,2,2025-04-08,401705717,Boston Celtics,New York Knicks,0,2.5,224.5,119,117,27,25,31,24,30,28,20,29,1,ESPN BET
nba,2025,2,2025-04-08,401705718,Minnesota Timberwolves,Milwaukee Bucks,0,6.5,222.5,103,110,28,28,34,13,23,22,25,40,0,ESPN BET
nba,2025,2,2025-04-08,401705719,Los Angeles Lakers,Oklahoma City Thunder,0,-9.5,230.5,120,136,43,29,26,22,43,37,17,39,0,ESPN BET
nba,2025,2,2025-04-08,401705720,Golden State Warriors,Phoenix Suns,0,9.5,227.5,133,95,37,32,26,38,24,19,18,34,0,ESPN BET
nba,2025,2,2025-04-08,401705721,San Antonio Spurs,LA Clippers,0,-12.5,229.5,117,122,26,26,26,39,28,26,37,31,0,ESPN BET
nba,2025,2,2025-04-09,401705723,Philadelphia 76ers,Washington Wizards,0,2.5,224.5,122,103,25,28,36,33,23,27,29,24,0,ESPN BET
nba,2025,2,2025-04-09,401705722,Boston Celtics,Orlando Magic,0,-7.5,207.5,76,96,21,20,20,15,27,22,31,16,0,ESPN BET
nba,2025,2,2025-04-09,401705724,Charlotte Hornets,Toronto Raptors,0,-11.5,221.5,96,126,23,22,23,28,25,28,35,38,0,ESPN BET
nba,2025,2,2025-04-09,401705725,Los Angeles Lakers,Dallas Mavericks,0,4.5,227.5,112,97,26,34,23,29,30,27,19,21,0,ESPN BET
nba,2025,2,2025-04-09,401705729,San Antonio Spurs,Golden State Warriors,0,-17.5,233.5,114,111,23,32,21,38,32,19,37,23,0,ESPN BET
nba,2025,2,2025-04-09,401705726,Miami Heat,Chicago Bulls,0,1.5,227.5,111,119,32,20,32,27,27,31,34,27,0,ESPN BET
nba,2025,2,2025-04-09,401705728,Portland Trail Blazers,Utah Jazz,0,6.5,230.5,126,133,28,24,33,29,24,31,25,34,1,ESPN BET
nba,2025,2,2025-04-09,401705731,Denver Nuggets,Sacramento Kings,0,4.5,234.5,124,116,33,33,27,31,25,33,25,33,0,ESPN BET
nba,2025,2,2025-04-10,401705733,New York Knicks,Detroit Pistons,0,-4.5,230.5,106,115,35,27,23,21,29,27,29,30,0,ESPN BET
nba,2025,2,2025-04-09,401705730,Oklahoma City Thunder,Phoenix Suns,0,6.5,228.5,125,112,29,33,43,20,39,28,26,19,0,ESPN BET
nba,2025,2,2025-04-09,401705732,Houston Rockets,LA Clippers,0,-10.5,220.5,117,134,35,23,33,26,36,35,34,29,0,ESPN BET
nba,2025,2,2025-04-10,401705734,Cleveland Cavaliers,Indiana Pacers,0,-9.5,234.5,112,114,23,33,26,30,28,24,29,33,0,ESPN BET
nba,2025,2,2025-04-10,401705735,Atlanta Hawks,Brooklyn Nets,0,13.5,234.5,133,109,33,36,34,30,14,31,29,35,0,ESPN BET
nba,2025,2,2025-04-10,401705736,Minnesota Timberwolves,Memphis Grizzlies,0,2.5,230.5,141,125,37,30,52,22,31,41,25,28,0,ESPN BET
nba,2025,2,2025-04-10,401705727,New Orleans Pelicans,Milwaukee Bucks,0,-16.5,223.5,111,136,26,28,31,26,21,41,38,36,0,ESPN BET
nba,2025,2,2025-04-11,401705737,Milwaukee Bucks,Detroit Pistons,0,-4.5,229.5,125,119,35,33,30,27,36,29,32,22,0,ESPN BET
nba,2025,2,2025-04-11,401705739,Atlanta Hawks,Philadelphia 76ers,0,11.5,239.5,124,110,29,31,31,33,26,40,19,25,0,ESPN BET
nba,2025,2,2025-04-11,401705738,Orlando Magic,Indiana Pacers,0,-3.5,212.5,129,115,29,43,37,20,29,20,27,39,0,ESPN BET
nba,2025,2,2025-04-11,401705740,Charlotte Hornets,Boston Celtics,0,-21.5,215.5,94,130,25,28,22,19,25,29,37,39,0,ESPN BET
nba,2025,2,2025-04-11,401705741,Cleveland Cavaliers,New York Knicks,0,-3.5,222.5,108,102,24,26,28,30,39,23,24,16,0,ESPN BET
nba,2025,2,2025-04-11,401705742,Washington Wizards,Chicago Bulls,0,-13.5,237.5,89,119,24,19,25,21,26,32,38,23,0,ESPN BET
nba,2025,2,2025-04-11,401705744,Toronto Raptors,Dallas Mavericks,0,-11.5,224.5,102,124,25,13,29,35,35,31,30,28,0,ESPN BET
nba,2025,2,2025-04-11,401705743,Miami Heat,New Orleans Pelicans,0,14.5,214.5,153,104,35,36,39,43,24,30,18,32,0,ESPN BET
nba,2025,2,2025-04-11,401705745,Brooklyn Nets,Minnesota Timberwolves,0,-21.5,220.5,91,117,16,36,21,18,28,36,34,19,0,ESPN BET
nba,2025,2,2025-04-11,401705748,San Antonio Spurs,Phoenix Suns,0,-5.5,232.5,98,117,33,14,17,34,28,25,39,25,0,ESPN BET
nba,2025,2,2025-04-11,401705750,LA Clippers,Sacramento Kings,0,7.5,224.5,101,100,24,26,25,26,29,20,21,30,0,ESPN BET
nba,2025,2,2025-04-11,401705746,Memphis Grizzlies,Denver Nuggets,0,-7.5,245.5,109,117,35,24,36,14,28,25,39,25,0,ESPN BET
nba,2025,2,2025-04-11,401705749,Golden State Warriors,Portland Trail Blazers,0,15.5,221.5,103,86,26,24,27,26,20,17,20,29,0,ESPN BET
nba,2025,2,2025-04-11,401705747,Oklahoma City Thunder,Utah Jazz,0,8.5,234.5,145,111,46,27,34,38,34,24,28,25,0,ESPN BET
nba,2025,2,2025-04-13,401705752,Orlando Magic,Atlanta Hawks,0,3.5,216.5,105,117,24,22,38,21,31,27,34,25,0,ESPN BET
nba,2025,2,2025-04-11,401705751,Houston Rockets,Los Angeles Lakers,0,-13.5,228.5,109,140,32,24,31,22,38,40,29,33,0,ESPN BET
nba,2025,2,2025-04-13,401705753,Charlotte Hornets,Boston Celtics,0,-10.5,208.5,86,93,15,28,25,18,33,21,15,24,0,ESPN BET
nba,2025,2,2025-04-13,401705754,New York Knicks,Brooklyn Nets,0,5.5,209.5,113,105,38,24,27,24,37,29,17,22,0,ESPN BET
nba,2025,2,2025-04-13,401705755,Indiana Pacers,Cleveland Cavaliers,0,6.5,227.5,126,118,26,18,23,38,32,29,24,20,2,ESPN BET
nba,2025,2,2025-04-13,401705758,Detroit Pistons,Milwaukee Bucks,0,9.5,222.5,133,140,25,30,37,31,43,28,27,25,1,ESPN BET
nba,2025,2,2025-04-13,401705756,Washington Wizards,Miami Heat,0,-8.5,215.5,119,118,30,36,28,25,28,32,26,32,0,ESPN BET
nba,2025,2,2025-04-13,401705757,Chicago Bulls,Philadelphia 76ers,0,7.5,236.5,122,102,29,20,37,36,29,27,19,27,0,ESPN BET
nba,2025,2,2025-04-13,401705759,Denver Nuggets,Houston Rockets,0,5.5,234.5,126,111,36,29,37,24,23,29,19,40,0,ESPN BET
nba,2025,2,2025-04-13,401705760,Dallas Mavericks,Memphis Grizzlies,0,1.5,228.5,97,132,28,26,21,22,38,29,37,28,0,ESPN BET
nba,2025,2,2025-04-13,401705761,Utah Jazz,Minnesota Timberwolves,0,-23.5,233.5,105,116,24,25,28,28,30,20,40,26,0,ESPN BET
nba,2025,2,2025-04-13,401705762,Oklahoma City Thunder,New Orleans Pelicans,0,13.5,230.5,115,100,38,26,26,25,19,30,23,28,0,ESPN BET
nba,2025,2,2025-04-13,401705763,Toronto Raptors,San Antonio Spurs,0,-4.5,232.5,118,125,37,37,21,23,32,22,39,32,0,ESPN BET
nba,2025,2,2025-04-13,401705766,Phoenix Suns,Sacramento Kings,0,-15.5,222.5,98,109,25,29,21,23,33,24,29,23,0,ESPN BET
nba,2025,2,2025-04-13,401705765,Los Angeles Lakers,Portland Trail Blazers,0,-5.5,216.5,81,109,25,18,18,20,29,29,31,20,0,ESPN BET
nba,2025,3,2025-04-19,401767819,LA Clippers,Denver Nuggets,0,-3.5,224.5,110,112,35,18,22,23,27,22,23,26,1,ESPN BET
nba,2025,2,2025-04-13,401705764,LA Clippers,Golden State Warriors,0,-3.5,218.5,124,119,25,35,23,28,33,25,24,29,1,ESPN BET
nba,2025,3,2025-04-19,401767820,Detroit Pistons,New York Knicks,0,-6.5,220.5,112,123,27,28,36,21,27,30,26,40,0,ESPN BET
nba,2025,3,2025-04-19,401767817,Milwaukee Bucks,Indiana Pacers,0,-6.5,227.5,98,117,25,18,33,22,33,34,26,24,0,ESPN BET
nba,2025,3,2025-04-20,401767818,Memphis Grizzlies,Oklahoma City Thunder,0,-13.5,231.5,80,131,20,16,27,17,32,36,44,19,0,ESPN BET
nba,2025,3,2025-04-20,401767822,Orlando Magic,Boston Celtics,0,-12.5,204.5,86,103,18,31,18,19,26,22,30,25,0,ESPN BET
nba,2025,3,2025-04-19,401767821,Minnesota Timberwolves,Los Angeles Lakers,0,-4.5,215.5,117,95,21,38,35,23,28,20,30,17,0,ESPN BET
nba,2025,3,2025-04-20,401767816,Miami Heat,Cleveland Cavaliers,0,-12.5,216.5,100,121,24,30,25,21,31,31,25,34,0,ESPN BET
nba,2025,3,2025-04-21,401768041,Detroit Pistons,New York Knicks,0,-6.5,221.5,100,94,25,30,20,25,18,31,18,27,0,ESPN BET
nba,2025,3,2025-04-21,401768061,LA Clippers,Denver Nuggets,0,-0.5,217.5,105,102,25,30,23,27,31,21,24,26,0,ESPN BET
nba,2025,3,2025-04-20,401767823,Golden State Warriors,Houston Rockets,0,-1.5,213.5,95,85,18,29,22,26,21,13,26,25,0,ESPN BET
nba,2025,3,2025-04-22,401767903,Memphis Grizzlies,Oklahoma City Thunder,0,-14.5,229.5,99,118,17,35,27,20,32,38,20,28,0,ESPN BET
nba,2025,3,2025-04-22,401768047,Milwaukee Bucks,Indiana Pacers,0,-4.5,228.5,115,123,30,30,27,28,40,28,31,24,0,ESPN BET
nba,2025,3,2025-04-23,401768029,Orlando Magic,Boston Celtics,0,-10.5,195.5,100,109,21,26,24,29,23,27,31,28,0,ESPN BET
nba,2025,3,2025-04-22,401767915,Minnesota Timberwolves,Los Angeles Lakers,0,-5.5,212.5,85,94,15,28,22,20,34,24,23,13,0,ESPN BET
nba,2025,3,2025-04-24,401768042,New York Knicks,Detroit Pistons,0,1.5,215.5,118,116,33,33,27,25,27,26,30,33,0,ESPN BET
nba,2025,3,2025-04-24,401768062,Denver Nuggets,LA Clippers,0,-5.5,213.5,83,117,28,19,23,13,35,30,25,27,0,ESPN BET
nba,2025,3,2025-04-23,401767909,Golden State Warriors,Houston Rockets,0,-3.5,204.5,94,109,18,28,25,23,28,32,27,22,0,ESPN BET
nba,2025,3,2025-04-23,401768035,Miami Heat,Cleveland Cavaliers,0,-12.5,213.5,112,121,24,27,29,32,25,43,25,28,0,ESPN BET
nba,2025,3,2025-04-24,401767904,Oklahoma City Thunder,Memphis Grizzlies,0,9.5,229.5,114,108,29,22,36,27,40,37,18,13,0,ESPN BET
nba,2025,3,2025-04-25,401768030,Boston Celtics,Orlando Magic,0,4.5,200.5,93,95,27,32,11,23,31,18,24,22,0,ESPN BET
nba,2025,3,2025-04-25,401768048,Indiana Pacers,Milwaukee Bucks,0,-4.5,228.5,101,117,26,31,18,26,26,21,39,31,0,ESPN BET
nba,2025,3,2025-04-25,401768056,Los Angeles Lakers,Minnesota Timberwolves,0,-4.5,207.5,104,116,26,32,26,20,32,22,32,30,0,ESPN BET
nba,2025,3,2025-04-26,401767905,Oklahoma City Thunder,Memphis Grizzlies,0,15.5,223.5,117,115,34,26,28,29,31,28,26,30,0,ESPN BET
nba,2025,3,2025-04-26,401768036,Cleveland Cavaliers,Miami Heat,0,5.5,211.5,124,87,33,29,26,36,20,22,22,23,0,ESPN BET
nba,2025,3,2025-04-26,401768063,Denver Nuggets,LA Clippers,0,-6.5,211.5,101,99,27,23,35,16,22,26,17,34,0,ESPN BET
nba,2025,3,2025-04-27,401768057,Los Angeles Lakers,Minnesota Timberwolves,0,-2.5,208.5,113,116,32,26,36,19,28,33,23,32,0,ESPN BET
nba,2025,3,2025-04-27,401768043,New York Knicks,Detroit Pistons,0,-2.5,216.5,94,93,29,21,14,30,19,24,28,22,0,ESPN BET
nba,2025,3,2025-04-26,401767910,Houston Rockets,Golden State Warriors,0,-1.5,204.5,93,104,22,27,22,22,18,28,23,35,0,ESPN BET
nba,2025,3,2025-04-27,401768049,Indiana Pacers,Milwaukee Bucks,0,-4.5,226.5,129,103,30,33,38,28,24,28,32,19,0,ESPN BET
nba,2025,3,2025-04-28,401768037,Cleveland Cavaliers,Miami Heat,0,8.5,211.5,138,83,43,29,39,27,17,16,30,20,0,ESPN BET
nba,2025,3,2025-04-27,401768031,Boston Celtics,Orlando Magic,0,7.5,198.5,107,98,32,21,26,28,29,19,27,23,0,ESPN BET
nba,2025,3,2025-04-29,401768032,Orlando Magic,Boston Celtics,0,-11.5,199.5,89,120,27,22,13,27,23,24,36,37,0,ESPN BET
nba,2025,3,2025-04-29,401768050,Milwaukee Bucks,Indiana Pacers,0,-7.5,221.5,118,119,30,17,28,28,13,28,34,28,1,ESPN BET
nba,2025,3,2025-04-29,401768044,Detroit Pistons,New York Knicks,0,-5.5,215.5,106,103,22,27,28,29,23,27,24,29,0,ESPN BET
nba,2025,3,2025-04-28,401767911,Houston Rockets,Golden State Warriors,0,-3.5,203.5,106,109,26,31,23,26,28,22,32,27,0,ESPN BET
nba,2025,3,2025-04-30,401768058,Minnesota Timberwolves,Los Angeles Lakers,0,-5.5,209.5,103,96,31,28,22,22,22,27,31,16,0,ESPN BET
nba,2025,3,2025-04-29,401768064,LA Clippers,Denver Nuggets,0,2.5,209.5,115,131,23,36,24,32,35,32,32,32,0,ESPN BET
nba,2025,3,2025-04-30,401767912,Golden State Warriors,Houston Rockets,0,-4.5,202.5,116,131,24,25,31,36,40,36,31,24,0,ESPN BET
nba,2025,3,2025-05-02,401767913,Houston Rockets,Golden State Warriors,0,-5.5,208.5,115,107,25,28,33,29,21,27,36,23,0,ESPN BET
nba,2025,3,2025-05-01,401768045,New York Knicks,Detroit Pistons,0,-1.5,213.5,116,113,37,22,37,20,23,38,24,28,0,ESPN BET
nba,2025,3,2025-05-01,401768065,Denver Nuggets,LA Clippers,0,-5.5,212.5,105,111,28,29,22,26,25,33,32,21,0,ESPN BET
nba,2025,3,2025-05-03,401768066,LA Clippers,Denver Nuggets,0,-1.5,206.5,101,120,26,21,19,35,21,37,35,27,0,ESPN BET
nba,2025,3,2025-05-04,401769689,Indiana Pacers,Cleveland Cavaliers,0,-8.5,228.5,121,112,36,28,28,29,25,33,32,22,0,ESPN BET
nba,2025,3,2025-05-04,401767914,Golden State Warriors,Houston Rockets,0,-2.5,205.5,103,89,23,28,19,33,19,20,23,27,0,ESPN BET
nba,2025,3,2025-05-05,401769820,Denver Nuggets,Oklahoma City Thunder,0,-10.5,229.5,121,119,26,24,35,36,27,33,30,29,0,ESPN BET
nba,2025,3,2025-05-05,401769746,New York Knicks,Boston Celtics,0,-8.5,212.5,108,105,25,20,30,25,26,35,23,16,1,ESPN BET
nba,2025,3,2025-05-07,401769821,Denver Nuggets,Oklahoma City Thunder,0,-10.5,230.5,106,149,21,35,20,30,45,42,37,25,0,ESPN BET
nba,2025,3,2025-05-06,401769740,Indiana Pacers,Cleveland Cavaliers,0,-5.5,226.5,120,119,15,35,34,36,32,29,37,21,0,ESPN BET
nba,2025,3,2025-05-06,401769837,Golden State Warriors,Minnesota Timberwolves,0,-5.5,210.5,99,88,18,26,36,19,20,11,29,28,0,ESPN BET
nba,2025,3,2025-05-08,401769838,Golden State Warriors,Minnesota Timberwolves,0,-11.5,201.5,93,117,15,24,26,28,29,27,29,32,0,ESPN BET
nba,2025,3,2025-05-07,401769747,New York Knicks,Boston Celtics,0,-10.5,210.5,91,90,13,28,20,30,24,26,23,17,0,ESPN BET
nba,2025,3,2025-05-09,401769741,Cleveland Cavaliers,Indiana Pacers,0,5.5,231.5,126,104,32,34,31,29,32,13,34,25,0,ESPN BET
nba,2025,3,2025-05-09,401769822,Oklahoma City Thunder,Denver Nuggets,0,6.5,231.5,104,113,28,28,27,19,22,29,29,22,1,ESPN BET
nba,2025,3,2025-05-10,401769839,Minnesota Timberwolves,Golden State Warriors,0,4.5,201.5,102,97,21,19,29,33,21,21,31,24,0,ESPN BET
nba,2025,3,2025-05-10,401769748,Boston Celtics,New York Knicks,0,5.5,209.5,115,93,36,35,25,19,20,26,24,23,0,ESPN BET
nba,2025,3,2025-05-11,401769742,Cleveland Cavaliers,Indiana Pacers,0,5.5,230.5,109,129,23,16,38,32,38,42,29,20,0,ESPN BET
nba,2025,3,2025-05-12,401769840,Minnesota Timberwolves,Golden State Warriors,0,4.5,201.5,117,110,27,31,39,20,28,32,17,33,0,ESPN BET
nba,2025,3,2025-05-12,401769749,Boston Celtics,New York Knicks,0,5.5,209.5,113,121,39,23,23,28,28,23,37,33,0,ESPN BET
nba,2025,3,2025-05-11,401769823,Oklahoma City Thunder,Denver Nuggets,0,6.5,227.5,92,87,17,25,21,29,8,28,33,18,0,ESPN BET
nba,2025,3,2025-05-14,401769750,New York Knicks,Boston Celtics,0,-5.5,207.5,102,127,32,27,17,26,30,29,32,36,0,ESPN BET
nba,2025,3,2025-05-13,401769990,Denver Nuggets,Oklahoma City Thunder,0,-10.5,221.5,105,112,28,28,30,19,27,27,24,34,0,ESPN BET
nba,2025,3,2025-05-13,401769743,Indiana Pacers,Cleveland Cavaliers,0,-8.5,230.5,114,105,19,33,33,29,31,25,20,29,0,ESPN BET
nba,2025,3,2025-05-14,401769987,Golden State Warriors,Minnesota Timberwolves,0,-9.5,203.5,110,121,23,24,25,38,30,32,31,28,0,ESPN BET
nba,2025,3,2025-05-15,401769991,Oklahoma City Thunder,Denver Nuggets,0,5.5,218.5,107,119,28,33,21,25,31,27,32,29,0,ESPN BET
nba,2025,3,2025-05-16,401769751,Boston Celtics,New York Knicks,0,-2.5,210.5,81,119,20,17,20,24,26,38,28,27,0,ESPN BET
nba,2025,3,2025-05-20,401773148,Minnesota Timberwolves,Oklahoma City Thunder,0,-7.5,219.5,88,114,23,25,18,22,20,24,32,38,0,ESPN BET
nba,2025,3,2025-05-18,401769992,Denver Nuggets,Oklahoma City Thunder,0,-8.5,213.5,93,125,26,20,26,21,21,39,37,28,0,ESPN BET
nba,2025,3,2025-05-21,401772989,Indiana Pacers,New York Knicks,0,-4.5,221.5,138,135,34,28,25,38,36,33,21,35,1,ESPN BET
nba,2025,3,2025-05-23,401772990,Indiana Pacers,New York Knicks,0,-5.5,223.5,114,109,24,25,32,33,26,26,29,28,0,ESPN BET
nba,2025,3,2025-05-22,401773149,Minnesota Timberwolves,Oklahoma City Thunder,0,-8.5,217.5,103,118,25,25,21,32,29,29,35,25,0,ESPN BET
nba,2025,3,2025-05-24,401773150,Oklahoma City Thunder,Minnesota Timberwolves,0,2.5,216.5,101,143,14,27,29,31,34,38,35,36,0,ESPN BET
nba,2025,3,2025-05-26,401773151,Oklahoma City Thunder,Minnesota Timberwolves,0,3.5,219.5,128,126,37,28,25,38,30,27,28,41,0,ESPN BET
nba,2025,3,2025-05-28,401773152,Minnesota Timberwolves,Oklahoma City Thunder,0,-8.5,221.5,94,124,9,23,30,32,26,39,23,36,0,ESPN BET
nba,2025,3,2025-05-25,401772991,New York Knicks,Indiana Pacers,0,-1.5,224.5,106,100,26,19,25,36,30,28,22,20,0,ESPN BET
nba,2025,3,2025-05-27,401772992,New York Knicks,Indiana Pacers,0,-3.5,218.5,121,130,35,29,27,30,43,26,33,28,0,ESPN BET
nba,2025,3,2025-05-29,401772993,Indiana Pacers,New York Knicks,0,-4.5,222.5,94,111,23,22,28,21,27,29,34,21,0,ESPN BET
nba,2025,3,2025-06-05,401766122,Indiana Pacers,Oklahoma City Thunder,0,-10.5,229.5,111,110,20,25,31,35,29,28,28,25,0,ESPN BET
nba,2025,3,2025-05-31,401772994,New York Knicks,Indiana Pacers,0,-3.5,222.5,108,125,24,30,23,31,25,33,34,33,0,ESPN BET
nba,2025,3,2025-06-11,401766124,Oklahoma City Thunder,Indiana Pacers,0,4.5,225.5,107,116,32,28,29,18,24,40,20,32,0,ESPN BET
nba,2025,3,2025-06-08,401766123,Indiana Pacers,Oklahoma City Thunder,0,-11.5,227.5,107,123,20,21,33,33,26,33,34,30,0,ESPN BET
nba,2025,3,2025-06-16,401766126,Indiana Pacers,Oklahoma City Thunder,0,-8.5,223.5,109,120,22,23,34,30,32,27,28,33,0,ESPN BET
nba,2025,3,2025-06-13,401766125,Oklahoma City Thunder,Indiana Pacers,0,6.5,227.5,111,104,34,23,23,31,35,25,27,17,0,ESPN BET
nba,2025,3,2025-06-19,401766127,Oklahoma City Thunder,Indiana Pacers,0,5.5,222.5,91,108,25,17,18,31,28,36,26,18,0,ESPN BET
nba,2025,3,2025-06-22,401766128,Indiana Pacers,Oklahoma City Thunder,0,-6.5,215.5,91,103,22,26,20,23,25,22,34,22,0,ESPN BET
nba,2026,2,2025-10-21,401809243,Houston Rockets,Oklahoma City Thunder,0,-6.5,224.5,124,125,30,27,22,25,27,24,24,29,2,ESPN BET
nba,2026,2,2025-10-21,401809244,Golden State Warriors,Los Angeles Lakers,0,2.5,227.5,119,109,28,27,35,29,22,32,25,30,0,ESPN BET
nba,2026,2,2025-10-22,401809933,Brooklyn Nets,Charlotte Hornets,0,-5.5,228.5,117,136,32,28,37,20,38,39,34,25,0,ESPN BET
nba,2026,2,2025-10-22,401809937,Detroit Pistons,Chicago Bulls,0,3.5,236.5,111,115,19,30,30,32,35,29,30,21,0,ESPN BET
nba,2026,2,2025-10-22,401809234,Cleveland Cavaliers,New York Knicks,0,1.5,228.5,111,119,23,27,37,24,33,32,22,32,0,ESPN BET
nba,2026,2,2025-10-22,401809942,Minnesota Timberwolves,Portland Trail Blazers,0,4.5,222.5,118,114,33,24,31,30,35,26,34,19,0,ESPN BET
nba,2026,2,2025-10-22,401809938,New Orleans Pelicans,Memphis Grizzlies,0,-3.5,236.5,122,128,30,37,22,33,27,29,41,31,0,ESPN BET
nba,2026,2,2025-10-22,401809235,San Antonio Spurs,Dallas Mavericks,0,-3.5,223.5,125,92,28,32,33,32,29,22,21,20,0,ESPN BET
nba,2026,2,2025-10-22,401809935,Toronto Raptors,Atlanta Hawks,0,-5.5,237.5,138,118,36,29,45,28,34,25,28,31,0,ESPN BET
nba,2026,2,2025-10-22,401809939,Washington Wizards,Milwaukee Bucks,0,-8.5,228.5,120,133,23,30,37,30,40,32,29,32,0,ESPN BET
nba,2026,2,2025-10-22,401809941,Sacramento Kings,Phoenix Suns,0,-3.5,228.5,116,120,29,42,21,24,19,35,36,30,0,ESPN BET
nba,2026,2,2025-10-23,401809236,Oklahoma City Thunder,Indiana Pacers,0,7.5,230.5,141,135,22,32,27,32,25,22,31,35,2,ESPN BET
nba,2026,2,2025-10-22,401809940,LA Clippers,Utah Jazz,0,10.5,225.5,108,129,19,28,33,28,43,35,30,21,0,ESPN BET
nba,2026,2,2025-10-22,401809934,Miami Heat,Orlando Magic,0,-8.5,215.5,121,125,39,26,26,30,38,31,21,35,0,ESPN BET
nba,2026,2,2025-10-23,401809237,Denver Nuggets,Golden State Warriors,0,-1.5,232.5,131,137,31,39,24,26,27,34,33,26,1,ESPN BET
nba,2026,2,2025-10-22,401809936,Philadelphia 76ers,Boston Celtics,0,-5.5,229.5,117,116,26,31,18,42,28,23,35,30,0,ESPN BET
nba,2026,2,2025-10-24,401809944,Cleveland Cavaliers,Brooklyn Nets,0,11.5,230.5,131,124,34,29,45,23,23,28,35,38,0,ESPN BET
nba,2026,2,2025-10-24,401809943,Atlanta Hawks,Orlando Magic,0,-5.5,235.5,111,107,25,26,27,33,24,37,25,21,0,ESPN BET
nba,2026,2,2025-10-24,401809949,San Antonio Spurs,New Orleans Pelicans,0,3.5,233.5,120,116,30,27,25,25,27,31,22,27,1,ESPN BET
nba,2026,2,2025-10-24,401809945,Boston Celtics,New York Knicks,0,-4.5,231.5,95,105,30,14,21,30,22,42,18,23,0,ESPN BET
nba,2026,2,2025-10-24,401809946,Milwaukee Bucks,Toronto Raptors,0,-2.5,235.5,122,116,27,25,34,36,19,35,32,30,0,ESPN BET
nba,2026,2,2025-10-24,401809947,Detroit Pistons,Houston Rockets,0,-6.5,226.5,115,111,32,31,24,28,33,23,30,25,0,ESPN BET
nba,2026,2,2025-10-24,401809948,Miami Heat,Memphis Grizzlies,0,-3.5,232.5,146,114,44,42,28,32,25,22,29,38,0,ESPN BET
nba,2026,2,2025-10-25,401809955,Chicago Bulls,Orlando Magic,0,-6.5,233.5,110,98,29,23,31,27,30,19,31,18,0,ESPN BET
nba,2026,2,2025-10-25,401809957,Charlotte Hornets,Philadelphia 76ers,0,-4.5,237.5,121,125,29,29,38,25,36,25,25,39,0,ESPN BET
nba,2026,2,2025-10-24,401809950,Washington Wizards,Dallas Mavericks,0,-9.5,228.5,117,107,28,30,33,26,35,17,26,29,0,ESPN BET
nba,2026,2,2025-10-24,401809953,Utah Jazz,Sacramento Kings,0,-6.5,235.5,104,105,24,22,30,28,31,18,29,27,0,ESPN BET
nba,2026,2,2025-10-24,401809954,Phoenix Suns,LA Clippers,0,-10.5,223.5,102,129,33,23,21,25,34,38,34,23,0,ESPN BET
nba,2026,2,2025-10-25,401809958,Indiana Pacers,Memphis Grizzlies,0,-1.5,240.5,103,128,21,31,32,19,23,37,43,25,0,ESPN BET
nba,2026,2,2025-10-24,401809952,Golden State Warriors,Portland Trail Blazers,0,2.5,228.5,119,139,28,28,35,28,28,41,34,36,0,ESPN BET
nba,2026,2,2025-10-24,401809951,Minnesota Timberwolves,Los Angeles Lakers,0,1.5,225.5,110,128,40,23,31,16,36,32,40,20,0,ESPN BET
nba,2026,2,2025-10-25,401809956,Oklahoma City Thunder,Atlanta Hawks,0,8.5,236.5,117,100,31,29,39,18,26,29,25,20,0,ESPN BET
nba,2026,2,2025-10-25,401809959,Phoenix Suns,Denver Nuggets,0,-12.5,233.5,111,133,28,26,29,28,34,37,29,33,0,ESPN BET
nba,2026,2,2025-10-26,401809960,Brooklyn Nets,San Antonio Spurs,0,-10.5,227.5,107,118,24,24,33,26,31,38,19,30,0,ESPN BET
nba,2026,2,2025-10-26,401809962,Milwaukee Bucks,Cleveland Cavaliers,0,-6.5,233.5,113,118,31,25,28,29,29,36,21,32,0,ESPN BET
nba,2026,2,2025-10-26,401809964,Charlotte Hornets,Washington Wizards,0,-1.5,240.5,139,113,31,20,44,44,30,32,26,25,0,ESPN BET
nba,2026,2,2025-10-26,401809966,Toronto Raptors,Dallas Mavericks,0,1.5,232.5,129,139,32,34,25,38,32,32,39,36,0,ESPN BET
nba,2026,2,2025-10-26,401809965,Indiana Pacers,Minnesota Timberwolves,0,-11.5,228.5,110,114,28,32,17,33,28,30,28,28,0,ESPN BET
nba,2026,2,2025-10-26,401809967,Portland Trail Blazers,LA Clippers,0,-8.5,225.5,107,114,23,37,22,25,34,21,32,27,0,ESPN BET
nba,2026,2,2025-10-26,401809961,Boston Celtics,Detroit Pistons,0,-2.5,227.5,113,119,33,25,23,32,24,36,34,25,0,ESPN BET
nba,2026,2,2025-10-26,401809963,New York Knicks,Miami Heat,0,2.5,230.5,107,115,27,27,27,26,24,33,31,27,0,ESPN BET
nba,2026,2,2025-10-27,401809969,Orlando Magic,Philadelphia 76ers,0,6.5,227.5,124,136,28,32,34,30,33,39,29,35,0,ESPN BET
nba,2026,2,2025-10-26,401809968,Los Angeles Lakers,Sacramento Kings,0,-2.5,225.5,127,120,36,26,33,32,27,35,28,30,0,ESPN BET
nba,2026,2,2025-10-27,401809245,Cleveland Cavaliers,Detroit Pistons,0,1.5,231.5,116,95,33,30,27,26,24,17,25,29,0,ESPN BET
nba,2026,2,2025-10-27,401809971,Brooklyn Nets,Houston Rockets,0,-15.5,224.5,109,137,25,35,17,32,42,29,32,34,0,ESPN BET
nba,2026,2,2025-10-27,401809972,Boston Celtics,New Orleans Pelicans,0,4.5,231.5,122,90,34,31,22,35,26,28,24,12,0,ESPN BET
nba,2026,2,2025-10-27,401809973,Toronto Raptors,San Antonio Spurs,0,-4.5,233.5,103,121,29,21,28,25,41,28,26,26,0,ESPN BET
nba,2026,2,2025-10-27,401809970,Atlanta Hawks,Chicago Bulls,0,2.5,243.5,123,128,35,23,34,31,27,30,41,30,0,ESPN BET
nba,2026,2,2025-10-27,401809974,Oklahoma City Thunder,Dallas Mavericks,0,9.5,226.5,101,94,28,20,39,14,24,18,27,25,0,ESPN BET
nba,2026,2,2025-10-27,401809975,Phoenix Suns,Utah Jazz,0,-1.5,230.5,134,138,27,34,25,38,39,25,30,30,1,ESPN BET
nba,2026,2,2025-10-27,401809246,Denver Nuggets,Minnesota Timberwolves,0,6.5,229.5,127,114,34,23,45,25,30,35,29,20,0,ESPN BET
nba,2026,2,2025-10-28,401809978,Philadelphia 76ers,Washington Wizards,0,4.5,239.5,139,134,32,36,26,32,40,32,38,16,1,ESPN BET
nba,2026,2,2025-10-27,401809976,Memphis Grizzlies,Golden State Warriors,0,-8.5,240.5,118,131,37,24,24,33,36,29,36,30,0,ESPN BET
nba,2026,2,2025-10-27,401809977,Portland Trail Blazers,Los Angeles Lakers,0,3.5,227.5,122,108,28,29,32,33,24,27,26,31,0,ESPN BET
nba,2026,2,2025-10-28,401809980,New York Knicks,Milwaukee Bucks,0,2.5,230.5,111,121,26,45,20,20,27,32,35,27,0,ESPN BET
nba,2026,2,2025-10-28,401809982,LA Clippers,Golden State Warriors,0,1.5,224.5,79,98,25,24,14,16,33,13,32,20,0,ESPN BET
nba,2026,2,2025-10-29,401809984,Orlando Magic,Detroit Pistons,0,1.5,226.5,116,135,36,28,28,24,29,36,36,34,0,ESPN BET
nba,2026,2,2025-10-29,401809983,Cleveland Cavaliers,Boston Celtics,0,3.5,233.5,105,125,42,18,25,20,40,35,23,27,0,ESPN BET
nba,2026,2,2025-10-28,401809979,Charlotte Hornets,Miami Heat,0,-4.5,240.5,117,144,34,26,28,29,37,39,29,39,0,ESPN BET
nba,2026,2,2025-10-28,401809981,Sacramento Kings,Oklahoma City Thunder,0,-8.5,226.5,101,107,29,33,21,18,24,34,22,27,0,ESPN BET
nba,2026,2,2025-10-29,401809986,Houston Rockets,Toronto Raptors,0,5.5,233.5,139,121,39,31,36,33,30,33,28,30,0,ESPN BET
nba,2026,2,2025-10-29,401809985,Atlanta Hawks,Brooklyn Nets,0,8.5,239.5,117,112,34,30,30,23,27,24,32,29,0,ESPN BET
nba,2026,2,2025-10-29,401809987,Sacramento Kings,Chicago Bulls,0,-4.5,238.5,113,126,33,31,27,22,36,26,39,25,0,ESPN BET
nba,2026,2,2025-10-29,401809988,Indiana Pacers,Dallas Mavericks,0,-5.5,229.5,105,107,30,25,19,31,25,27,29,26,0,ESPN BET
nba,2026,2,2025-10-29,401809989,New Orleans Pelicans,Denver Nuggets,0,-11.5,237.5,88,122,25,22,11,30,34,19,39,30,0,ESPN BET
nba,2026,2,2025-10-29,401809990,Portland Trail Blazers,Utah Jazz,0,3.5,235.5,136,134,33,46,38,19,43,30,25,36,0,ESPN BET
nba,2026,2,2025-10-30,401809993,Orlando Magic,Charlotte Hornets,0,3.5,238.5,123,107,38,33,21,31,31,27,27,22,0,ESPN BET
nba,2026,2,2025-10-29,401809992,Memphis Grizzlies,Phoenix Suns,0,2.5,242.5,114,113,27,22,32,33,26,27,25,35,0,ESPN BET
nba,2026,2,2025-10-30,401809994,Golden State Warriors,Milwaukee Bucks,0,7.5,228.5,110,120,25,33,26,26,34,26,27,33,0,ESPN BET
nba,2026,2,2025-10-29,401809991,Los Angeles Lakers,Minnesota Timberwolves,0,-7.5,224.5,116,115,32,30,35,19,34,24,28,29,0,ESPN BET
nba,2026,2,2025-10-30,401809996,Miami Heat,San Antonio Spurs,0,-5.5,228.5,101,107,31,27,14,29,33,26,28,20,0,ESPN BET
nba,2026,2,2025-10-30,401809995,Washington Wizards,Oklahoma City Thunder,0,-15.5,231.5,108,127,20,29,35,24,28,31,33,35,0,ESPN BET
nba,2026,2,2025-10-31,401809502,Atlanta Hawks,Indiana Pacers,0,2.5,232.5,128,108,32,31,34,31,29,30,17,32,0,ESPN BET
nba,2026,2,2025-10-31,401809503,Boston Celtics,Philadelphia 76ers,0,1.5,233.5,109,108,38,30,21,20,25,32,25,26,0,ESPN BET
nba,2026,2,2025-10-31,401809504,Toronto Raptors,Cleveland Cavaliers,0,-4.5,237.5,112,101,30,18,33,31,22,21,34,24,0,ESPN BET
nba,2026,2,2025-10-31,401809505,New York Knicks,Chicago Bulls,0,5.5,233.5,125,135,27,26,38,34,35,37,28,35,0,ESPN BET
nba,2026,2,2025-10-31,401809507,Utah Jazz,Phoenix Suns,0,-3.5,236.5,96,118,17,23,27,29,37,17,29,35,0,ESPN BET
nba,2026,2,2025-10-31,401809506,Los Angeles Lakers,Memphis Grizzlies,0,1.5,238.5,117,112,31,24,34,28,27,42,22,21,0,ESPN BET
nba,2026,2,2025-10-31,401809508,Denver Nuggets,Portland Trail Blazers,0,5.5,240.5,107,109,26,31,24,26,18,35,18,38,0,ESPN BET
nba,2026,2,2025-10-31,401809509,New Orleans Pelicans,LA Clippers,0,-10.5,223.5,124,126,28,31,25,40,26,41,27,32,0,ESPN BET
nba,2026,2,2025-11-01,401809997,Sacramento Kings,Milwaukee Bucks,0,-6.5,232.5,135,133,36,34,38,27,47,24,31,31,0,ESPN BET
nba,2026,2,2025-11-01,401810000,Orlando Magic,Washington Wizards,0,9.5,233.5,125,94,32,43,28,22,35,21,19,19,0,ESPN BET
nba,2026,2,2025-11-01,401809999,Golden State Warriors,Indiana Pacers,0,10.5,230.5,109,114,32,26,30,21,28,25,29,32,0,ESPN BET
nba,2026,2,2025-11-01,401809998,Minnesota Timberwolves,Charlotte Hornets,0,4.5,235.5,122,105,25,25,36,36,31,25,18,31,0,ESPN BET
nba,2026,2,2025-11-01,401810002,Dallas Mavericks,Detroit Pistons,1,-7.5,227.5,110,122,30,31,32,17,27,32,28,35,0,ESPN BET
nba,2026,2,2025-11-02,401810004,Philadelphia 76ers,Brooklyn Nets,0,4.5,232.5,129,105,40,33,17,39,37,18,23,27,0,ESPN BET
nba,2026,2,2025-11-02,401810003,New Orleans Pelicans,Oklahoma City Thunder,0,-13.5,228.5,106,137,22,30,30,24,39,36,33,29,0,ESPN BET
nba,2026,2,2025-11-01,401810001,Houston Rockets,Boston Celtics,0,4.5,226.5,128,101,37,29,31,31,24,24,24,29,0,ESPN BET
nba,2026,2,2025-11-02,401810008,Chicago Bulls,New York Knicks,0,-8.5,235.5,116,128,24,36,29,27,34,34,37,23,0,ESPN BET
nba,2026,2,2025-11-02,401810006,Atlanta Hawks,Cleveland Cavaliers,0,-6.5,230.5,109,117,22,30,24,33,31,19,28,39,0,ESPN BET
nba,2026,2,2025-11-02,401810007,Memphis Grizzlies,Toronto Raptors,0,-4.5,238.5,104,117,23,24,24,33,26,27,31,33,0,ESPN BET
nba,2026,2,2025-11-02,401810005,Utah Jazz,Charlotte Hornets,0,1.5,232.5,103,126,25,23,38,17,39,32,33,22,0,ESPN BET
nba,2026,2,2025-11-02,401810009,San Antonio Spurs,Phoenix Suns,0,5.5,227.5,118,130,24,28,26,40,31,39,32,28,0,ESPN BET
nba,2026,2,2025-11-03,401810011,Minnesota Timberwolves,Brooklyn Nets,0,9.5,225.5,125,109,28,35,28,34,28,31,29,21,0,ESPN BET
nba,2026,2,2025-11-02,401810010,Miami Heat,Los Angeles Lakers,0,-4.5,232.5,120,130,36,27,35,22,43,34,25,28,0,ESPN BET
nba,2026,2,2025-11-03,401810012,Milwaukee Bucks,Indiana Pacers,0,6.5,235.5,117,115,31,25,28,33,22,31,24,38,0,ESPN BET
nba,2026,2,2025-11-03,401810013,Utah Jazz,Boston Celtics,0,-10.5,233.5,105,103,21,15,38,31,25,21,26,31,0,ESPN BET
nba,2026,2,2025-11-03,401810014,Washington Wizards,New York Knicks,0,-13.5,234.5,102,119,30,24,24,24,22,35,41,21,0,ESPN BET
nba,2026,2,2025-11-03,401810015,Dallas Mavericks,Houston Rockets,0,-12.5,226.5,102,110,28,27,23,24,24,34,23,29,0,ESPN BET
nba,2026,2,2025-11-03,401810016,Detroit Pistons,Memphis Grizzlies,0,4.5,235.5,114,106,32,26,25,31,25,23,26,32,0,ESPN BET
nba,2026,2,2025-11-03,401810019,Miami Heat,LA Clippers,0,-7.5,227.5,120,119,32,34,37,17,30,41,24,24,0,ESPN BET
nba,2026,2,2025-11-03,401810018,Los Angeles Lakers,Portland Trail Blazers,0,-10.5,227.5,123,115,24,28,38,33,33,20,33,29,0,ESPN BET
nba,2026,2,2025-11-03,401810017,Sacramento Kings,Denver Nuggets,0,-11.5,237.5,124,130,30,33,30,31,39,33,32,26,0,ESPN BET
nba,2026,2,2025-11-04,401810022,Philadelphia 76ers,Chicago Bulls,0,-2.5,240.5,111,113,45,30,20,16,27,29,28,29,0,ESPN BET
nba,2026,2,2025-11-05,401810026,Philadelphia 76ers,Cleveland Cavaliers,0,-12.5,235.5,121,132,27,40,20,34,41,29,37,25,0,ESPN BET
nba,2026,2,2025-11-04,401810024,Phoenix Suns,Golden State Warriors,0,-10.5,235.5,107,118,19,30,34,24,33,35,24,26,0,ESPN BET
nba,2026,2,2025-11-04,401810025,Oklahoma City Thunder,LA Clippers,0,8.5,219.5,126,107,23,33,38,32,33,24,29,21,0,ESPN BET
nba,2026,2,2025-11-04,401810023,Charlotte Hornets,New Orleans Pelicans,0,-3.5,229.5,112,116,30,29,34,19,33,28,26,29,0,ESPN BET
nba,2026,2,2025-11-04,401810020,Milwaukee Bucks,Toronto Raptors,0,-2.5,237.5,100,128,29,25,26,20,39,34,32,23,0,ESPN BET
nba,2026,2,2025-11-04,401810021,Orlando Magic,Atlanta Hawks,0,3.5,228.5,112,127,23,24,30,35,32,32,34,29,0,ESPN BET
nba,2026,2,2025-11-05,401810027,Utah Jazz,Detroit Pistons,0,-9.5,233.5,103,114,30,25,14,34,28,25,25,36,0,ESPN BET
nba,2026,2,2025-11-05,401810029,Washington Wizards,Boston Celtics,0,-13.5,232.5,107,136,37,23,20,27,26,44,32,34,0,ESPN BET
nba,2026,2,2025-11-05,401810028,Brooklyn Nets,Indiana Pacers,0,-6.5,232.5,112,103,25,29,26,32,18,41,24,20,0,ESPN BET
nba,2026,2,2025-11-05,401810030,Minnesota Timberwolves,New York Knicks,0,-3.5,228.5,114,137,26,32,28,28,28,26,40,43,0,ESPN BET
nba,2026,2,2025-11-05,401810031,Houston Rockets,Memphis Grizzlies,0,6.5,232.5,124,109,34,26,34,30,22,29,29,29,0,ESPN BET
nba,2026,2,2025-11-05,401810032,New Orleans Pelicans,Dallas Mavericks,0,-8.5,225.5,101,99,29,23,26,23,19,30,28,22,0,ESPN BET
nba,2026,2,2025-11-05,401810035,Oklahoma City Thunder,Portland Trail Blazers,0,3.5,231.5,119,121,41,24,21,33,21,36,24,40,0,ESPN BET
nba,2026,2,2025-11-05,401810036,Golden State Warriors,Sacramento Kings,0,-3.5,225.5,116,121,32,30,23,31,25,32,35,29,0,ESPN BET
nba,2026,2,2025-11-05,401810034,San Antonio Spurs,Los Angeles Lakers,0,1.5,228.5,116,118,29,30,37,20,26,34,28,30,0,ESPN BET
nba,2026,2,2025-11-05,401810033,Miami Heat,Denver Nuggets,0,-9.5,242.5,112,122,33,27,26,26,36,32,33,21,0,ESPN BET
nba,2026,2,2025-11-06,401810037,LA Clippers,Phoenix Suns,0,-2.5,224.5,102,115,27,24,23,28,31,17,40,27,0,ESPN BET
nba,2026,2,2025-11-07,401809510,Boston Celtics,Orlando Magic,0,-3.5,226.5,110,123,25,26,29,30,38,21,25,39,0,ESPN BET
nba,2026,2,2025-11-07,401809773,Detroit Pistons,Brooklyn Nets,0,10.5,227.5,125,107,27,33,34,31,29,26,19,33,0,ESPN BET
nba,2026,2,2025-11-07,401809775,Charlotte Hornets,Miami Heat,0,-7.5,236.5,108,126,33,36,19,20,53,19,22,32,0,ESPN BET
nba,2026,2,2025-11-07,401809774,Houston Rockets,San Antonio Spurs,0,4.5,224.5,110,121,25,25,32,28,23,28,35,35,0,ESPN BET
nba,2026,2,2025-11-07,401809777,Chicago Bulls,Milwaukee Bucks,0,-4.5,239.5,110,126,25,27,28,30,23,30,32,41,0,ESPN BET
nba,2026,2,2025-11-07,401809511,Cleveland Cavaliers,Washington Wizards,0,13.5,241.5,148,115,39,37,33,39,26,34,27,28,0,ESPN BET
nba,2026,2,2025-11-07,401809512,Toronto Raptors,Atlanta Hawks,0,-2.5,234.5,109,97,26,18,29,36,26,27,24,20,0,ESPN BET
nba,2026,2,2025-11-07,401809776,Dallas Mavericks,Memphis Grizzlies,0,-4.5,232.5,104,118,24,27,29,24,34,40,28,16,0,ESPN BET
nba,2026,2,2025-11-07,401809778,Utah Jazz,Minnesota Timberwolves,0,-12.5,233.5,97,137,15,30,22,30,43,36,25,33,0,ESPN BET
nba,2026,2,2025-11-08,401810040,Los Angeles Lakers,Atlanta Hawks,0,5.5,228.5,102,122,29,25,18,30,37,31,30,24,0,ESPN BET
nba,2026,2,2025-11-07,401809779,Golden State Warriors,Denver Nuggets,0,-9.5,230.5,104,129,21,28,28,27,32,34,33,30,0,ESPN BET
nba,2026,2,2025-11-08,401810038,Dallas Mavericks,Washington Wizards,0,4.5,233.5,111,105,35,22,25,29,24,29,33,19,0,ESPN BET
nba,2026,2,2025-11-08,401810039,Toronto Raptors,Philadelphia 76ers,0,-5.5,236.5,120,130,43,20,34,23,33,35,33,29,0,ESPN BET
nba,2026,2,2025-11-08,401810041,Chicago Bulls,Cleveland Cavaliers,0,-8.5,239.5,122,128,29,43,26,24,32,24,40,32,0,ESPN BET
nba,2026,2,2025-11-07,401809780,Oklahoma City Thunder,Sacramento Kings,0,11.5,234.5,132,101,30,40,28,34,32,24,27,18,0,ESPN BET
nba,2026,2,2025-11-08,401810042,Portland Trail Blazers,Miami Heat,0,3.5,241.5,131,136,30,35,32,34,27,45,28,36,0,ESPN BET
nba,2026,2,2025-11-08,401810043,New Orleans Pelicans,San Antonio Spurs,0,-11.5,222.5,119,126,22,36,27,34,28,38,26,34,0,ESPN BET
nba,2026,2,2025-11-08,401810044,Indiana Pacers,Denver Nuggets,0,-9.5,233.5,100,117,18,29,35,18,31,25,39,22,0,ESPN BET
nba,2026,2,2025-11-08,401810045,Phoenix Suns,LA Clippers,0,-4.5,226.5,114,103,35,25,25,29,29,17,34,23,0,ESPN BET
nba,2026,2,2025-11-09,401810046,Houston Rockets,Milwaukee Bucks,0,3.5,232.5,122,115,28,22,32,40,30,31,24,30,0,ESPN BET
nba,2026,2,2025-11-09,401810047,Brooklyn Nets,New York Knicks,0,-15.5,226.5,98,134,22,40,17,19,40,37,35,22,0,ESPN BET
nba,2026,2,2025-11-09,401810049,Oklahoma City Thunder,Memphis Grizzlies,0,10.5,231.5,114,100,25,26,34,29,33,29,18,20,0,ESPN BET
nba,2026,2,2025-11-09,401810048,Boston Celtics,Orlando Magic,0,-3.5,227.5,111,107,30,24,24,33,33,21,26,27,0,ESPN BET
nba,2026,2,2025-11-09,401810050,Detroit Pistons,Philadelphia 76ers,0,4.5,233.5,111,108,37,17,34,23,32,32,21,23,0,ESPN BET
nba,2026,2,2025-11-09,401810051,Indiana Pacers,Golden State Warriors,0,-13.5,221.5,83,114,21,20,24,18,23,25,27,39,0,ESPN BET
nba,2026,2,2025-11-10,401810053,Los Angeles Lakers,Charlotte Hornets,0,8.5,230.5,121,111,36,29,31,25,40,23,15,33,0,ESPN BET
nba,2026,2,2025-11-10,401810054,Washington Wizards,Detroit Pistons,0,-10.5,236.5,135,137,37,24,35,31,36,31,20,40,1,ESPN BET
nba,2026,2,2025-11-10,401810056,Cleveland Cavaliers,Miami Heat,0,7.5,248.5,138,140,30,23,39,36,25,37,39,27,1,ESPN BET
nba,2026,2,2025-11-10,401810057,San Antonio Spurs,Chicago Bulls,0,5.5,235.5,121,117,34,29,26,32,26,38,34,19,0,ESPN BET
nba,2026,2,2025-11-09,401810052,Minnesota Timberwolves,Sacramento Kings,0,4.5,237.5,144,117,31,40,40,33,25,29,30,33,0,ESPN BET
nba,2026,2,2025-11-10,401810058,Milwaukee Bucks,Dallas Mavericks,0,3.5,228.5,116,114,27,26,26,37,31,26,31,26,0,ESPN BET
nba,2026,2,2025-11-10,401810055,Portland Trail Blazers,Orlando Magic,0,-2.5,234.5,112,115,24,32,20,36,26,33,28,28,0,ESPN BET
nba,2026,2,2025-11-10,401810059,New Orleans Pelicans,Phoenix Suns,0,-7.5,226.5,98,121,22,19,31,26,29,35,32,25,0,ESPN BET
nba,2026,2,2025-11-10,401810060,Minnesota Timberwolves,Utah Jazz,0,7.5,235.5,120,113,26,27,40,27,30,25,25,33,0,ESPN BET
nba,2026,2,2025-11-11,401810064,Boston Celtics,Philadelphia 76ers,0,1.5,230.5,100,102,22,19,36,23,23,28,20,31,0,ESPN BET
nba,2026,2,2025-11-10,401810061,Atlanta Hawks,LA Clippers,0,-4.5,221.5,105,102,19,33,27,26,29,23,24,26,0,ESPN BET
nba,2026,2,2025-11-11,401810062,Toronto Raptors,Brooklyn Nets,0,9.5,230.5,119,109,28,32,29,30,30,22,29,28,0,ESPN BET
nba,2026,2,2025-11-11,401810063,Memphis Grizzlies,New York Knicks,0,-10.5,233.5,120,133,30,24,39,27,42,35,37,19,0,ESPN BET
nba,2026,2,2025-11-11,401810065,Golden State Warriors,Oklahoma City Thunder,0,-7.5,227.5,102,126,25,19,28,30,34,29,44,19,0,ESPN BET
nba,2026,2,2025-11-11,401810066,Indiana Pacers,Utah Jazz,0,2.5,233.5,128,152,34,23,34,37,38,32,44,38,0,ESPN BET
nba,2026,2,2025-11-11,401810067,Denver Nuggets,Sacramento Kings,0,8.5,244.5,122,108,33,27,25,37,34,22,26,26,0,ESPN BET
nba,2026,2,2025-11-12,401810073,Washington Wizards,Houston Rockets,0,-17.5,238.5,112,135,29,25,33,25,40,41,22,32,0,ESPN BET
nba,2026,2,2025-11-12,401810071,Memphis Grizzlies,Boston Celtics,0,-8.5,228.5,95,131,26,20,28,21,34,33,33,31,0,ESPN BET
nba,2026,2,2025-11-12,401810074,Portland Trail Blazers,New Orleans Pelicans,0,8.5,232.5,125,117,30,27,38,30,25,34,26,32,0,ESPN BET
nba,2026,2,2025-11-12,401810070,Orlando Magic,New York Knicks,0,-3.5,227.5,124,107,30,32,29,33,23,19,31,34,0,ESPN BET
nba,2026,2,2025-11-12,401810072,Cleveland Cavaliers,Miami Heat,0,-4.5,239.5,130,116,29,37,27,37,38,31,28,19,0,ESPN BET
nba,2026,2,2025-11-12,401810068,Milwaukee Bucks,Charlotte Hornets,0,2.5,228.5,100,111,27,23,22,28,35,24,24,28,0,ESPN BET
nba,2026,2,2025-11-12,401810069,Chicago Bulls,Detroit Pistons,0,3.5,229.5,113,124,23,29,27,34,35,33,27,29,0,ESPN BET
nba,2026,2,2025-11-12,401810075,Golden State Warriors,San Antonio Spurs,0,-3.5,232.5,125,120,14,35,43,33,28,28,28,36,0,ESPN BET
nba,2026,2,2025-11-12,401810076,Phoenix Suns,Dallas Mavericks,0,1.5,227.5,123,114,30,33,32,28,28,25,28,33,0,ESPN BET
nba,2026,2,2025-11-12,401810079,Denver Nuggets,LA Clippers,0,4.5,223.5,130,116,39,24,43,24,35,33,22,26,0,ESPN BET
nba,2026,2,2025-11-13,401810080,Toronto Raptors,Cleveland Cavaliers,0,-7.5,237.5,126,113,29,38,23,36,30,24,31,28,0,ESPN BET
nba,2026,2,2025-11-12,401810077,Los Angeles Lakers,Oklahoma City Thunder,0,-8.5,229.5,92,121,18,20,26,28,30,40,30,21,0,ESPN BET
nba,2026,2,2025-11-12,401810078,Atlanta Hawks,Sacramento Kings,0,4.5,229.5,133,100,37,29,39,28,34,12,22,32,0,ESPN BET
nba,2026,2,2025-11-13,401810081,Indiana Pacers,Phoenix Suns,0,-3.5,233.5,98,133,23,29,32,14,31,39,36,27,0,ESPN BET
nba,2026,2,2025-11-13,401810082,Atlanta Hawks,Utah Jazz,0,1.5,234.5,132,122,42,38,23,29,33,34,36,19,0,ESPN BET
nba,2026,2,2025-11-14,401809781,Miami Heat,New York Knicks,0,-6.5,240.5,132,140,35,33,36,28,32,46,32,30,0,ESPN BET
nba,2026,2,2025-11-14,401809787,Los Angeles Lakers,New Orleans Pelicans,0,9.5,227.5,118,104,35,30,30,23,25,27,25,27,0,ESPN BET
nba,2026,2,2025-11-14,401809786,Sacramento Kings,Minnesota Timberwolves,0,-11.5,240.5,110,124,30,31,30,19,35,26,31,32,0,ESPN BET
nba,2026,2,2025-11-14,401809783,Philadelphia 76ers,Detroit Pistons,0,-1.5,229.5,105,114,27,27,36,15,28,35,25,26,0,ESPN BET
nba,2026,2,2025-11-14,401809784,Portland Trail Blazers,Houston Rockets,0,-7.5,236.5,116,140,32,28,31,25,41,28,36,35,0,ESPN BET
nba,2026,2,2025-11-14,401809785,Charlotte Hornets,Milwaukee Bucks,0,-9.5,238.5,134,147,33,36,29,31,34,27,42,26,1,ESPN BET
nba,2026,2,2025-11-14,401809788,LA Clippers,Dallas Mavericks,0,3.5,220.5,133,127,34,28,31,21,31,24,31,28,2,ESPN BET
nba,2026,2,2025-11-14,401809782,Brooklyn Nets,Orlando Magic,0,-14.5,224.5,98,105,36,22,24,16,27,27,25,26,0,ESPN BET
nba,2026,2,2025-11-15,401810083,Memphis Grizzlies,Cleveland Cavaliers,0,-10.5,241.5,100,108,32,29,23,16,28,26,22,32,0,ESPN BET
nba,2026,2,2025-11-14,401809789,Golden State Warriors,San Antonio Spurs,0,-2.5,233.5,109,108,18,29,30,32,20,25,34,29,0,ESPN BET
nba,2026,2,2025-11-15,401810084,Oklahoma City Thunder,Charlotte Hornets,0,17.5,224.5,109,96,30,25,32,22,30,22,18,26,0,ESPN BET
nba,2026,2,2025-11-16,401810088,LA Clippers,Boston Celtics,0,-5.5,218.5,118,121,30,19,36,33,37,26,27,31,0,ESPN BET
nba,2026,2,2025-11-15,401810086,Los Angeles Lakers,Milwaukee Bucks,0,-1.5,229.5,119,95,30,35,27,27,18,16,38,23,0,ESPN BET
nba,2026,2,2025-11-15,401810087,Denver Nuggets,Minnesota Timberwolves,0,1.5,237.5,123,112,29,26,32,36,31,29,26,26,0,ESPN BET
nba,2026,2,2025-11-15,401810085,Toronto Raptors,Indiana Pacers,0,6.5,235.5,129,111,32,30,39,28,29,24,32,26,0,ESPN BET
nba,2026,2,2025-11-16,401810089,Sacramento Kings,San Antonio Spurs,0,-6.5,243.5,110,123,24,35,26,25,36,31,28,28,0,ESPN BET
nba,2026,2,2025-11-16,401810090,Brooklyn Nets,Washington Wizards,0,-2.5,231.5,129,106,28,35,31,35,28,25,31,22,0,ESPN BET
nba,2026,2,2025-11-16,401810091,Orlando Magic,Houston Rockets,0,-7.5,223.5,113,117,30,25,25,22,23,23,31,25,1,ESPN BET
nba,2026,2,2025-11-16,401810093,Portland Trail Blazers,Dallas Mavericks,0,2.5,236.5,133,138,37,24,30,27,29,28,28,33,1,ESPN BET
nba,2026,2,2025-11-16,401810092,Golden State Warriors,New Orleans Pelicans,0,11.5,226.5,124,106,44,17,24,39,28,21,22,35,0,ESPN BET
nba,2026,2,2025-11-16,401810095,Chicago Bulls,Utah Jazz,0,4.5,245.5,147,150,33,37,28,29,33,28,33,33,2,ESPN BET
nba,2026,2,2025-11-16,401810094,Atlanta Hawks,Phoenix Suns,0,-1.5,226.5,124,122,25,32,20,47,21,37,37,27,0,ESPN BET
nba,2026,2,2025-11-17,401810096,Milwaukee Bucks,Cleveland Cavaliers,0,-5.5,235.5,106,118,33,24,31,18,26,33,33,26,0,ESPN BET
nba,2026,2,2025-11-17,401810097,Indiana Pacers,Detroit Pistons,0,-8.5,230.5,112,127,21,25,29,37,26,36,31,34,0,ESPN BET
nba,2026,2,2025-11-17,401810098,LA Clippers,Philadelphia 76ers,0,-5.5,222.5,108,110,33,23,27,25,25,21,27,37,0,ESPN BET
nba,2026,2,2025-11-17,401810100,Charlotte Hornets,Toronto Raptors,0,-7.5,240.5,108,110,24,28,31,25,28,29,28,25,0,ESPN BET
nba,2026,2,2025-11-17,401810099,New York Knicks,Miami Heat,0,-1.5,244.5,113,115,20,31,31,31,25,30,28,32,0,ESPN BET
nba,2026,2,2025-11-17,401810101,Dallas Mavericks,Minnesota Timberwolves,0,-13.5,232.5,96,120,21,23,22,30,34,27,37,22,0,ESPN BET
nba,2026,2,2025-11-17,401810102,Oklahoma City Thunder,New Orleans Pelicans,0,18.5,223.5,126,109,49,20,36,21,24,32,24,29,0,ESPN BET
nba,2026,2,2025-11-18,401810104,Golden State Warriors,Orlando Magic,0,2.5,223.5,113,121,32,28,25,28,36,31,26,28,0,ESPN BET
nba,2026,2,2025-11-17,401810103,Chicago Bulls,Denver Nuggets,0,-12.5,241.5,130,127,30,33,40,27,28,36,29,34,0,ESPN BET
nba,2026,2,2025-11-18,401810105,Boston Celtics,Brooklyn Nets,0,11.5,222.5,113,99,29,33,27,24,29,32,24,14,0,ESPN BET
nba,2026,2,2025-11-18,401810106,Detroit Pistons,Atlanta Hawks,0,1.5,226.5,120,112,35,32,27,26,30,24,28,30,0,ESPN BET
nba,2026,2,2025-11-18,401810108,Utah Jazz,Los Angeles Lakers,0,-13.5,240.5,126,140,36,35,22,33,27,40,37,36,0,ESPN BET
nba,2026,2,2025-11-18,401810107,Memphis Grizzlies,San Antonio Spurs,0,-6.5,234.5,101,111,24,23,40,14,23,26,37,25,0,ESPN BET
nba,2026,2,2025-11-19,401810111,Charlotte Hornets,Indiana Pacers,0,1.5,237.5,118,127,33,21,30,34,38,32,34,23,0,ESPN BET
nba,2026,2,2025-11-18,401810109,Phoenix Suns,Portland Trail Blazers,0,-2.5,235.5,127,110,35,29,36,27,32,29,21,28,0,ESPN BET
nba,2026,2,2025-11-19,401810112,Golden State Warriors,Miami Heat,0,-10.5,234.5,96,110,20,25,29,22,29,20,23,38,0,ESPN BET
nba,2026,2,2025-11-19,401810110,Houston Rockets,Cleveland Cavaliers,0,1.5,232.5,114,104,33,24,17,40,19,21,30,34,0,ESPN BET
nba,2026,2,2025-11-19,401810113,Toronto Raptors,Philadelphia 76ers,0,2.5,233.5,121,112,33,20,44,24,28,28,26,30,0,ESPN BET
nba,2026,2,2025-11-19,401810114,Washington Wizards,Minnesota Timberwolves,0,-16.5,240.5,109,120,29,17,36,27,34,37,23,26,0,ESPN BET
nba,2026,2,2025-11-19,401810115,Denver Nuggets,New Orleans Pelicans,0,10.5,234.5,125,118,26,36,35,28,30,28,25,35,0,ESPN BET
nba,2026,2,2025-11-19,401810116,Sacramento Kings,Oklahoma City Thunder,0,-18.5,231.5,99,113,25,25,19,30,27,31,25,30,0,ESPN BET
nba,2026,2,2025-11-19,401810117,New York Knicks,Dallas Mavericks,0,8.5,233.5,113,111,24,28,35,26,25,25,35,26,0,ESPN BET
nba,2026,2,2025-11-20,401810120,Sacramento Kings,Memphis Grizzlies,0,-3.5,234.5,96,137,22,25,29,20,35,40,38,24,0,ESPN BET
nba,2026,2,2025-11-20,401810119,LA Clippers,Orlando Magic,0,-6.5,218.5,101,129,24,25,27,25,30,31,32,36,0,ESPN BET
nba,2026,2,2025-11-19,401810118,Chicago Bulls,Portland Trail Blazers,0,3.5,244.5,122,121,28,34,36,24,29,29,24,39,0,ESPN BET
nba,2026,2,2025-11-20,401810121,Philadelphia 76ers,Milwaukee Bucks,0,1.5,223.5,123,114,33,22,22,29,20,37,24,25,1,ESPN BET
nba,2026,2,2025-11-20,401810122,Atlanta Hawks,San Antonio Spurs,0,1.5,233.5,126,135,34,26,32,34,28,46,21,40,0,ESPN BET
nba,2026,2,2025-11-21,401809790,Indiana Pacers,Cleveland Cavaliers,0,-13.5,242.5,109,120,31,24,26,28,33,29,38,20,0,ESPN BET
nba,2026,2,2025-11-21,401809791,Brooklyn Nets,Boston Celtics,0,-13.5,222.5,113,105,22,40,30,21,28,25,24,28,0,ESPN BET
nba,2026,2,2025-11-21,401809795,Minnesota Timberwolves,Phoenix Suns,0,4.5,230.5,113,114,24,25,33,31,32,30,19,33,0,ESPN BET
nba,2026,2,2025-11-21,401809794,New Orleans Pelicans,Dallas Mavericks,0,-3.5,233.5,115,118,34,29,22,30,25,24,36,33,0,ESPN BET
nba,2026,2,2025-11-21,401809796,Denver Nuggets,Houston Rockets,0,-3.5,234.5,112,109,25,21,34,32,12,37,29,31,0,ESPN BET
nba,2026,2,2025-11-21,401809792,Washington Wizards,Toronto Raptors,0,-14.5,239.5,110,140,20,27,30,33,31,26,48,35,0,ESPN BET
nba,2026,2,2025-11-21,401809793,Miami Heat,Chicago Bulls,0,-2.5,250.5,143,107,36,34,32,41,32,20,23,32,0,ESPN BET
nba,2026,2,2025-11-21,401809797,Oklahoma City Thunder,Utah Jazz,0,16.5,234.5,144,112,30,37,43,34,44,24,20,24,0,ESPN BET
nba,2026,2,2025-11-22,401810124,New York Knicks,Orlando Magic,0,-1.5,230.5,121,133,29,37,27,28,31,33,34,35,0,ESPN BET
nba,2026,2,2025-11-21,401809798,Portland Trail Blazers,Golden State Warriors,0,-9.5,236.5,127,123,35,30,29,33,28,44,25,26,0,ESPN BET
nba,2026,2,2025-11-22,401810123,LA Clippers,Charlotte Hornets,0,-1.5,227.5,131,116,38,24,34,35,30,27,25,34,0,ESPN BET
nba,2026,2,2025-11-22,401810125,Atlanta Hawks,New Orleans Pelicans,0,9.5,232.5,115,98,21,35,32,27,25,21,24,28,0,ESPN BET
nba,2026,2,2025-11-22,401810126,Washington Wizards,Chicago Bulls,0,-12.5,245.5,120,121,41,29,28,22,40,24,28,29,0,ESPN BET
nba,2026,2,2025-11-22,401810128,Memphis Grizzlies,Dallas Mavericks,0,-1.5,229.5,102,96,21,22,33,26,22,25,26,23,0,ESPN BET
nba,2026,2,2025-11-22,401810127,Detroit Pistons,Milwaukee Bucks,0,7.5,225.5,129,116,30,39,35,25,26,26,33,31,0,ESPN BET
nba,2026,2,2025-11-22,401810129,Sacramento Kings,Denver Nuggets,0,-11.5,240.5,128,123,30,31,30,37,35,30,27,31,0,ESPN BET
nba,2026,2,2025-11-23,401810131,Charlotte Hornets,Atlanta Hawks,0,-8.5,228.5,110,113,25,30,33,22,28,25,39,21,0,ESPN BET
nba,2026,2,2025-11-23,401810130,Miami Heat,Philadelphia 76ers,0,-1.5,241.5,127,117,37,34,28,28,27,40,26,24,0,ESPN BET
nba,2026,2,2025-11-23,401810133,LA Clippers,Cleveland Cavaliers,0,-7.5,229.5,105,120,24,28,27,26,27,32,33,28,0,ESPN BET
nba,2026,2,2025-11-23,401810132,Orlando Magic,Boston Celtics,0,-4.5,223.5,129,138,27,30,32,40,32,48,30,28,0,ESPN BET
nba,2026,2,2025-11-23,401810135,Portland Trail Blazers,Oklahoma City Thunder,0,-16.5,233.5,95,122,18,28,22,27,39,28,29,26,0,ESPN BET
nba,2026,2,2025-11-23,401810134,Brooklyn Nets,Toronto Raptors,0,-11.5,229.5,109,119,28,30,24,27,34,31,22,32,0,ESPN BET
nba,2026,2,2025-11-23,401810136,San Antonio Spurs,Phoenix Suns,0,-1.5,234.5,102,111,30,26,24,22,25,24,37,25,0,ESPN BET
nba,2026,2,2025-11-24,401810138,Detroit Pistons,Indiana Pacers,0,9.5,235.5,122,117,35,36,30,21,32,23,33,29,0,ESPN BET
nba,2026,2,2025-11-23,401810137,Los Angeles Lakers,Utah Jazz,0,9.5,245.5,108,106,32,30,22,24,30,25,26,25,0,ESPN BET
nba,2026,2,2025-11-24,401810140,New York Knicks,Brooklyn Nets,0,12.5,227.5,113,100,24,27,38,24,26,22,27,25,0,DraftKings
nba,2026,2,2025-11-24,401810139,Cleveland Cavaliers,Toronto Raptors,0,-1.5,234.5,99,110,32,22,22,23,29,28,31,22,0,DraftKings
nba,2026,2,2025-11-24,401810144,Chicago Bulls,New Orleans Pelicans,0,4.5,245.5,130,143,30,28,35,37,37,37,34,35,0,DraftKings
nba,2026,2,2025-11-24,401810143,Portland Trail Blazers,Milwaukee Bucks,0,-1.5,229.5,115,103,32,33,30,20,27,26,21,29,0,ESPN BET
nba,2026,2,2025-11-24,401810142,Denver Nuggets,Memphis Grizzlies,0,8.5,235.5,125,115,27,35,31,32,23,31,31,30,0,DraftKings
nba,2026,2,2025-11-24,401810141,Dallas Mavericks,Miami Heat,0,-7.5,240.5,102,106,19,25,28,30,20,32,28,26,0,DraftKings
nba,2026,2,2025-11-24,401810146,Utah Jazz,Golden State Warriors,0,-13.5,239.5,117,134,35,20,29,33,26,41,39,28,0,ESPN BET
nba,2026,2,2025-11-24,401810147,Minnesota Timberwolves,Sacramento Kings,0,9.5,236.5,112,117,27,27,28,19,23,23,31,24,1,DraftKings
nba,2026,2,2025-11-24,401810145,Houston Rockets,Phoenix Suns,0,6.5,224.5,114,92,30,29,25,30,23,27,25,17,0,DraftKings
nba,2026,2,2025-11-25,401809799,Atlanta Hawks,Washington Wizards,0,10.5,240.5,113,132,23,32,23,35,45,32,34,21,0,DraftKings
nba,2026,2,2025-11-25,401809800,Orlando Magic,Philadelphia 76ers,0,4.5,229.5,144,103,35,51,35,23,35,25,23,20,0,DraftKings
nba,2026,2,2025-11-26,401809802,Detroit Pistons,Boston Celtics,0,1.5,234.5,114,117,30,28,25,31,24,33,29,31,0,DraftKings
nba,2026,2,2025-11-25,401809801,LA Clippers,Los Angeles Lakers,0,-6.5,227.5,118,135,38,28,27,25,37,32,29,37,0,DraftKings
nba,2026,2,2025-11-26,401809803,New York Knicks,Charlotte Hornets,0,6.5,242.5,129,101,37,35,26,31,31,16,28,26,0,DraftKings
nba,2026,2,2025-11-26,401809805,Indiana Pacers,Toronto Raptors,0,-9.5,233.5,95,97,25,24,21,25,21,29,26,21,0,DraftKings
nba,2026,2,2025-11-26,401809804,Milwaukee Bucks,Miami Heat,0,-10.5,236.5,103,106,27,20,30,26,29,24,28,25,0,DraftKings
nba,2026,2,2025-11-26,401809806,Minnesota Timberwolves,Oklahoma City Thunder,0,-10.5,226.5,105,113,17,22,32,34,24,25,29,35,0,DraftKings
nba,2026,2,2025-11-26,401809807,Memphis Grizzlies,New Orleans Pelicans,0,3.5,236.5,133,128,25,28,39,30,39,29,32,22,1,DraftKings
nba,2026,2,2025-11-26,401809809,San Antonio Spurs,Portland Trail Blazers,0,-1.5,240.5,115,102,29,27,35,24,30,24,32,16,0,DraftKings
nba,2026,2,2025-11-26,401809808,Houston Rockets,Golden State Warriors,0,-3.5,224.5,104,100,22,25,27,30,25,34,17,24,0,DraftKings
nba,2026,2,2025-11-26,401809810,Phoenix Suns,Sacramento Kings,0,4.5,233.5,112,100,41,26,16,29,16,29,28,27,0,DraftKings
nba,2026,2,2025-11-28,401809812,Philadelphia 76ers,Brooklyn Nets,0,7.5,222.5,115,103,31,32,24,28,23,25,27,28,0,DraftKings
nba,2026,2,2025-11-28,401809813,Chicago Bulls,Charlotte Hornets,0,2.5,248.5,116,123,29,33,32,22,32,35,26,30,0,DraftKings
nba,2026,2,2025-11-28,401809811,Cleveland Cavaliers,Atlanta Hawks,0,6.5,236.5,123,130,23,39,28,33,33,27,37,33,0,DraftKings
nba,2026,2,2025-11-28,401809815,Washington Wizards,Indiana Pacers,0,-6.5,240.5,86,119,24,28,21,13,30,34,30,25,0,DraftKings
nba,2026,2,2025-11-28,401809814,Orlando Magic,Detroit Pistons,0,-3.5,230.5,112,109,31,28,30,23,33,25,26,25,0,DraftKings
nba,2026,2,2025-11-28,401809816,Milwaukee Bucks,New York Knicks,0,-7.5,232.5,109,118,37,25,26,21,33,28,31,26,0,DraftKings
nba,2026,2,2025-11-28,401809819,Sacramento Kings,Utah Jazz,0,-2.5,242.5,119,128,27,24,22,46,30,32,28,38,0,DraftKings
nba,2026,2,2025-11-28,401809817,Phoenix Suns,Oklahoma City Thunder,0,-14.5,223.5,119,123,25,27,30,37,25,31,38,29,0,DraftKings
nba,2026,2,2025-11-29,401810148,Boston Celtics,Minnesota Timberwolves,0,-5.5,229.5,115,119,36,33,23,23,32,27,35,25,0,DraftKings
nba,2026,2,2025-11-28,401809818,San Antonio Spurs,Denver Nuggets,0,-7.5,238.5,139,136,41,18,44,36,33,41,30,32,0,DraftKings
nba,2026,2,2025-11-28,401809821,Memphis Grizzlies,LA Clippers,0,-6.5,224.5,112,107,24,26,28,34,35,28,18,26,0,DraftKings
nba,2026,2,2025-11-28,401809820,Dallas Mavericks,Los Angeles Lakers,0,-10.5,232.5,119,129,22,40,32,25,28,32,38,31,0,DraftKings
nba,2026,2,2025-11-29,401810150,Chicago Bulls,Indiana Pacers,0,2.5,239.5,101,103,27,27,26,21,26,35,25,17,0,DraftKings
nba,2026,2,2025-11-29,401810154,Denver Nuggets,Phoenix Suns,0,3.5,233.5,130,112,30,33,33,34,25,35,25,27,0,DraftKings
nba,2026,2,2025-11-29,401810153,New Orleans Pelicans,Golden State Warriors,0,-9.5,228.5,96,104,18,20,34,24,17,25,31,31,0,DraftKings
nba,2026,2,2025-11-29,401810151,Detroit Pistons,Miami Heat,0,-3.5,239.5,138,135,36,35,37,30,23,36,32,44,0,DraftKings
nba,2026,2,2025-11-30,401810157,Boston Celtics,Cleveland Cavaliers,0,-7.5,234.5,117,115,28,30,32,27,26,25,28,36,0,DraftKings
nba,2026,2,2025-11-30,401810158,Toronto Raptors,New York Knicks,0,-8.5,229.5,94,116,22,30,25,17,41,18,34,23,0,DraftKings
nba,2026,2,2025-11-30,401810156,Houston Rockets,Utah Jazz,0,11.5,233.5,129,101,30,37,31,31,21,27,20,33,0,DraftKings
nba,2026,2,2025-11-29,401810152,Brooklyn Nets,Milwaukee Bucks,0,-11.5,218.5,99,116,29,24,17,29,32,39,28,17,0,DraftKings
nba,2026,2,2025-11-29,401810149,Toronto Raptors,Charlotte Hornets,0,6.5,234.5,111,118,34,24,29,17,21,31,28,24,1,DraftKings
nba,2026,2,2025-11-29,401810155,Dallas Mavericks,LA Clippers,0,-9.5,224.5,114,110,25,24,34,31,28,28,27,27,0,DraftKings
nba,2026,2,2025-11-30,401810160,Oklahoma City Thunder,Portland Trail Blazers,0,11.5,234.5,123,115,24,30,31,38,19,36,32,28,0,DraftKings
nba,2026,2,2025-11-30,401810159,Atlanta Hawks,Philadelphia 76ers,0,-2.5,232.5,142,134,25,32,26,32,29,29,31,26,2,DraftKings
nba,2026,2,2025-11-30,401810161,San Antonio Spurs,Minnesota Timberwolves,0,-4.5,233.5,112,125,37,25,31,19,32,29,28,36,0,DraftKings
nba,2026,2,2025-12-01,401810164,Atlanta Hawks,Detroit Pistons,0,-9.5,232.5,98,99,27,22,19,30,25,25,24,25,0,DraftKings
nba,2026,2,2025-11-30,401810162,Memphis Grizzlies,Sacramento Kings,0,3.5,233.5,115,107,31,31,21,32,35,24,28,20,0,DraftKings
nba,2026,2,2025-11-30,401810163,New Orleans Pelicans,Los Angeles Lakers,0,-15.5,228.5,121,133,27,30,35,29,46,31,31,25,0,DraftKings
nba,2026,2,2025-12-01,401810165,Cleveland Cavaliers,Indiana Pacers,0,4.5,230.5,135,119,37,29,33,36,25,29,36,29,0,DraftKings
nba,2026,2,2025-12-01,401810170,Dallas Mavericks,Denver Nuggets,0,-11.5,235.5,131,121,27,42,33,29,41,27,36,17,0,DraftKings
nba,2026,2,2025-12-01,401810168,LA Clippers,Miami Heat,0,-6.5,235.5,123,140,24,32,26,41,35,41,38,26,0,DraftKings
nba,2026,2,2025-12-01,401810167,Charlotte Hornets,Brooklyn Nets,0,4.5,227.5,103,116,27,32,23,21,26,33,29,28,0,DraftKings
nba,2026,2,2025-12-01,401810166,Milwaukee Bucks,Washington Wizards,0,10.5,232.5,126,129,34,32,28,32,28,30,33,38,0,DraftKings
nba,2026,2,2025-12-01,401810169,Chicago Bulls,Orlando Magic,0,-9.5,239.5,120,125,26,27,32,35,29,24,32,40,0,DraftKings
nba,2026,2,2025-12-02,401810174,Portland Trail Blazers,Toronto Raptors,0,-4.5,230.5,118,121,39,20,23,36,37,28,32,24,0,DraftKings
nba,2026,2,2025-12-01,401810171,Houston Rockets,Utah Jazz,0,11.5,235.5,125,133,32,25,32,36,31,37,30,35,0,DraftKings
nba,2026,2,2025-12-01,401810172,Phoenix Suns,Los Angeles Lakers,0,-5.5,231.5,125,108,31,35,30,29,31,21,25,31,0,DraftKings
nba,2026,2,2025-12-02,401810173,Washington Wizards,Philadelphia 76ers,0,-13.5,234.5,102,121,31,23,23,25,34,32,35,20,0,DraftKings
nba,2026,2,2025-12-02,401810176,Minnesota Timberwolves,New Orleans Pelicans,0,12.5,229.5,149,142,31,27,42,29,25,43,35,26,1,DraftKings
nba,2026,2,2025-12-02,401810175,New York Knicks,Boston Celtics,0,1.5,230.5,117,123,32,20,24,41,21,37,36,29,0,DraftKings
nba,2026,2,2025-12-02,401810177,Memphis Grizzlies,San Antonio Spurs,0,-5.5,232.5,119,126,32,27,39,21,36,27,34,29,0,DraftKings
nba,2026,2,2025-12-02,401810178,Oklahoma City Thunder,Golden State Warriors,0,11.5,223.5,124,112,32,31,28,33,26,18,44,24,0,DraftKings
nba,2026,2,2025-12-03,401810179,Portland Trail Blazers,Cleveland Cavaliers,0,-10.5,244.5,122,110,36,32,31,23,33,25,27,25,0,DraftKings
nba,2026,2,2025-12-03,401810180,Denver Nuggets,Indiana Pacers,0,8.5,238.5,135,120,33,39,30,33,28,20,31,41,0,DraftKings
nba,2026,2,2025-12-03,401810181,San Antonio Spurs,Orlando Magic,0,-8.5,235.5,114,112,31,27,28,28,29,20,30,33,0,DraftKings
nba,2026,2,2025-12-04,401810189,Boston Celtics,Washington Wizards,0,10.5,231.5,146,101,32,34,43,37,26,33,27,15,0,DraftKings
nba,2026,2,2025-12-03,401810187,Miami Heat,Dallas Mavericks,0,4.5,238.5,108,118,33,21,26,28,28,36,29,25,0,DraftKings
nba,2026,2,2025-12-03,401810184,Brooklyn Nets,Chicago Bulls,0,-7.5,231.5,113,103,29,25,29,30,24,20,31,28,0,DraftKings
nba,2026,2,2025-12-04,401810188,Golden State Warriors,Philadelphia 76ers,0,-4.5,224.5,98,99,10,24,32,32,30,26,24,19,0,DraftKings
nba,2026,2,2025-12-03,401810182,LA Clippers,Atlanta Hawks,0,-1.5,226.5,115,92,27,28,39,21,21,20,32,19,0,DraftKings
nba,2026,2,2025-12-03,401810183,Charlotte Hornets,New York Knicks,0,-9.5,235.5,104,119,12,35,28,29,27,26,37,29,0,DraftKings
nba,2026,2,2025-12-03,401810186,Detroit Pistons,Milwaukee Bucks,0,4.5,228.5,109,113,30,22,33,24,21,28,29,35,0,DraftKings
nba,2026,2,2025-12-03,401810185,Sacramento Kings,Houston Rockets,0,-15.5,231.5,95,121,26,26,19,24,28,23,36,34,0,DraftKings
nba,2026,2,2025-12-04,401810190,Utah Jazz,Brooklyn Nets,0,5.5,231.5,123,110,20,29,32,42,29,29,32,20,0,DraftKings
nba,2026,2,2025-12-05,401810194,Miami Heat,Orlando Magic,0,-6.5,241.5,105,106,28,32,19,26,30,27,30,19,0,DraftKings
nba,2026,2,2025-12-05,401810193,Los Angeles Lakers,Boston Celtics,0,-8.5,227.5,105,126,17,29,36,23,39,30,28,29,0,DraftKings
nba,2026,2,2025-12-04,401810192,Minnesota Timberwolves,New Orleans Pelicans,0,11.5,232.5,125,116,35,27,26,37,30,32,28,26,0,DraftKings
nba,2026,2,2025-12-04,401810191,Los Angeles Lakers,Toronto Raptors,0,-2.5,228.5,123,120,31,36,33,23,26,32,40,22,0,DraftKings
nba,2026,2,2025-12-05,401810197,Portland Trail Blazers,Detroit Pistons,0,-8.5,235.5,116,122,28,30,27,31,30,35,19,38,0,DraftKings
nba,2026,2,2025-12-05,401810196,San Antonio Spurs,Cleveland Cavaliers,0,-5.5,239.5,117,130,35,37,19,26,30,34,44,22,0,DraftKings
nba,2026,2,2025-12-05,401810195,Denver Nuggets,Atlanta Hawks,0,3.5,238.5,134,133,23,31,40,40,41,32,30,30,0,DraftKings
nba,2026,2,2025-12-05,401810198,Utah Jazz,New York Knicks,0,-16.5,243.5,112,146,13,34,30,35,41,27,47,31,0,DraftKings
nba,2026,2,2025-12-05,401810199,Charlotte Hornets,Toronto Raptors,0,-6.5,230.5,111,86,18,35,25,33,24,18,28,16,0,DraftKings
nba,2026,2,2025-12-05,401810200,Indiana Pacers,Chicago Bulls,0,-4.5,234.5,120,105,30,32,30,28,33,24,26,22,0,DraftKings
nba,2026,2,2025-12-05,401810202,LA Clippers,Memphis Grizzlies,0,2.5,222.5,98,107,33,25,23,17,30,24,30,23,0,DraftKings
nba,2026,2,2025-12-05,401810201,Phoenix Suns,Houston Rockets,0,-8.5,219.5,98,117,31,27,14,26,24,44,29,20,0,DraftKings
nba,2026,2,2025-12-05,401810204,Dallas Mavericks,Oklahoma City Thunder,0,-15.5,229.5,111,132,27,21,26,37,27,36,41,28,0,DraftKings
nba,2026,2,2025-12-06,401810206,Atlanta Hawks,Washington Wizards,0,9.5,237.5,131,116,35,35,27,34,28,27,38,23,0,DraftKings
nba,2026,2,2025-12-05,401810203,Philadelphia 76ers,Milwaukee Bucks,0,1.5,221.5,116,101,33,36,24,23,20,29,28,24,0,DraftKings
nba,2026,2,2025-12-06,401810205,New Orleans Pelicans,Brooklyn Nets,0,-3.5,227.5,101,119,24,20,31,26,35,27,34,23,0,DraftKings
nba,2026,2,2025-12-06,401810207,Golden State Warriors,Cleveland Cavaliers,0,-8.5,230.5,99,94,12,33,27,27,18,18,26,32,0,DraftKings
nba,2026,2,2025-12-06,401810208,Milwaukee Bucks,Detroit Pistons,0,-12.5,223.5,112,124,22,34,25,31,29,32,30,33,0,DraftKings
nba,2026,2,2025-12-06,401810210,LA Clippers,Minnesota Timberwolves,0,-8.5,227.5,106,109,34,22,22,28,22,20,30,37,0,DraftKings
nba,2026,2,2025-12-06,401810211,Houston Rockets,Dallas Mavericks,0,6.5,221.5,109,122,26,31,20,32,29,28,37,28,0,DraftKings
nba,2026,2,2025-12-06,401810209,Sacramento Kings,Miami Heat,0,-8.5,241.5,127,111,34,38,29,26,31,24,23,33,0,DraftKings
nba,2026,2,2025-12-07,401810213,Boston Celtics,Toronto Raptors,0,3.5,224.5,121,113,34,43,20,24,26,33,32,22,0,DraftKings
nba,2026,2,2025-12-07,401810212,Orlando Magic,New York Knicks,0,-1.5,229.5,100,106,31,24,18,27,35,19,28,24,0,DraftKings
nba,2026,2,2025-12-08,401810219,Sacramento Kings,Indiana Pacers,0,-3.5,231.5,105,116,23,28,37,17,35,31,26,24,0,DraftKings
nba,2026,2,2025-12-07,401810216,Golden State Warriors,Chicago Bulls,0,1.5,229.5,123,91,38,22,27,36,25,21,30,15,0,DraftKings
nba,2026,2,2025-12-07,401810217,Los Angeles Lakers,Philadelphia 76ers,0,2.5,233.5,112,108,30,23,34,25,30,30,24,24,0,DraftKings
nba,2026,2,2025-12-07,401810218,Oklahoma City Thunder,Utah Jazz,0,11.5,233.5,131,101,45,29,32,25,20,28,23,30,0,DraftKings
nba,2026,2,2025-12-08,401810220,Phoenix Suns,Minnesota Timberwolves,0,-8.5,225.5,108,105,29,32,23,24,23,34,27,21,0,DraftKings
nba,2026,2,2025-12-07,401810215,Portland Trail Blazers,Memphis Grizzlies,0,-1.5,232.5,96,119,20,26,32,18,40,26,26,27,0,DraftKings
nba,2026,2,2025-12-08,401810221,San Antonio Spurs,New Orleans Pelicans,0,8.5,238.5,135,132,35,42,23,35,25,32,45,30,0,DraftKings
nba,2026,2,2025-12-07,401810214,Denver Nuggets,Charlotte Hornets,0,10.5,235.5,115,106,34,23,30,28,34,24,23,25,0,DraftKings
nba,2026,2,2025-12-09,401809833,Miami Heat,Orlando Magic,0,-1.5,234.5,108,117,30,27,26,25,17,39,33,28,0,DraftKings
nba,2026,2,2025-12-09,401809834,New York Knicks,Toronto Raptors,0,6.5,226.5,117,101,35,34,25,23,39,13,27,22,0,DraftKings
nba,2026,2,2025-12-10,401809835,Phoenix Suns,Oklahoma City Thunder,0,-15.5,221.5,89,138,23,25,24,17,38,36,36,28,0,DraftKings
nba,2026,2,2025-12-11,401836747,Boston Celtics,Milwaukee Bucks,0,9.5,222.5,101,116,35,32,13,21,29,31,27,29,0,DraftKings
nba,2026,2,2025-12-10,401809836,San Antonio Spurs,Los Angeles Lakers,0,-7.5,243.5,132,119,39,31,34,28,30,28,29,32,0,DraftKings
nba,2026,2,2025-12-11,401836748,Portland Trail Blazers,New Orleans Pelicans,0,4.5,242.5,120,143,30,38,29,23,39,31,35,38,0,DraftKings
nba,2026,2,2025-12-11,401836746,LA Clippers,Houston Rockets,0,-8.5,221.5,113,115,29,25,28,31,29,22,29,35,0,DraftKings
nba,2026,2,2025-12-11,401836749,Denver Nuggets,Sacramento Kings,0,10.5,239.5,136,105,41,36,32,27,26,28,27,24,0,DraftKings
nba,2026,2,2025-12-12,401836753,Cleveland Cavaliers,Washington Wizards,0,16.5,245.5,130,126,35,27,23,45,24,36,40,26,0,DraftKings
nba,2026,2,2025-12-12,401836752,Indiana Pacers,Philadelphia 76ers,0,-5.5,221.5,105,115,31,27,32,15,34,29,27,25,0,DraftKings
nba,2026,2,2025-12-12,401836751,Atlanta Hawks,Detroit Pistons,0,-6.5,233.5,115,142,33,27,19,36,34,35,35,38,0,DraftKings
nba,2026,2,2025-12-12,401836750,Chicago Bulls,Charlotte Hornets,0,2.5,229.5,129,126,33,22,34,40,29,32,31,34,0,DraftKings
nba,2026,2,2025-12-12,401836795,Brooklyn Nets,Dallas Mavericks,0,-7.5,218.5,111,119,33,28,31,19,32,33,25,29,0,DraftKings
nba,2026,2,2025-12-12,401836796,Minnesota Timberwolves,Golden State Warriors,0,-4.5,228.5,127,120,28,33,27,39,27,36,28,29,0,DraftKings
nba,2026,2,2025-12-12,401836754,Utah Jazz,Memphis Grizzlies,0,-7.5,243.5,130,126,36,25,42,27,31,33,33,29,0,DraftKings
nba,2026,2,2025-12-13,401809837,New York Knicks,Orlando Magic,1,3.5,225.5,132,120,33,38,29,32,36,28,28,28,0,DraftKings
nba,2026,2,2025-12-13,401809838,San Antonio Spurs,Oklahoma City Thunder,1,-10.5,233.5,111,109,20,26,32,33,31,18,28,32,0,DraftKings
nba,2026,2,2025-12-14,401836799,Charlotte Hornets,Cleveland Cavaliers,0,-11.5,232.5,119,111,33,24,31,23,29,18,32,32,1,DraftKings
nba,2026,2,2025-12-14,401836797,Washington Wizards,Indiana Pacers,0,-10.5,233.5,108,89,31,27,23,27,32,15,19,23,0,DraftKings
nba,2026,2,2025-12-14,401836798,Philadelphia 76ers,Atlanta Hawks,0,-4.5,226.5,117,120,29,26,36,26,39,20,35,26,0,DraftKings
nba,2026,2,2025-12-14,401836801,Sacramento Kings,Minnesota Timberwolves,0,-9.5,235.5,103,117,27,25,32,19,20,31,37,29,0,DraftKings
nba,2026,2,2025-12-14,401836804,New Orleans Pelicans,Chicago Bulls,0,-4.5,248.5,114,104,21,31,24,38,26,21,28,29,0,DraftKings
nba,2026,2,2025-12-14,401836800,Milwaukee Bucks,Brooklyn Nets,0,1.5,215.5,82,127,25,23,23,11,37,28,34,28,0,DraftKings
nba,2026,2,2025-12-14,401839699,Los Angeles Lakers,Phoenix Suns,0,-1.5,232.5,116,114,31,31,24,30,36,26,15,37,0,DraftKings
nba,2026,2,2025-12-14,401836802,Golden State Warriors,Portland Trail Blazers,0,5.5,237.5,131,136,31,31,37,32,34,27,35,40,0,DraftKings
nba,2026,2,2025-12-15,401836805,Dallas Mavericks,Utah Jazz,0,1.5,240.5,133,140,43,32,24,30,37,34,21,37,1,DraftKings
nba,2026,2,2025-12-15,401839023,Toronto Raptors,Miami Heat,0,-4.5,233.5,106,96,23,23,28,32,22,30,25,19,0,DraftKings
nba,2026,2,2025-12-15,401836803,Detroit Pistons,Boston Celtics,0,-1.5,231.5,112,105,25,28,32,27,33,24,24,24,0,DraftKings
nba,2026,2,2025-12-16,401809839,San Antonio Spurs,New York Knicks,1,-2.5,233.5,113,124,30,31,33,19,28,31,30,35,0,DraftKings
nba,2026,2,2025-12-15,401836807,Memphis Grizzlies,LA Clippers,0,-5.5,229.5,121,103,25,31,34,31,27,21,28,27,0,DraftKings
nba,2026,2,2025-12-15,401836806,Houston Rockets,Denver Nuggets,0,1.5,236.5,125,128,30,21,35,31,24,34,31,28,1,DraftKings
nba,2026,2,2025-12-17,401810222,Cleveland Cavaliers,Chicago Bulls,0,5.5,242.5,111,127,34,24,30,23,33,29,33,32,0,DraftKings
nba,2026,2,2025-12-17,401810223,Memphis Grizzlies,Minnesota Timberwolves,0,-6.5,226.5,116,110,29,32,27,28,27,35,21,27,0,DraftKings
nba,2026,2,2025-12-18,401810226,Atlanta Hawks,Charlotte Hornets,0,4.5,240.5,126,133,32,37,26,31,37,43,27,26,0,DraftKings
nba,2026,2,2025-12-18,401810227,New York Knicks,Indiana Pacers,0,3.5,226.5,114,113,25,34,27,28,36,26,30,21,0,DraftKings
nba,2026,2,2025-12-18,401810224,LA Clippers,Oklahoma City Thunder,0,-16.5,222.5,101,122,33,22,28,18,27,37,39,19,0,DraftKings
nba,2026,2,2025-12-18,401810228,Miami Heat,Brooklyn Nets,0,8.5,228.5,106,95,30,24,23,29,27,22,24,22,0,DraftKings
nba,2026,2,2025-12-18,401810229,Toronto Raptors,Milwaukee Bucks,0,4.5,218.5,111,105,31,26,26,28,25,28,23,29,0,DraftKings
nba,2026,2,2025-12-18,401810225,Washington Wizards,San Antonio Spurs,0,-15.5,240.5,94,119,27,26,22,19,34,23,34,28,0,DraftKings
nba,2026,2,2025-12-18,401810230,Houston Rockets,New Orleans Pelicans,0,9.5,236.5,128,133,33,34,32,20,24,21,38,36,1,DraftKings
nba,2026,2,2025-12-18,401810233,Golden State Warriors,Phoenix Suns,0,1.5,229.5,98,99,29,24,18,27,26,20,24,29,0,DraftKings
nba,2026,2,2025-12-18,401810235,Sacramento Kings,Portland Trail Blazers,0,-8.5,238.5,133,134,40,20,23,32,36,27,19,33,1,DraftKings
nba,2026,2,2025-12-18,401810234,Los Angeles Lakers,Utah Jazz,0,9.5,242.5,143,135,32,41,29,41,41,37,28,29,0,DraftKings
nba,2026,2,2025-12-19,401810236,Miami Heat,Boston Celtics,0,-7.5,233.5,116,129,29,29,31,27,30,28,34,37,0,DraftKings
nba,2026,2,2025-12-18,401810232,Orlando Magic,Denver Nuggets,0,-6.5,237.5,115,126,32,22,31,30,25,43,31,27,0,DraftKings
nba,2026,2,2025-12-19,401810238,San Antonio Spurs,Atlanta Hawks,0,3.5,238.5,126,98,32,36,34,24,19,25,28,26,0,DraftKings
nba,2026,2,2025-12-18,401810231,Detroit Pistons,Dallas Mavericks,0,5.5,230.5,114,116,30,27,22,31,35,31,25,19,1,DraftKings
nba,2026,2,2025-12-19,401810237,Philadelphia 76ers,New York Knicks,0,-6.5,230.5,116,107,29,28,31,28,29,30,28,20,0,DraftKings
nba,2026,2,2025-12-19,401810240,Oklahoma City Thunder,Minnesota Timberwolves,0,5.5,232.5,107,112,33,18,34,22,23,25,35,29,0,DraftKings
nba,2026,2,2025-12-19,401810239,Chicago Bulls,Cleveland Cavaliers,0,-4.5,238.5,136,125,32,34,35,35,32,23,44,26,0,DraftKings
nba,2026,2,2025-12-20,401810243,Boston Celtics,Toronto Raptors,0,-1.5,221.5,112,96,32,17,34,29,20,31,29,16,0,DraftKings
nba,2026,2,2025-12-20,401810242,Dallas Mavericks,Philadelphia 76ers,0,-1.5,226.5,114,121,33,29,35,17,38,30,23,30,0,DraftKings
nba,2026,2,2025-12-20,401810241,Houston Rockets,Denver Nuggets,0,1.5,235.5,115,101,26,27,29,33,29,16,21,35,0,DraftKings
nba,2026,2,2025-12-20,401810244,Indiana Pacers,New Orleans Pelicans,0,-2.5,235.5,109,128,27,22,30,30,44,20,34,30,0,DraftKings
nba,2026,2,2025-12-20,401810245,Charlotte Hornets,Detroit Pistons,0,-10.5,234.5,86,112,27,18,27,14,33,22,24,33,0,DraftKings
nba,2026,2,2025-12-20,401810246,Washington Wizards,Memphis Grizzlies,0,-12.5,233.5,130,122,25,28,42,35,30,38,27,27,0,DraftKings
nba,2026,2,2025-12-20,401810249,Portland Trail Blazers,Sacramento Kings,0,4.5,235.5,98,93,28,19,25,26,26,18,25,24,0,DraftKings
nba,2026,2,2025-12-20,401810247,Phoenix Suns,Golden State Warriors,0,-6.5,226.5,116,119,44,23,20,29,32,32,29,26,0,DraftKings
nba,2026,2,2025-12-20,401810248,Orlando Magic,Utah Jazz,0,7.5,240.5,128,127,36,29,32,21,38,22,22,36,1,DraftKings
nba,2026,2,2025-12-20,401810250,Los Angeles Lakers,LA Clippers,0,1.5,229.5,88,103,15,24,22,27,28,26,26,23,0,DraftKings
nba,2026,2,2025-12-21,401810251,Chicago Bulls,Atlanta Hawks,0,-4.5,248.5,152,150,38,45,33,36,38,35,42,35,0,DraftKings
nba,2026,2,2025-12-21,401810253,Miami Heat,New York Knicks,0,-7.5,236.5,125,132,37,25,37,26,30,36,39,27,0,DraftKings
nba,2026,2,2025-12-21,401810254,San Antonio Spurs,Washington Wizards,0,15.5,237.5,124,113,26,43,29,26,28,21,37,27,0,DraftKings
nba,2026,2,2025-12-21,401810252,Toronto Raptors,Brooklyn Nets,0,3.5,216.5,81,96,18,21,26,16,24,25,18,29,0,DraftKings
nba,2026,2,2025-12-22,401810257,Charlotte Hornets,Cleveland Cavaliers,0,-9.5,239.5,132,139,36,27,32,37,33,37,34,35,0,DraftKings
nba,2026,2,2025-12-21,401810255,Milwaukee Bucks,Minnesota Timberwolves,0,-12.5,226.5,100,103,29,31,15,25,23,25,27,28,0,DraftKings
nba,2026,2,2025-12-21,401810256,Houston Rockets,Sacramento Kings,0,12.5,222.5,124,125,31,37,23,21,30,27,25,30,1,DraftKings
nba,2026,2,2025-12-22,401810260,Utah Jazz,Denver Nuggets,0,-12.5,251.5,112,135,15,31,38,28,40,29,34,32,0,DraftKings
nba,2026,2,2025-12-22,401810258,Indiana Pacers,Boston Celtics,0,-11.5,225.5,95,103,35,26,21,13,26,17,31,29,0,DraftKings
nba,2026,2,2025-12-22,401810261,Memphis Grizzlies,Oklahoma City Thunder,0,-15.5,234.5,103,119,28,26,19,30,31,36,17,35,0,DraftKings
nba,2026,2,2025-12-22,401810259,Dallas Mavericks,New Orleans Pelicans,0,1.5,241.5,113,119,34,29,24,26,36,21,22,40,0,DraftKings
nba,2026,2,2025-12-23,401810265,Brooklyn Nets,Philadelphia 76ers,0,-9.5,219.5,114,106,27,36,26,25,27,30,20,29,0,DraftKings
nba,2026,2,2025-12-22,401810262,Orlando Magic,Golden State Warriors,0,-6.5,228.5,97,120,30,27,26,14,26,32,31,31,0,DraftKings
nba,2026,2,2025-12-22,401810263,Detroit Pistons,Portland Trail Blazers,0,6.5,234.5,110,102,30,31,34,15,26,25,27,24,0,DraftKings
nba,2026,2,2025-12-23,401810264,Washington Wizards,Charlotte Hornets,0,-6.5,239.5,109,126,31,34,25,19,24,38,30,34,0,DraftKings
nba,2026,2,2025-12-23,401810267,New Orleans Pelicans,Cleveland Cavaliers,0,-9.5,248.5,118,141,22,38,31,27,32,37,41,31,0,DraftKings
nba,2026,2,2025-12-23,401810266,Chicago Bulls,Atlanta Hawks,0,-3.5,254.5,126,123,30,25,37,34,36,32,37,18,0,DraftKings
nba,2026,2,2025-12-23,401810269,Toronto Raptors,Miami Heat,0,-5.5,227.5,112,91,21,30,31,30,16,28,23,24,0,DraftKings
nba,2026,2,2025-12-23,401810268,Milwaukee Bucks,Indiana Pacers,0,1.5,216.5,111,94,26,33,27,25,20,24,24,26,0,DraftKings
nba,2026,2,2025-12-23,401810270,Denver Nuggets,Dallas Mavericks,0,6.5,236.5,130,131,27,29,47,27,41,25,37,28,0,DraftKings
nba,2026,2,2025-12-23,401810271,New York Knicks,Minnesota Timberwolves,0,-7.5,230.5,104,115,28,24,27,25,31,27,27,30,0,DraftKings
nba,2026,2,2025-12-23,401810272,Oklahoma City Thunder,San Antonio Spurs,0,6.5,236.5,110,130,29,31,22,28,31,27,29,43,0,DraftKings
nba,2026,2,2025-12-23,401810273,Los Angeles Lakers,Phoenix Suns,0,-3.5,226.5,108,132,26,31,29,22,29,38,45,20,0,DraftKings
nba,2026,2,2025-12-23,401810274,Memphis Grizzlies,Utah Jazz,0,4.5,242.5,137,128,37,32,40,28,31,36,34,27,0,DraftKings
nba,2026,2,2025-12-23,401810277,Houston Rockets,LA Clippers,0,7.5,219.5,108,128,35,23,24,26,29,34,35,30,0,DraftKings
nba,2026,2,2025-12-23,401810276,Detroit Pistons,Sacramento Kings,0,9.5,225.5,136,127,37,38,40,21,24,34,39,30,0,DraftKings
nba,2026,2,2025-12-23,401810275,Orlando Magic,Portland Trail Blazers,0,1.5,230.5,110,106,25,38,26,21,21,29,30,26,0,DraftKings
nba,2026,2,2025-12-25,401809239,San Antonio Spurs,Oklahoma City Thunder,0,-10.5,234.5,117,102,41,28,26,22,36,24,19,23,0,DraftKings
nba,2026,2,2025-12-25,401809241,Houston Rockets,Los Angeles Lakers,0,1.5,231.5,119,96,37,26,29,27,25,28,21,22,0,DraftKings
nba,2026,2,2025-12-25,401809238,Cleveland Cavaliers,New York Knicks,0,-4.5,241.5,124,126,38,20,38,28,23,37,24,42,0,DraftKings
nba,2026,2,2025-12-25,401809240,Dallas Mavericks,Golden State Warriors,0,-8.5,231.5,116,126,28,30,31,27,40,31,29,26,0,DraftKings
nba,2026,2,2025-12-26,401810280,Toronto Raptors,Washington Wizards,0,8.5,225.5,117,138,32,30,38,17,35,38,29,36,0,DraftKings
nba,2026,2,2025-12-25,401809242,Minnesota Timberwolves,Denver Nuggets,0,1.5,238.5,138,142,29,26,23,37,32,25,35,23,1,DraftKings
nba,2026,2,2025-12-26,401810279,Charlotte Hornets,Orlando Magic,0,-5.5,227.5,120,105,38,19,39,24,28,20,29,28,0,DraftKings
nba,2026,2,2025-12-26,401810278,Miami Heat,Atlanta Hawks,0,-2.5,250.5,126,111,32,31,27,36,32,19,33,27,0,DraftKings
nba,2026,2,2025-12-26,401810282,Philadelphia 76ers,Chicago Bulls,0,1.5,241.5,102,109,28,24,33,17,30,19,32,28,0,DraftKings
nba,2026,2,2025-12-26,401810284,Phoenix Suns,New Orleans Pelicans,0,5.5,241.5,115,108,26,27,28,34,23,25,32,28,0,DraftKings
nba,2026,2,2025-12-26,401810281,Boston Celtics,Indiana Pacers,0,8.5,222.5,140,122,28,47,36,29,39,22,30,31,0,DraftKings
nba,2026,2,2025-12-26,401810283,Milwaukee Bucks,Memphis Grizzlies,0,-5.5,228.5,104,125,35,15,33,21,25,35,32,33,0,DraftKings
nba,2026,2,2025-12-26,401810285,Detroit Pistons,Utah Jazz,0,9.5,245.5,129,131,36,32,35,26,33,34,44,20,0,DraftKings
nba,2026,2,2025-12-27,401810288,Denver Nuggets,Orlando Magic,0,3.5,235.5,126,127,31,31,31,33,23,25,36,43,0,DraftKings
nba,2026,2,2025-12-27,401810287,Dallas Mavericks,Sacramento Kings,0,2.5,233.5,107,113,23,21,33,30,31,28,29,25,0,DraftKings
nba,2026,2,2025-12-26,401810286,LA Clippers,Portland Trail Blazers,0,2.5,227.5,119,103,25,31,29,34,35,27,16,25,0,DraftKings
nba,2026,2,2025-12-27,401810289,Phoenix Suns,New Orleans Pelicans,0,4.5,241.5,123,114,32,33,28,30,33,22,30,29,0,DraftKings
nba,2026,2,2025-12-27,401810290,New York Knicks,Atlanta Hawks,0,5.5,244.5,128,125,33,35,30,30,27,28,34,36,0,DraftKings
nba,2026,2,2025-12-27,401810291,Indiana Pacers,Miami Heat,0,-6.5,233.5,116,142,28,32,34,22,29,30,39,44,0,DraftKings
nba,2026,2,2025-12-27,401810292,Milwaukee Bucks,Chicago Bulls,0,-2.5,233.5,112,103,28,26,31,27,26,24,30,23,0,DraftKings
nba,2026,2,2025-12-27,401810295,Utah Jazz,San Antonio Spurs,0,-14.5,244.5,127,114,32,38,28,29,40,20,27,27,0,DraftKings
nba,2026,2,2025-12-28,401810296,Golden State Warriors,Toronto Raptors,0,4.5,227.5,127,141,29,35,36,22,33,32,31,26,1,DraftKings
nba,2026,2,2025-12-27,401810293,Cleveland Cavaliers,Houston Rockets,0,-2.5,231.5,100,117,24,22,17,37,32,28,30,27,0,DraftKings
nba,2026,2,2025-12-28,401810297,Philadelphia 76ers,Oklahoma City Thunder,0,-14.5,226.5,104,129,29,33,24,18,32,32,38,27,0,DraftKings
nba,2026,2,2025-12-27,401810294,Brooklyn Nets,Minnesota Timberwolves,0,-12.5,224.5,123,107,33,29,36,25,30,33,23,21,0,DraftKings
nba,2026,2,2025-12-28,401810299,Boston Celtics,Portland Trail Blazers,0,6.5,231.5,108,114,30,33,22,23,31,24,31,28,0,DraftKings
nba,2026,2,2025-12-28,401810300,Detroit Pistons,LA Clippers,0,3.5,224.5,99,112,20,22,27,30,33,27,32,20,0,DraftKings
nba,2026,2,2025-12-28,401810301,Sacramento Kings,Los Angeles Lakers,0,-12.5,231.5,101,125,24,29,27,21,30,38,31,26,0,DraftKings
nba,2026,2,2025-12-28,401810298,Memphis Grizzlies,Washington Wizards,0,8.5,241.5,112,116,27,32,29,24,25,35,24,32,0,DraftKings
nba,2026,2,2025-12-29,401810302,Milwaukee Bucks,Charlotte Hornets,0,2.5,227.5,123,113,25,38,32,28,26,40,23,24,0,DraftKings
nba,2026,2,2025-12-29,401810303,Phoenix Suns,Washington Wizards,0,10.5,233.5,115,101,22,39,26,28,23,31,25,22,0,DraftKings
nba,2026,2,2025-12-29,401810304,Golden State Warriors,Brooklyn Nets,0,6.5,226.5,120,107,28,31,30,31,30,27,28,22,0,DraftKings
nba,2026,2,2025-12-29,401810305,Denver Nuggets,Miami Heat,0,1.5,244.5,123,147,29,34,36,24,41,22,47,37,0,DraftKings
nba,2026,2,2025-12-29,401810306,Orlando Magic,Toronto Raptors,0,1.5,220.5,106,107,29,36,29,12,18,36,30,23,0,DraftKings
nba,2026,2,2025-12-29,401810307,Minnesota Timberwolves,Chicago Bulls,0,6.5,243.5,136,101,21,34,40,41,23,27,28,23,0,DraftKings
nba,2026,2,2025-12-29,401810310,Atlanta Hawks,Oklahoma City Thunder,0,-17.5,232.5,129,140,38,36,29,26,35,35,43,27,0,DraftKings
nba,2026,2,2025-12-29,401810309,New York Knicks,New Orleans Pelicans,0,8.5,247.5,130,125,37,35,24,34,41,34,28,22,0,DraftKings
nba,2026,2,2025-12-29,401810311,Cleveland Cavaliers,San Antonio Spurs,0,-3.5,243.5,113,101,25,24,27,37,26,29,23,23,0,DraftKings
nba,2026,2,2025-12-29,401810308,Indiana Pacers,Houston Rockets,0,-12.5,223.5,119,126,25,23,30,41,30,36,39,21,0,DraftKings
nba,2026,2,2025-12-29,401810312,Dallas Mavericks,Portland Trail Blazers,0,-2.5,232.5,122,125,29,34,30,29,42,33,22,28,0,DraftKings
nba,2026,2,2025-12-30,401810313,Philadelphia 76ers,Memphis Grizzlies,0,1.5,235.5,139,136,34,38,31,25,40,32,28,28,1,DraftKings
nba,2026,2,2025-12-30,401810315,Detroit Pistons,Los Angeles Lakers,0,2.5,233.5,128,106,36,34,26,32,30,35,23,18,0,DraftKings
nba,2026,2,2025-12-30,401810314,Boston Celtics,Utah Jazz,0,8.5,243.5,129,119,31,28,40,30,38,26,32,23,0,DraftKings
nba,2026,2,2025-12-30,401810316,Sacramento Kings,LA Clippers,0,-9.5,218.5,90,131,20,20,31,19,34,39,27,31,0,DraftKings
nba,2026,2,2025-12-31,401810317,Golden State Warriors,Charlotte Hornets,0,7.5,234.5,132,125,30,39,29,34,30,34,36,25,0,DraftKings
nba,2026,2,2025-12-31,401810318,Minnesota Timberwolves,Atlanta Hawks,0,5.5,240.5,102,126,26,23,24,29,33,37,28,28,0,DraftKings
nba,2026,2,2025-12-31,401810319,Orlando Magic,Indiana Pacers,0,4.5,229.5,112,110,31,37,26,18,28,38,29,15,0,DraftKings
nba,2026,2,2025-12-31,401810320,Phoenix Suns,Cleveland Cavaliers,0,-6.5,232.5,113,129,21,33,35,24,37,30,29,33,0,DraftKings
nba,2026,2,2025-12-31,401810322,New York Knicks,San Antonio Spurs,0,-3.5,235.5,132,134,45,28,29,30,36,27,30,41,0,DraftKings
nba,2026,2,2025-12-31,401810321,New Orleans Pelicans,Chicago Bulls,0,-1.5,248.5,118,134,32,30,28,28,36,31,30,37,0,DraftKings
nba,2026,2,2025-12-31,401810323,Denver Nuggets,Toronto Raptors,0,-7.5,229.5,106,103,32,31,22,21,23,31,25,24,0,DraftKings
nba,2026,2,2025-12-31,401810324,Washington Wizards,Milwaukee Bucks,0,-10.5,234.5,114,113,30,35,21,28,32,30,26,25,0,DraftKings
nba,2026,2,2025-12-31,401810325,Portland Trail Blazers,Oklahoma City Thunder,0,-15.5,232.5,95,124,30,25,21,19,38,35,26,25,0,DraftKings
nba,2026,2,2026-01-01,401810326,Houston Rockets,Brooklyn Nets,0,13.5,217.5,120,96,26,27,37,30,20,22,25,29,0,DraftKings
nba,2026,2,2026-01-01,401810330,Utah Jazz,LA Clippers,0,-13.5,230.5,101,118,17,33,31,20,31,22,29,36,0,DraftKings
nba,2026,2,2026-01-01,401810329,Boston Celtics,Sacramento Kings,0,10.5,229.5,120,106,28,34,26,32,29,32,27,18,0,DraftKings
nba,2026,2,2026-01-01,401810327,Miami Heat,Detroit Pistons,0,-4.5,235.5,118,112,33,30,31,24,26,28,27,31,0,DraftKings
nba,2026,2,2026-01-01,401810328,Philadelphia 76ers,Dallas Mavericks,0,2.5,231.5,123,108,27,41,24,31,33,24,26,25,0,DraftKings
nba,2026,2,2026-01-02,401810331,San Antonio Spurs,Indiana Pacers,0,4.5,239.5,123,113,30,41,22,30,31,27,27,28,0,DraftKings
nba,2026,2,2026-01-02,401810332,Brooklyn Nets,Washington Wizards,0,-2.5,224.5,99,119,24,26,23,26,37,27,32,23,0,DraftKings
nba,2026,2,2026-01-02,401810334,Atlanta Hawks,New York Knicks,0,-4.5,239.5,111,99,33,27,34,17,30,17,23,29,0,DraftKings
nba,2026,2,2026-01-02,401810333,Denver Nuggets,Cleveland Cavaliers,0,-13.5,240.5,108,113,24,35,38,11,28,34,26,25,0,DraftKings
nba,2026,2,2026-01-02,401810335,Orlando Magic,Chicago Bulls,0,5.5,233.5,114,121,32,27,36,19,22,37,32,30,0,DraftKings
nba,2026,2,2026-01-02,401810336,Charlotte Hornets,Milwaukee Bucks,0,-5.5,233.5,121,122,38,22,31,30,24,27,36,35,0,DraftKings
nba,2026,2,2026-01-02,401810337,Portland Trail Blazers,New Orleans Pelicans,0,3.5,240.5,122,109,29,34,22,37,37,18,20,34,0,DraftKings
nba,2026,2,2026-01-02,401810339,Oklahoma City Thunder,Golden State Warriors,0,13.5,226.5,131,94,34,30,31,36,23,22,21,28,0,DraftKings
nba,2026,2,2026-01-02,401810338,Sacramento Kings,Phoenix Suns,0,-13.5,223.5,102,129,29,27,27,19,32,30,35,32,0,DraftKings
nba,2026,2,2026-01-03,401810347,Utah Jazz,Golden State Warriors,0,-12.5,248.5,114,123,29,36,31,18,25,33,42,23,0,DraftKings
nba,2026,2,2026-01-02,401810340,Memphis Grizzlies,Los Angeles Lakers,0,-5.5,241.5,121,128,31,29,36,25,39,27,30,32,0,DraftKings
nba,2026,2,2026-01-03,401810343,Atlanta Hawks,Toronto Raptors,0,-5.5,232.5,117,134,29,41,36,11,35,42,30,27,0,DraftKings
nba,2026,2,2026-01-03,401810346,Houston Rockets,Dallas Mavericks,0,7.5,228.5,104,110,31,19,25,29,25,32,30,23,0,DraftKings
nba,2026,2,2026-01-03,401810341,Minnesota Timberwolves,Miami Heat,0,2.5,235.5,125,115,27,29,34,35,25,25,36,29,0,DraftKings
nba,2026,2,2026-01-03,401810342,Philadelphia 76ers,New York Knicks,0,-3.5,233.5,130,119,31,35,33,31,30,28,29,32,0,DraftKings
nba,2026,2,2026-01-03,401810345,Portland Trail Blazers,San Antonio Spurs,0,-8.5,234.5,115,110,35,20,32,28,24,27,29,30,0,DraftKings
nba,2026,2,2026-01-03,401810344,Charlotte Hornets,Chicago Bulls,0,-2.5,241.5,112,99,27,23,32,30,39,19,17,24,0,DraftKings
nba,2026,2,2026-01-04,401810349,Detroit Pistons,Cleveland Cavaliers,0,-3.5,239.5,114,110,19,47,21,27,28,28,26,28,0,DraftKings
nba,2026,2,2026-01-04,401810351,Denver Nuggets,Brooklyn Nets,0,2.5,224.5,115,127,29,23,32,31,33,26,41,27,0,DraftKings
nba,2026,2,2026-01-03,401810348,Boston Celtics,LA Clippers,0,-1.5,219.5,146,115,42,29,42,33,28,35,36,16,0,DraftKings
nba,2026,2,2026-01-04,401810350,Indiana Pacers,Orlando Magic,0,-6.5,228.5,127,135,36,22,42,27,28,41,38,28,0,DraftKings
nba,2026,2,2026-01-04,401810352,New Orleans Pelicans,Miami Heat,0,-7.5,247.5,106,125,39,23,15,29,43,27,23,32,0,DraftKings
nba,2026,2,2026-01-04,401810353,Minnesota Timberwolves,Washington Wizards,0,10.5,240.5,141,115,38,35,35,33,28,30,21,36,0,DraftKings
nba,2026,2,2026-01-04,401810355,Milwaukee Bucks,Sacramento Kings,0,6.5,227.5,115,98,28,34,23,30,26,18,25,29,0,DraftKings
nba,2026,2,2026-01-04,401810354,Oklahoma City Thunder,Phoenix Suns,0,10.5,229.5,105,108,26,23,24,32,20,22,32,34,0,DraftKings
nba,2026,2,2026-01-05,401810360,Phoenix Suns,Houston Rockets,0,-8.5,222.5,97,100,29,31,18,19,25,29,24,22,0,DraftKings
nba,2026,2,2026-01-05,401810361,Charlotte Hornets,Oklahoma City Thunder,0,-15.5,235.5,124,97,33,34,32,25,33,17,21,26,0,DraftKings
nba,2026,2,2026-01-05,401810359,Atlanta Hawks,Toronto Raptors,0,-2.5,237.5,100,118,26,23,24,27,31,30,25,32,0,DraftKings
nba,2026,2,2026-01-05,401810357,New York Knicks,Detroit Pistons,0,1.5,233.5,90,121,29,25,15,21,30,34,25,32,0,DraftKings
nba,2026,2,2026-01-05,401810358,Chicago Bulls,Boston Celtics,0,-10.5,236.5,101,115,14,19,34,34,31,23,31,30,0,DraftKings
nba,2026,2,2026-01-04,401810356,Memphis Grizzlies,Los Angeles Lakers,0,-5.5,238.5,114,120,34,31,22,27,26,28,29,37,0,DraftKings
nba,2026,2,2026-01-05,401810362,Denver Nuggets,Philadelphia 76ers,0,-14.5,228.5,125,124,29,29,29,33,26,32,35,27,1,DraftKings
nba,2026,2,2026-01-05,401810363,Golden State Warriors,LA Clippers,0,3.5,222.5,102,103,19,32,13,38,31,24,21,27,0,DraftKings
nba,2026,2,2026-01-06,401810367,San Antonio Spurs,Memphis Grizzlies,0,5.5,237.5,105,106,31,23,27,24,21,25,36,24,0,DraftKings
nba,2026,2,2026-01-06,401810369,Los Angeles Lakers,New Orleans Pelicans,0,5.5,245.5,111,103,29,22,28,32,25,29,32,17,0,DraftKings
nba,2026,2,2026-01-06,401810366,Orlando Magic,Washington Wizards,0,7.5,235.5,112,120,29,21,37,25,30,32,39,19,0,DraftKings
nba,2026,2,2026-01-06,401810368,Miami Heat,Minnesota Timberwolves,0,-5.5,238.5,94,122,29,25,23,17,27,34,32,29,0,DraftKings
nba,2026,2,2026-01-06,401810365,Cleveland Cavaliers,Indiana Pacers,0,6.5,237.5,120,116,22,31,31,36,28,32,33,23,0,DraftKings
nba,2026,2,2026-01-05,401810364,Utah Jazz,Portland Trail Blazers,0,-5.5,242.5,117,137,26,31,26,34,36,42,36,23,0,DraftKings
nba,2026,2,2026-01-06,401810370,Dallas Mavericks,Sacramento Kings,0,4.5,233.5,100,98,25,21,30,24,35,23,20,20,0,DraftKings
nba,2026,2,2026-01-07,401810371,Toronto Raptors,Charlotte Hornets,0,2.5,229.5,97,96,25,20,21,31,22,28,22,24,0,DraftKings
nba,2026,2,2026-01-07,401810372,Chicago Bulls,Detroit Pistons,0,-7.5,227.5,93,108,24,26,27,16,30,22,24,32,0,DraftKings
nba,2026,2,2026-01-07,401810375,Denver Nuggets,Boston Celtics,0,-10.5,230.5,114,110,31,27,21,35,35,23,24,28,0,DraftKings
nba,2026,2,2026-01-07,401810373,Washington Wizards,Philadelphia 76ers,0,-16.5,233.5,110,131,30,26,24,30,37,25,30,39,0,DraftKings
nba,2026,2,2026-01-07,401810374,New Orleans Pelicans,Atlanta Hawks,0,-10.5,246.5,100,117,26,27,13,34,37,28,24,28,0,DraftKings
nba,2026,2,2026-01-07,401810376,Orlando Magic,Brooklyn Nets,0,2.5,220.5,104,103,21,27,31,14,23,20,21,29,1,DraftKings
nba,2026,2,2026-01-07,401810379,Phoenix Suns,Memphis Grizzlies,0,5.5,231.5,117,98,30,35,26,26,23,24,21,30,0,DraftKings
nba,2026,2,2026-01-07,401810377,LA Clippers,New York Knicks,0,-4.5,223.5,111,123,31,25,31,24,27,24,39,33,0,DraftKings
nba,2026,2,2026-01-07,401810380,Utah Jazz,Oklahoma City Thunder,0,-19.5,242.5,125,129,22,31,33,28,31,27,33,23,1,DraftKings
nba,2026,2,2026-01-07,401810378,Los Angeles Lakers,San Antonio Spurs,0,-8.5,233.5,91,107,23,20,25,23,26,22,31,28,0,DraftKings
nba,2026,2,2026-01-07,401810382,Houston Rockets,Portland Trail Blazers,0,7.5,222.5,102,103,22,25,28,27,25,32,24,22,0,DraftKings
nba,2026,2,2026-01-08,401810383,Indiana Pacers,Charlotte Hornets,0,-4.5,232.5,114,112,33,27,30,24,30,28,29,25,0,DraftKings
nba,2026,2,2026-01-08,401810385,Cleveland Cavaliers,Minnesota Timberwolves,0,-3.5,239.5,122,131,31,36,22,33,32,31,43,25,0,DraftKings
nba,2026,2,2026-01-07,401810381,Milwaukee Bucks,Golden State Warriors,0,-6.5,228.5,113,120,31,22,29,31,31,33,34,22,0,DraftKings
nba,2026,2,2026-01-08,401810386,Dallas Mavericks,Utah Jazz,0,5.5,243.5,114,116,29,26,34,25,34,24,30,28,0,DraftKings
nba,2026,2,2026-01-09,401810387,Toronto Raptors,Boston Celtics,0,-9.5,223.5,117,125,30,30,26,31,37,31,29,28,0,DraftKings
nba,2026,2,2026-01-09,401810389,New Orleans Pelicans,Washington Wizards,0,3.5,242.5,128,107,28,32,40,28,26,24,34,23,0,DraftKings
nba,2026,2,2026-01-09,401810393,New York Knicks,Phoenix Suns,0,1.5,229.5,107,112,23,37,26,21,28,34,32,18,0,DraftKings
nba,2026,2,2026-01-09,401810388,Philadelphia 76ers,Orlando Magic,0,3.5,226.5,103,91,24,29,30,20,28,26,25,12,0,DraftKings
nba,2026,2,2026-01-09,401810391,Oklahoma City Thunder,Memphis Grizzlies,0,5.5,229.5,117,116,25,21,35,36,35,30,29,22,0,DraftKings
nba,2026,2,2026-01-09,401810394,Sacramento Kings,Golden State Warriors,0,-15.5,231.5,103,137,29,30,25,19,34,29,34,40,0,DraftKings
nba,2026,2,2026-01-09,401810392,Atlanta Hawks,Denver Nuggets,0,3.5,229.5,110,87,30,28,16,36,28,22,25,12,0,DraftKings
nba,2026,2,2026-01-09,401810396,Milwaukee Bucks,Los Angeles Lakers,0,-3.5,228.5,105,101,24,37,25,19,25,27,25,24,0,DraftKings
nba,2026,2,2026-01-09,401810390,LA Clippers,Brooklyn Nets,0,5.5,214.5,121,105,35,28,28,30,25,22,29,29,0,DraftKings
nba,2026,2,2026-01-09,401810395,Houston Rockets,Portland Trail Blazers,0,6.5,222.5,105,111,29,27,34,15,28,27,22,34,0,DraftKings
nba,2026,2,2026-01-10,401810398,Miami Heat,Indiana Pacers,0,6.5,235.5,99,123,18,27,27,27,36,25,38,24,0,DraftKings
nba,2026,2,2026-01-10,401810401,Dallas Mavericks,Chicago Bulls,0,-4.5,233.5,107,125,28,27,24,28,36,30,28,31,0,DraftKings
nba,2026,2,2026-01-10,401810399,LA Clippers,Detroit Pistons,0,-1.5,213.5,98,92,14,27,27,30,28,27,21,16,0,DraftKings
nba,2026,2,2026-01-10,401810397,Minnesota Timberwolves,Cleveland Cavaliers,0,-2.5,240.5,134,146,33,32,26,43,29,34,36,47,0,DraftKings
nba,2026,2,2026-01-10,401810400,San Antonio Spurs,Boston Celtics,0,1.5,231.5,100,95,21,29,23,27,26,29,20,20,0,DraftKings
nba,2026,2,2026-01-10,401810402,Charlotte Hornets,Utah Jazz,0,6.5,241.5,150,95,45,32,38,35,14,24,26,31,0,DraftKings
nba,2026,2,2026-01-11,401810403,New Orleans Pelicans,Orlando Magic,0,-7.5,236.5,118,128,26,33,39,20,26,32,33,37,0,DraftKings
nba,2026,2,2026-01-11,401810405,Philadelphia 76ers,Toronto Raptors,0,1.5,219.5,115,116,25,23,36,23,22,36,18,31,1,DraftKings
nba,2026,2,2026-01-11,401810404,Brooklyn Nets,Memphis Grizzlies,0,-7.5,220.5,98,103,23,27,24,24,34,27,16,26,0,DraftKings
nba,2026,2,2026-01-11,401810411,Atlanta Hawks,Golden State Warriors,0,-7.5,237.5,124,111,27,32,35,30,28,25,25,33,0,DraftKings
nba,2026,2,2026-01-11,401810409,Milwaukee Bucks,Denver Nuggets,0,6.5,219.5,104,108,23,29,22,30,27,35,23,23,0,DraftKings
nba,2026,2,2026-01-11,401810410,Washington Wizards,Phoenix Suns,0,-15.5,230.5,93,112,28,22,17,26,32,33,31,16,0,DraftKings
nba,2026,2,2026-01-11,401810408,Miami Heat,Oklahoma City Thunder,0,-14.5,234.5,112,124,34,25,26,27,32,22,39,31,0,DraftKings
nba,2026,2,2026-01-11,401810406,New York Knicks,Portland Trail Blazers,0,5.5,230.5,123,114,34,31,25,33,34,26,25,29,0,DraftKings
nba,2026,2,2026-01-11,401810407,San Antonio Spurs,Minnesota Timberwolves,0,-2.5,233.5,103,104,31,24,30,18,24,18,29,33,0,DraftKings
nba,2026,2,2026-01-11,401810412,Houston Rockets,Sacramento Kings,0,14.5,223.5,98,111,23,25,28,22,22,29,27,33,0,DraftKings
nba,2026,2,2026-01-12,401810415,Philadelphia 76ers,Toronto Raptors,0,3.5,221.5,115,102,45,35,19,16,28,23,26,25,0,DraftKings
nba,2026,2,2026-01-12,401810413,Utah Jazz,Cleveland Cavaliers,0,-13.5,249.5,123,112,34,20,36,33,22,40,24,26,0,DraftKings
nba,2026,2,2026-01-12,401810416,Brooklyn Nets,Dallas Mavericks,0,-3.5,218.5,105,113,23,22,32,28,32,24,28,29,0,DraftKings
nba,2026,2,2026-01-12,401810414,Boston Celtics,Indiana Pacers,0,5.5,227.5,96,98,24,32,21,19,19,34,26,19,0,DraftKings
nba,2026,2,2026-01-12,401810417,Los Angeles Lakers,Sacramento Kings,0,9.5,231.5,112,124,28,26,29,29,32,29,34,29,0,DraftKings
nba,2026,2,2026-01-12,401810418,Charlotte Hornets,LA Clippers,0,-4.5,222.5,109,117,26,17,41,25,24,21,41,31,0,DraftKings
nba,2026,2,2026-01-13,401810419,Phoenix Suns,Miami Heat,0,-1.5,232.5,121,127,28,26,38,29,36,35,21,35,0,DraftKings
nba,2026,2,2026-01-14,401810426,Toronto Raptors,Indiana Pacers,0,-1.5,220.5,115,101,39,28,27,21,18,30,30,23,0,DraftKings
nba,2026,2,2026-01-13,401810424,Atlanta Hawks,Los Angeles Lakers,0,-1.5,233.5,116,141,30,30,26,30,37,44,21,39,0,DraftKings
nba,2026,2,2026-01-13,401810423,San Antonio Spurs,Oklahoma City Thunder,0,-8.5,230.5,98,119,26,26,24,22,32,23,40,24,0,DraftKings
nba,2026,2,2026-01-14,401810427,Cleveland Cavaliers,Philadelphia 76ers,0,1.5,236.5,133,107,33,27,33,40,18,29,28,32,0,DraftKings
nba,2026,2,2026-01-13,401810421,Minnesota Timberwolves,Milwaukee Bucks,0,-1.5,229.5,139,106,38,38,30,33,20,25,33,28,0,DraftKings
nba,2026,2,2026-01-13,401810420,Chicago Bulls,Houston Rockets,0,-12.5,224.5,113,119,24,36,28,25,29,28,33,29,0,DraftKings
nba,2026,2,2026-01-13,401810422,Denver Nuggets,New Orleans Pelicans,0,2.5,234.5,122,116,32,28,29,33,31,34,27,24,0,DraftKings
nba,2026,2,2026-01-13,401810425,Portland Trail Blazers,Golden State Warriors,0,-10.5,225.5,97,119,24,17,30,26,38,29,28,24,0,DraftKings
nba,2026,2,2026-01-14,401810428,Utah Jazz,Chicago Bulls,0,-5.5,240.5,126,128,39,23,32,32,36,35,23,34,0,DraftKings
nba,2026,2,2026-01-14,401810431,New York Knicks,Sacramento Kings,0,10.5,229.5,101,112,17,25,34,25,32,24,40,16,0,DraftKings
nba,2026,2,2026-01-14,401810429,Brooklyn Nets,New Orleans Pelicans,0,-1.5,232.5,113,116,31,24,32,26,27,27,33,29,0,DraftKings
nba,2026,2,2026-01-14,401810430,Denver Nuggets,Dallas Mavericks,0,-1.5,224.5,118,109,29,34,25,30,23,23,32,31,0,DraftKings
nba,2026,2,2026-01-15,401810435,Boston Celtics,Miami Heat,0,2.5,235.5,119,114,25,29,29,36,36,28,29,21,0,DraftKings
nba,2026,2,2026-01-14,401810432,Washington Wizards,LA Clippers,0,-11.5,227.5,105,119,22,29,38,16,37,33,26,23,0,DraftKings
nba,2026,2,2026-01-15,401810433,Memphis Grizzlies,Orlando Magic,1,-5.5,227.5,111,118,39,28,12,32,23,35,26,34,0,DraftKings
nba,2026,2,2026-01-15,401810434,Phoenix Suns,Detroit Pistons,0,-7.5,219.5,105,108,32,31,27,15,23,33,33,19,0,DraftKings
nba,2026,2,2026-01-15,401810438,Utah Jazz,Dallas Mavericks,0,-2.5,238.5,122,144,24,26,29,43,35,35,42,32,0,DraftKings
nba,2026,2,2026-01-16,401810443,New Orleans Pelicans,Indiana Pacers,0,-4.5,241.5,119,127,33,33,27,26,31,42,29,25,0,DraftKings
nba,2026,2,2026-01-15,401810436,Oklahoma City Thunder,Houston Rockets,0,4.5,221.5,111,91,21,34,22,34,19,29,27,16,0,DraftKings
nba,2026,2,2026-01-15,401810437,Milwaukee Bucks,San Antonio Spurs,0,-7.5,225.5,101,119,27,26,16,32,31,35,40,13,0,DraftKings
nba,2026,2,2026-01-15,401810439,New York Knicks,Golden State Warriors,0,-7.5,228.5,113,126,35,24,28,26,30,32,37,27,0,DraftKings
nba,2026,2,2026-01-15,401810441,Charlotte Hornets,Los Angeles Lakers,0,-3.5,233.5,135,117,30,34,40,31,39,16,38,24,0,DraftKings
nba,2026,2,2026-01-16,401810444,Cleveland Cavaliers,Philadelphia 76ers,0,-2.5,233.5,117,115,31,24,29,33,31,31,29,24,0,DraftKings
nba,2026,2,2026-01-16,401810442,Chicago Bulls,Brooklyn Nets,0,-1.5,224.5,109,112,23,17,32,37,27,30,32,23,0,DraftKings
nba,2026,2,2026-01-15,401810440,Atlanta Hawks,Portland Trail Blazers,0,3.5,229.5,101,117,25,31,31,14,33,21,34,29,0,DraftKings
nba,2026,2,2026-01-16,401810446,Minnesota Timberwolves,Houston Rockets,0,-3.5,221.5,105,110,34,21,27,23,29,24,28,29,0,DraftKings
nba,2026,2,2026-01-16,401810447,Washington Wizards,Sacramento Kings,0,-7.5,234.5,115,128,22,39,23,31,41,26,34,27,0,DraftKings
nba,2026,2,2026-01-17,401810450,Indiana Pacers,Detroit Pistons,0,-15.5,225.5,78,121,11,14,28,25,31,28,33,29,0,DraftKings
nba,2026,2,2026-01-17,401810448,Utah Jazz,Dallas Mavericks,0,-3.5,240.5,120,138,29,30,35,26,42,29,35,32,0,DraftKings
nba,2026,2,2026-01-16,401810445,LA Clippers,Toronto Raptors,0,-2.5,213.5,121,117,24,28,26,31,32,29,28,20,1,DraftKings
nba,2026,2,2026-01-17,401810449,Boston Celtics,Atlanta Hawks,0,3.5,230.5,132,106,30,52,35,15,23,28,23,32,0,DraftKings
nba,2026,2,2026-01-17,401810451,Phoenix Suns,New York Knicks,0,-1.5,224.5,106,99,19,36,25,26,27,29,21,22,0,DraftKings
nba,2026,2,2026-01-17,401810452,Oklahoma City Thunder,Miami Heat,0,11.5,235.5,120,122,37,28,30,25,30,30,35,27,0,DraftKings
nba,2026,2,2026-01-18,401810458,Brooklyn Nets,Chicago Bulls,0,-7.5,223.5,102,124,22,29,20,31,39,31,25,29,0,DraftKings
nba,2026,2,2026-01-17,401810453,Minnesota Timberwolves,San Antonio Spurs,0,-4.5,234.5,123,126,22,22,40,39,21,48,27,30,0,DraftKings
nba,2026,2,2026-01-17,401810454,Charlotte Hornets,Golden State Warriors,0,-7.5,236.5,116,136,28,29,37,22,39,30,43,24,0,DraftKings
nba,2026,2,2026-01-17,401810456,Los Angeles Lakers,Portland Trail Blazers,0,-3.5,223.5,116,132,27,34,29,26,40,31,36,25,0,DraftKings
nba,2026,2,2026-01-18,401810459,New Orleans Pelicans,Houston Rockets,0,-13.5,232.5,110,119,30,24,26,30,32,32,23,32,0,DraftKings
nba,2026,2,2026-01-18,401810457,Orlando Magic,Memphis Grizzlies,1,2.5,229.5,109,126,23,30,28,28,40,32,28,26,0,DraftKings
nba,2026,2,2026-01-17,401810455,Washington Wizards,Denver Nuggets,0,-10.5,227.5,115,121,29,34,23,29,36,26,21,38,0,DraftKings
nba,2026,2,2026-01-18,401810460,Charlotte Hornets,Denver Nuggets,0,2.5,225.5,110,87,33,27,27,23,18,16,23,30,0,DraftKings
nba,2026,2,2026-01-18,401810461,Portland Trail Blazers,Sacramento Kings,0,1.5,230.5,117,110,32,32,29,24,32,21,29,28,0,DraftKings
nba,2026,2,2026-01-18,401810462,Toronto Raptors,Los Angeles Lakers,0,-2.5,226.5,93,110,30,24,26,13,23,32,32,23,0,DraftKings
nba,2026,2,2026-01-19,401810463,LA Clippers,Washington Wizards,0,6.5,227.5,110,106,26,28,25,31,26,27,28,25,0,DraftKings
nba,2026,2,2026-01-19,401809249,Dallas Mavericks,New York Knicks,0,-12.5,231.5,114,97,31,44,19,20,22,25,24,26,0,DraftKings
nba,2026,2,2026-01-19,401809248,Oklahoma City Thunder,Cleveland Cavaliers,0,6.5,229.5,136,104,32,34,25,45,27,24,28,25,0,DraftKings
nba,2026,2,2026-01-19,401809247,Milwaukee Bucks,Atlanta Hawks,0,-1.5,232.5,112,110,20,34,26,32,19,19,34,38,0,DraftKings
nba,2026,2,2026-01-19,401810466,Utah Jazz,San Antonio Spurs,0,-16.5,237.5,110,123,26,31,23,30,34,27,35,27,0,DraftKings
nba,2026,2,2026-01-19,401810464,Indiana Pacers,Philadelphia 76ers,0,-6.5,230.5,104,113,30,25,26,23,33,17,32,31,0,DraftKings
nba,2026,2,2026-01-19,401810467,Miami Heat,Golden State Warriors,0,-5.5,239.5,112,135,34,32,27,19,36,34,34,31,0,DraftKings
nba,2026,2,2026-01-19,401809250,Boston Celtics,Detroit Pistons,0,-2.5,223.5,103,104,29,22,31,21,26,33,25,20,0,DraftKings
nba,2026,2,2026-01-19,401810465,Phoenix Suns,Brooklyn Nets,0,9.5,214.5,126,117,40,32,31,23,26,42,21,28,0,DraftKings
nba,2026,2,2026-01-20,401810468,Phoenix Suns,Philadelphia 76ers,0,2.5,222.5,116,110,27,30,40,19,30,23,31,26,0,DraftKings
nba,2026,2,2026-01-20,401810470,San Antonio Spurs,Houston Rockets,0,-4.5,220.5,106,111,39,31,22,14,28,32,22,29,0,DraftKings
nba,2026,2,2026-01-20,401810469,LA Clippers,Chicago Bulls,0,-2.5,224.5,110,138,30,19,34,27,25,45,32,36,0,DraftKings
nba,2026,2,2026-01-20,401810471,Minnesota Timberwolves,Utah Jazz,0,12.5,238.5,122,127,34,24,38,26,29,30,25,43,0,DraftKings
nba,2026,2,2026-01-20,401810472,Los Angeles Lakers,Denver Nuggets,0,3.5,228.5,115,107,28,29,29,29,37,34,17,19,0,DraftKings
nba,2026,2,2026-01-20,401810474,Miami Heat,Sacramento Kings,0,4.5,238.5,130,117,32,45,23,30,25,39,25,28,0,DraftKings
nba,2026,2,2026-01-20,401810473,Toronto Raptors,Golden State Warriors,0,-4.5,224.5,145,127,41,29,38,37,28,22,44,33,0,DraftKings
nba,2026,2,2026-01-21,401810476,Indiana Pacers,Boston Celtics,0,-10.5,225.5,104,119,20,26,32,26,30,36,25,28,0,DraftKings
nba,2026,2,2026-01-21,401810475,Cleveland Cavaliers,Charlotte Hornets,0,3.5,238.5,94,87,33,23,20,18,20,12,32,23,0,DraftKings
nba,2026,2,2026-01-21,401810478,Atlanta Hawks,Memphis Grizzlies,0,-1.5,239.5,124,122,31,35,28,30,32,27,36,27,0,DraftKings
nba,2026,2,2026-01-21,401810479,Detroit Pistons,New Orleans Pelicans,0,7.5,233.5,112,104,34,34,21,23,30,32,22,20,0,DraftKings
nba,2026,2,2026-01-21,401810477,Brooklyn Nets,New York Knicks,0,-12.5,219.5,66,120,20,18,18,10,38,22,28,32,0,DraftKings
nba,2026,2,2026-01-21,401810480,Oklahoma City Thunder,Milwaukee Bucks,0,12.5,225.5,122,102,38,31,30,23,18,33,26,25,0,DraftKings
nba,2026,2,2026-01-22,401810485,Golden State Warriors,Dallas Mavericks,0,6.5,234.5,115,123,27,23,39,26,24,31,29,39,0,DraftKings
nba,2026,2,2026-01-22,401810487,San Antonio Spurs,Utah Jazz,0,12.5,238.5,126,109,31,34,32,29,31,22,39,17,0,DraftKings
nba,2026,2,2026-01-22,401810483,Houston Rockets,Philadelphia 76ers,0,1.5,221.5,122,128,34,27,27,27,32,36,22,25,1,DraftKings
nba,2026,2,2026-01-22,401810486,Chicago Bulls,Minnesota Timberwolves,0,-9.5,239.5,120,115,26,34,33,27,32,29,29,25,0,DraftKings
nba,2026,2,2026-01-22,401810482,Charlotte Hornets,Orlando Magic,0,-3.5,224.5,124,97,35,27,35,27,20,21,26,30,0,DraftKings
nba,2026,2,2026-01-22,401810484,Denver Nuggets,Washington Wizards,0,6.5,227.5,107,97,27,21,33,26,23,23,29,22,0,DraftKings
nba,2026,2,2026-01-21,401810481,Toronto Raptors,Sacramento Kings,0,5.5,226.5,122,109,26,26,43,27,30,31,21,27,0,DraftKings
nba,2026,2,2026-01-22,401810488,Los Angeles Lakers,LA Clippers,0,-2.5,224.5,104,112,29,18,25,32,36,28,22,26,0,DraftKings
nba,2026,2,2026-01-23,401810490,Houston Rockets,Detroit Pistons,0,-4.5,217.5,111,104,28,24,34,25,20,32,20,32,0,DraftKings
nba,2026,2,2026-01-23,401810493,Sacramento Kings,Cleveland Cavaliers,0,-13.5,233.5,118,123,35,36,22,25,35,33,34,21,0,DraftKings
nba,2026,2,2026-01-23,401810492,Boston Celtics,Brooklyn Nets,0,8.5,215.5,130,126,28,21,29,26,28,27,26,23,2,DraftKings
nba,2026,2,2026-01-22,401810489,Miami Heat,Portland Trail Blazers,0,-3.5,234.5,110,127,31,32,29,18,38,26,39,24,0,DraftKings
nba,2026,2,2026-01-23,401810496,Indiana Pacers,Oklahoma City Thunder,0,-15.5,226.5,117,114,39,19,31,28,28,25,32,29,0,DraftKings
nba,2026,2,2026-01-23,401810491,Phoenix Suns,Atlanta Hawks,0,3.5,233.5,103,110,31,28,32,12,27,37,20,26,0,DraftKings
nba,2026,2,2026-01-23,401810494,New Orleans Pelicans,Memphis Grizzlies,0,-4.5,240.5,133,127,30,30,33,40,30,35,36,26,0,DraftKings
nba,2026,2,2026-01-23,401810495,Denver Nuggets,Milwaukee Bucks,0,-8.5,213.5,102,100,21,27,30,24,21,21,21,37,0,DraftKings
nba,2026,2,2026-01-23,401810497,Toronto Raptors,Portland Trail Blazers,0,3.5,225.5,110,98,19,31,26,34,12,31,31,24,0,DraftKings
nba,2026,2,2026-01-24,401810498,New York Knicks,Philadelphia 76ers,0,1.5,227.5,112,109,34,26,30,22,34,30,13,32,0,DraftKings
nba,2026,2,2026-01-24,401810503,Los Angeles Lakers,Dallas Mavericks,0,4.5,233.5,116,110,37,28,14,37,28,24,35,23,0,DraftKings
nba,2026,2,2026-01-24,401810500,Washington Wizards,Charlotte Hornets,0,-11.5,231.5,115,119,34,24,23,34,35,31,27,26,0,DraftKings
nba,2026,2,2026-01-24,401810501,Cleveland Cavaliers,Orlando Magic,0,-1.5,225.5,119,105,25,30,27,37,23,25,22,35,0,DraftKings
nba,2026,2,2026-01-24,401810502,Boston Celtics,Chicago Bulls,0,3.5,232.5,111,114,28,30,27,26,30,22,36,26,0,DraftKings
nba,2026,2,2026-01-24,401810504,Miami Heat,Utah Jazz,0,6.5,244.5,147,116,35,38,35,39,34,18,37,27,0,DraftKings
nba,2026,2,2026-01-25,401810505,Sacramento Kings,Detroit Pistons,0,-12.5,226.5,116,139,35,30,28,23,35,43,35,26,0,DraftKings
nba,2026,2,2026-01-25,401857824,Golden State Warriors,Minnesota Timberwolves,0,-5.5,237.5,111,85,24,23,38,26,19,27,17,22,0,DraftKings
nba,2026,2,2026-01-25,401810509,New Orleans Pelicans,San Antonio Spurs,0,-11.5,239.5,104,95,25,31,26,22,28,19,21,27,0,DraftKings
nba,2026,2,2026-01-25,401810508,Toronto Raptors,Oklahoma City Thunder,0,-11.5,225.5,103,101,25,29,25,24,30,20,31,20,0,DraftKings
nba,2026,2,2026-01-25,401810511,Brooklyn Nets,LA Clippers,0,-10.5,211.5,89,126,14,23,29,23,38,30,28,30,0,DraftKings
nba,2026,2,2026-01-26,401810514,Indiana Pacers,Atlanta Hawks,0,-5.5,234.5,116,132,38,26,28,24,34,26,35,37,0,DraftKings
nba,2026,2,2026-01-25,401810510,Miami Heat,Phoenix Suns,0,-4.5,225.5,111,102,32,26,24,29,21,27,29,25,0,DraftKings
nba,2026,2,2026-01-26,401810513,Orlando Magic,Cleveland Cavaliers,0,-4.5,221.5,98,114,32,24,25,17,22,39,30,23,0,DraftKings
nba,2026,2,2026-01-26,401810512,Philadelphia 76ers,Charlotte Hornets,0,-1.5,229.5,93,130,22,22,15,34,28,41,40,21,0,DraftKings
nba,2026,2,2026-01-26,401810516,Los Angeles Lakers,Chicago Bulls,0,1.5,235.5,129,118,35,34,35,25,31,25,33,29,0,DraftKings
nba,2026,2,2026-01-26,401810517,Memphis Grizzlies,Houston Rockets,0,-11.5,225.5,99,108,24,30,23,22,23,28,25,32,0,DraftKings
nba,2026,2,2026-01-26,401810518,Golden State Warriors,Minnesota Timberwolves,0,-8.5,226.5,83,108,20,18,19,26,21,32,22,33,0,DraftKings
nba,2026,2,2026-01-26,401810515,Portland Trail Blazers,Boston Celtics,0,-8.5,223.5,94,102,11,26,28,29,32,20,23,27,0,DraftKings
nba,2026,2,2026-01-27,401810519,Portland Trail Blazers,Washington Wizards,0,7.5,232.5,111,115,28,25,34,24,26,34,26,29,0,DraftKings
nba,2026,2,2026-01-27,401810520,Sacramento Kings,New York Knicks,0,-14.5,225.5,87,103,26,25,21,15,36,16,20,31,0,DraftKings
nba,2026,2,2026-01-27,401810523,Detroit Pistons,Denver Nuggets,0,7.5,216.5,109,107,31,21,30,27,18,28,26,35,0,DraftKings
nba,2026,2,2026-01-27,401810521,Milwaukee Bucks,Philadelphia 76ers,0,-10.5,219.5,122,139,34,28,33,27,42,29,35,33,0,DraftKings
nba,2026,2,2026-01-27,401810524,Brooklyn Nets,Phoenix Suns,0,-7.5,210.5,102,106,29,22,24,27,28,32,22,24,0,DraftKings
nba,2026,2,2026-01-27,401810522,New Orleans Pelicans,Oklahoma City Thunder,0,-14.5,233.5,95,104,14,32,23,26,17,31,31,25,0,DraftKings
nba,2026,2,2026-01-28,401810528,Atlanta Hawks,Boston Celtics,0,-5.5,232.5,117,106,38,22,27,30,18,28,30,30,0,DraftKings
nba,2026,2,2026-01-27,401810525,LA Clippers,Utah Jazz,0,8.5,234.5,115,103,18,35,36,26,29,25,20,29,0,DraftKings
nba,2026,2,2026-01-28,401810527,Chicago Bulls,Indiana Pacers,0,1.5,235.5,110,113,33,20,32,25,24,25,27,37,0,DraftKings
nba,2026,2,2026-01-28,401810526,Los Angeles Lakers,Cleveland Cavaliers,0,-3.5,233.5,99,129,28,27,22,22,24,33,42,30,0,DraftKings
nba,2026,2,2026-01-28,401810530,New York Knicks,Toronto Raptors,0,-1.5,220.5,119,92,18,29,35,37,28,23,19,22,0,DraftKings
nba,2026,2,2026-01-28,401810529,Orlando Magic,Miami Heat,0,-3.5,232.5,133,124,34,25,40,34,27,41,20,36,0,DraftKings
nba,2026,2,2026-01-29,401810535,Sacramento Kings,Philadelphia 76ers,0,-9.5,229.5,111,113,25,29,38,19,28,32,28,25,0,DraftKings
nba,2026,2,2026-01-28,401810533,Golden State Warriors,Utah Jazz,0,8.5,242.5,140,124,34,34,33,39,24,31,38,31,0,DraftKings
nba,2026,2,2026-01-28,401810531,Charlotte Hornets,Memphis Grizzlies,0,2.5,231.5,112,97,36,26,28,22,28,27,20,22,0,DraftKings
nba,2026,2,2026-01-28,401810534,San Antonio Spurs,Houston Rockets,0,-2.5,220.5,111,99,26,28,30,27,36,26,24,13,0,DraftKings
nba,2026,2,2026-01-29,401810536,Milwaukee Bucks,Washington Wizards,0,1.5,223.5,99,109,23,20,29,27,25,32,25,27,0,DraftKings
nba,2026,2,2026-01-28,401810532,Minnesota Timberwolves,Dallas Mavericks,0,8.5,228.5,118,105,31,27,34,26,29,19,27,30,0,DraftKings
nba,2026,2,2026-01-29,401810538,Charlotte Hornets,Dallas Mavericks,0,3.5,225.5,123,121,33,26,34,30,20,38,35,28,0,DraftKings
nba,2026,2,2026-01-29,401810540,Detroit Pistons,Phoenix Suns,0,3.5,214.5,96,114,31,25,25,15,35,37,21,21,0,DraftKings
nba,2026,2,2026-01-29,401810541,Oklahoma City Thunder,Minnesota Timberwolves,0,5.5,227.5,111,123,22,28,30,31,34,29,33,27,0,DraftKings
nba,2026,2,2026-01-29,401810537,Houston Rockets,Atlanta Hawks,0,6.5,224.5,104,86,23,20,35,26,23,19,24,20,0,DraftKings
nba,2026,2,2026-01-29,401810539,Brooklyn Nets,Denver Nuggets,0,-6.5,209.5,103,107,26,23,27,27,30,34,15,28,0,DraftKings
nba,2026,2,2026-01-29,401850920,Miami Heat,Chicago Bulls,0,2.5,237.5,116,113,34,28,29,25,31,20,34,28,0,DraftKings
nba,2026,2,2026-01-30,401810545,Portland Trail Blazers,New York Knicks,0,-6.5,223.5,97,127,22,27,20,28,37,22,28,40,0,DraftKings
nba,2026,2,2026-01-30,401810542,Toronto Raptors,Orlando Magic,0,-2.5,221.5,120,130,28,29,42,21,29,21,36,44,0,DraftKings
nba,2026,2,2026-01-30,401810544,Sacramento Kings,Boston Celtics,0,-11.5,216.5,93,112,25,21,20,27,40,32,17,23,0,DraftKings
nba,2026,2,2026-01-30,401810543,Los Angeles Lakers,Washington Wizards,0,10.5,229.5,142,111,41,36,31,34,27,21,36,27,0,DraftKings
nba,2026,2,2026-01-30,401810548,Cleveland Cavaliers,Phoenix Suns,0,1.5,221.5,113,126,25,22,32,34,26,26,45,29,0,DraftKings
nba,2026,2,2026-01-30,401810546,Memphis Grizzlies,New Orleans Pelicans,0,-3.5,230.5,106,114,32,29,15,30,28,30,35,21,0,DraftKings
nba,2026,2,2026-01-30,401810550,LA Clippers,Denver Nuggets,0,2.5,218.5,109,122,27,23,30,29,35,24,33,30,0,DraftKings
nba,2026,2,2026-01-30,401810549,Brooklyn Nets,Utah Jazz,0,-3.5,226.5,109,99,27,27,29,26,26,26,29,18,0,DraftKings
nba,2026,2,2026-01-30,401810551,Detroit Pistons,Golden State Warriors,0,-2.5,226.5,131,124,45,32,31,23,37,27,31,29,0,DraftKings
nba,2026,2,2026-01-31,401810552,San Antonio Spurs,Charlotte Hornets,0,3.5,227.5,106,111,30,17,28,31,26,35,24,26,0,DraftKings
nba,2026,2,2026-01-31,401810553,Atlanta Hawks,Indiana Pacers,0,1.5,234.5,124,129,39,34,27,24,35,45,23,26,0,DraftKings
nba,2026,2,2026-01-31,401810554,New Orleans Pelicans,Philadelphia 76ers,0,-6.5,234.5,114,124,33,21,27,33,31,36,20,37,0,DraftKings
nba,2026,2,2026-01-31,401810555,Minnesota Timberwolves,Memphis Grizzlies,0,11.5,229.5,131,114,30,28,39,34,21,28,30,35,0,DraftKings
nba,2026,2,2026-01-31,401810547,Chicago Bulls,Miami Heat,0,-5.5,231.5,125,118,31,25,35,34,25,38,21,34,0,DraftKings
nba,2026,2,2026-01-31,401810556,Dallas Mavericks,Houston Rockets,0,-10.5,222.5,107,111,28,23,31,25,31,28,28,24,0,DraftKings
nba,2026,2,2026-02-01,401810557,Milwaukee Bucks,Boston Celtics,0,-12.5,217.5,79,107,26,16,19,18,26,30,22,29,0,DraftKings
nba,2026,2,2026-02-01,401810561,Utah Jazz,Toronto Raptors,0,-10.5,234.5,100,107,23,33,28,16,28,23,35,21,0,DraftKings
nba,2026,2,2026-02-01,401810559,Brooklyn Nets,Detroit Pistons,0,-13.5,214.5,77,130,24,20,18,15,33,34,33,30,0,DraftKings
nba,2026,2,2026-02-01,401810560,Chicago Bulls,Miami Heat,0,-5.5,233.5,91,134,13,27,22,29,34,28,39,33,0,DraftKings
nba,2026,2,2026-02-01,401810562,Sacramento Kings,Washington Wizards,0,1.5,226.5,112,116,14,34,34,30,23,30,35,28,0,DraftKings
nba,2026,2,2026-02-01,401810564,LA Clippers,Phoenix Suns,0,-2.5,209.5,117,93,24,25,36,32,20,23,28,22,0,DraftKings
nba,2026,2,2026-02-01,401810558,Orlando Magic,San Antonio Spurs,0,-4.5,222.5,103,112,21,40,18,24,37,23,26,26,0,DraftKings
nba,2026,2,2026-02-01,401810563,Los Angeles Lakers,New York Knicks,0,-5.5,227.5,100,112,33,23,26,18,27,25,38,22,0,DraftKings
nba,2026,2,2026-02-02,401810567,New Orleans Pelicans,Charlotte Hornets,0,-6.5,230.5,95,102,30,34,18,13,23,26,29,24,0,DraftKings
nba,2026,2,2026-02-01,401810566,Oklahoma City Thunder,Denver Nuggets,0,7.5,225.5,121,111,32,30,39,20,26,29,30,26,0,DraftKings
nba,2026,2,2026-02-01,401810565,Cleveland Cavaliers,Portland Trail Blazers,0,3.5,228.5,130,111,29,28,41,32,24,24,30,33,0,DraftKings
nba,2026,2,2026-02-03,401810572,Utah Jazz,Indiana Pacers,0,2.5,232.5,131,122,25,31,40,35,32,24,33,33,0,DraftKings
nba,2026,2,2026-02-02,401810568,Houston Rockets,Indiana Pacers,0,6.5,218.5,118,114,24,39,24,31,28,28,31,27,0,DraftKings
nba,2026,2,2026-02-03,401810571,Denver Nuggets,Detroit Pistons,0,-5.5,229.5,121,124,27,23,30,41,32,37,24,31,0,DraftKings
nba,2026,2,2026-02-02,401810569,Minnesota Timberwolves,Memphis Grizzlies,0,7.5,232.5,128,137,29,29,28,42,36,30,32,39,0,DraftKings
nba,2026,2,2026-02-02,401810570,Philadelphia 76ers,LA Clippers,0,1.5,220.5,128,113,38,34,28,28,19,34,34,26,0,DraftKings
nba,2026,2,2026-02-03,401810573,New York Knicks,Washington Wizards,0,12.5,227.5,132,101,38,34,30,30,22,23,26,30,0,DraftKings
nba,2026,2,2026-02-03,401810575,Atlanta Hawks,Miami Heat,0,-1.5,235.5,127,115,33,34,31,29,23,27,31,34,0,DraftKings
nba,2026,2,2026-02-03,401810574,Los Angeles Lakers,Brooklyn Nets,0,7.5,223.5,125,109,45,24,31,25,23,17,34,35,0,DraftKings
nba,2026,2,2026-02-03,401810577,Chicago Bulls,Milwaukee Bucks,0,1.5,222.5,115,131,24,28,37,26,39,38,28,26,0,DraftKings
nba,2026,2,2026-02-03,401810576,Boston Celtics,Dallas Mavericks,0,7.5,223.5,110,100,32,20,34,24,29,15,23,33,0,DraftKings
nba,2026,2,2026-02-03,401810578,Orlando Magic,Oklahoma City Thunder,0,-11.5,222.5,92,128,14,27,27,24,39,29,26,34,0,DraftKings
nba,2026,2,2026-02-03,401810579,Philadelphia 76ers,Golden State Warriors,0,-4.5,222.5,113,94,31,27,26,29,32,23,16,23,0,DraftKings
nba,2026,2,2026-02-03,401810580,Phoenix Suns,Portland Trail Blazers,0,2.5,218.5,130,125,30,37,34,29,41,31,22,31,0,DraftKings
nba,2026,2,2026-02-04,401810581,Denver Nuggets,New York Knicks,0,-4.5,228.5,127,134,30,23,29,26,28,27,33,20,2,DraftKings
nba,2026,2,2026-02-04,401810582,Minnesota Timberwolves,Toronto Raptors,0,2.5,228.5,128,126,32,27,35,34,35,37,32,22,0,DraftKings
nba,2026,2,2026-02-04,401810583,Boston Celtics,Houston Rockets,0,-8.5,210.5,114,93,18,31,36,29,17,25,21,30,0,DraftKings
nba,2026,2,2026-02-04,401810584,New Orleans Pelicans,Milwaukee Bucks,0,4.5,223.5,137,141,34,36,34,24,30,33,36,29,1,DraftKings
nba,2026,2,2026-02-04,401810586,Memphis Grizzlies,Sacramento Kings,0,-2.5,236.5,129,125,28,30,31,40,31,26,34,34,0,DraftKings
nba,2026,2,2026-02-05,401810588,Washington Wizards,Detroit Pistons,0,-16.5,227.5,126,117,34,22,39,31,21,31,32,33,0,DraftKings
nba,2026,2,2026-02-05,401810589,Brooklyn Nets,Orlando Magic,0,-9.5,214.5,98,118,19,21,27,31,27,29,32,30,0,DraftKings
nba,2026,2,2026-02-04,401810587,Cleveland Cavaliers,LA Clippers,0,2.5,221.5,124,91,36,26,32,30,18,24,26,23,0,DraftKings
nba,2026,2,2026-02-04,401810585,Oklahoma City Thunder,San Antonio Spurs,0,-9.5,221.5,106,116,26,32,27,21,39,34,22,21,0,DraftKings
nba,2026,2,2026-02-05,401810590,Utah Jazz,Atlanta Hawks,0,-8.5,245.5,119,121,31,29,36,23,30,31,31,29,0,DraftKings
nba,2026,2,2026-02-05,401810591,Chicago Bulls,Toronto Raptors,0,-7.5,227.5,107,123,25,33,30,19,33,32,35,23,0,DraftKings
nba,2026,2,2026-02-05,401810595,Philadelphia 76ers,Los Angeles Lakers,0,-2.5,236.5,115,119,27,32,28,28,21,30,34,34,0,DraftKings
nba,2026,2,2026-02-05,401810593,San Antonio Spurs,Dallas Mavericks,0,7.5,230.5,135,123,38,36,25,36,35,28,33,27,0,DraftKings
nba,2026,2,2026-02-05,401810592,Charlotte Hornets,Houston Rockets,0,-4.5,218.5,109,99,29,32,30,18,26,23,26,24,0,DraftKings
nba,2026,2,2026-02-05,401810594,Golden State Warriors,Phoenix Suns,0,-5.5,212.5,101,97,25,34,17,25,29,26,27,15,0,DraftKings
nba,2026,2,2026-02-06,401810597,New York Knicks,Detroit Pistons,0,-5.5,219.5,80,118,17,25,18,20,28,35,27,28,0,DraftKings
nba,2026,2,2026-02-06,401810596,Miami Heat,Boston Celtics,0,-5.5,227.5,96,98,29,30,15,22,15,23,36,24,0,DraftKings
nba,2026,2,2026-02-06,401810598,Indiana Pacers,Milwaukee Bucks,0,1.5,223.5,99,105,29,18,18,34,23,31,29,22,0,DraftKings
nba,2026,2,2026-02-06,401810599,New Orleans Pelicans,Minnesota Timberwolves,0,-8.5,237.5,119,115,34,22,33,30,32,38,24,21,0,DraftKings
nba,2026,2,2026-02-06,401810601,LA Clippers,Sacramento Kings,0,3.5,221.5,114,111,17,31,31,35,27,22,28,34,0,DraftKings
nba,2026,2,2026-02-06,401810600,Memphis Grizzlies,Portland Trail Blazers,0,-8.5,235.5,115,135,36,28,23,28,25,43,38,29,0,DraftKings
nba,2026,2,2026-02-07,401810602,Washington Wizards,Brooklyn Nets,0,-8.5,216.5,113,127,20,27,35,31,46,34,21,26,0,DraftKings
nba,2026,2,2026-02-07,401810603,Houston Rockets,Oklahoma City Thunder,0,-3.5,213.5,112,106,28,18,34,32,28,24,22,32,0,DraftKings
nba,2026,2,2026-02-07,401810604,Dallas Mavericks,San Antonio Spurs,0,-11.5,234.5,125,138,32,35,24,34,39,42,33,24,0,DraftKings
nba,2026,2,2026-02-07,401810605,Utah Jazz,Orlando Magic,0,-7.5,234.5,117,120,30,35,29,23,33,21,33,33,0,DraftKings
nba,2026,2,2026-02-07,401810606,Charlotte Hornets,Atlanta Hawks,0,1.5,232.5,126,119,32,28,38,28,35,25,30,29,0,DraftKings
nba,2026,2,2026-02-07,401810607,Denver Nuggets,Chicago Bulls,0,9.5,235.5,136,120,39,20,38,39,36,29,39,16,0,DraftKings
nba,2026,2,2026-02-08,401810612,New York Knicks,Boston Celtics,0,-3.5,215.5,111,89,35,25,25,26,24,29,15,21,0,DraftKings
nba,2026,2,2026-02-07,401810610,Memphis Grizzlies,Portland Trail Blazers,0,-9.5,228.5,115,122,30,33,33,19,31,32,25,34,0,DraftKings
nba,2026,2,2026-02-07,401810611,Cleveland Cavaliers,Sacramento Kings,0,12.5,229.5,132,126,25,32,36,39,31,24,41,30,0,DraftKings
nba,2026,2,2026-02-08,401810613,Miami Heat,Washington Wizards,0,13.5,235.5,132,101,37,37,33,25,33,19,23,26,0,DraftKings
nba,2026,2,2026-02-07,401810609,Philadelphia 76ers,Phoenix Suns,0,-2.5,224.5,109,103,24,34,23,28,22,25,24,32,0,DraftKings
nba,2026,2,2026-02-07,401810608,Golden State Warriors,Los Angeles Lakers,0,-1.5,220.5,99,105,21,21,29,28,20,21,38,26,0,DraftKings
nba,2026,2,2026-02-08,401810614,Indiana Pacers,Toronto Raptors,0,-7.5,226.5,104,122,20,28,26,30,21,25,44,32,0,DraftKings
nba,2026,2,2026-02-08,401810615,LA Clippers,Minnesota Timberwolves,0,-8.5,222.5,115,96,23,31,26,35,19,23,17,37,0,DraftKings
nba,2026,2,2026-02-09,401810616,Detroit Pistons,Charlotte Hornets,0,2.5,222.5,110,104,29,32,27,22,33,24,21,26,0,DraftKings
nba,2026,2,2026-02-09,401810620,Atlanta Hawks,Minnesota Timberwolves,0,-8.5,239.5,116,138,34,22,31,29,41,40,25,32,0,DraftKings
nba,2026,2,2026-02-09,401810618,Utah Jazz,Miami Heat,0,-5.5,234.5,115,111,26,35,24,30,32,20,30,29,0,DraftKings
nba,2026,2,2026-02-09,401810617,Chicago Bulls,Brooklyn Nets,0,3.5,218.5,115,123,31,23,35,26,27,33,29,34,0,DraftKings
nba,2026,2,2026-02-09,401810619,Milwaukee Bucks,Orlando Magic,0,-9.5,220.5,99,118,22,32,20,25,27,24,36,31,0,DraftKings
nba,2026,2,2026-02-09,401810621,Sacramento Kings,New Orleans Pelicans,0,-9.5,229.5,94,120,26,20,21,27,31,30,31,28,0,DraftKings
nba,2026,2,2026-02-09,401810622,Cleveland Cavaliers,Denver Nuggets,0,-2.5,242.5,119,117,26,28,33,32,30,29,33,25,0,DraftKings
nba,2026,2,2026-02-09,401810623,Memphis Grizzlies,Golden State Warriors,0,-9.5,218.5,113,114,32,33,33,15,32,25,28,29,0,DraftKings
nba,2026,2,2026-02-10,401810628,Dallas Mavericks,Phoenix Suns,0,-8.5,229.5,111,120,16,32,27,36,36,29,31,24,0,DraftKings
nba,2026,2,2026-02-09,401810625,Philadelphia 76ers,Portland Trail Blazers,0,-3.5,231.5,118,135,31,34,22,31,29,35,49,22,0,DraftKings
nba,2026,2,2026-02-09,401810624,Oklahoma City Thunder,Los Angeles Lakers,0,7.5,222.5,119,110,31,36,26,26,30,28,33,19,0,DraftKings
nba,2026,2,2026-02-10,401810627,LA Clippers,Houston Rockets,0,-9.5,213.5,95,102,26,26,20,23,27,24,27,24,0,DraftKings
nba,2026,2,2026-02-10,401810626,Indiana Pacers,New York Knicks,0,-11.5,227.5,137,134,32,31,31,30,33,36,24,31,1,DraftKings
nba,2026,2,2026-02-11,401810630,Atlanta Hawks,Charlotte Hornets,0,-2.5,235.5,107,110,27,22,26,32,35,23,31,21,0,DraftKings
nba,2026,2,2026-02-10,401810629,San Antonio Spurs,Los Angeles Lakers,0,13.5,226.5,136,108,47,37,31,21,30,25,26,27,0,DraftKings
nba,2026,2,2026-02-11,401810631,Washington Wizards,Cleveland Cavaliers,0,-17.5,238.5,113,138,24,37,28,24,40,36,32,30,0,DraftKings
nba,2026,2,2026-02-11,401810634,Indiana Pacers,Brooklyn Nets,0,-6.5,215.5,115,110,18,35,31,31,31,33,26,20,0,DraftKings
nba,2026,2,2026-02-11,401810632,Milwaukee Bucks,Orlando Magic,0,-11.5,219.5,116,108,20,32,36,28,24,27,32,25,0,DraftKings
nba,2026,2,2026-02-11,401810633,Chicago Bulls,Boston Celtics,0,-13.5,227.5,105,124,27,17,26,35,36,36,26,26,0,DraftKings
nba,2026,2,2026-02-11,401810636,Detroit Pistons,Toronto Raptors,0,-1.5,223.5,113,95,29,38,27,19,19,33,22,21,0,DraftKings
nba,2026,2,2026-02-11,401810635,New York Knicks,Philadelphia 76ers,0,2.5,224.5,138,89,36,36,32,34,23,19,29,18,0,DraftKings
nba,2026,2,2026-02-11,401810637,LA Clippers,Houston Rockets,0,-8.5,212.5,105,102,22,24,24,35,29,27,20,26,0,DraftKings
nba,2026,2,2026-02-11,401810638,Portland Trail Blazers,Minnesota Timberwolves,0,-7.5,237.5,109,133,26,25,31,27,32,29,35,37,0,DraftKings
nba,2026,2,2026-02-11,401810642,Memphis Grizzlies,Denver Nuggets,0,-14.5,239.5,116,122,28,26,27,35,30,30,33,29,0,DraftKings
nba,2026,2,2026-02-11,401810641,Sacramento Kings,Utah Jazz,0,-5.5,229.5,93,121,20,24,22,27,39,32,29,21,0,DraftKings
nba,2026,2,2026-02-11,401810640,Oklahoma City Thunder,Phoenix Suns,0,7.5,211.5,136,109,37,38,37,24,25,27,28,29,0,DraftKings
nba,2026,2,2026-02-11,401810639,Miami Heat,New Orleans Pelicans,0,-1.5,233.5,123,111,31,27,38,27,25,30,30,26,0,DraftKings
nba,2026,2,2026-02-12,401810645,Portland Trail Blazers,Utah Jazz,0,6.5,236.5,135,119,28,33,40,34,31,32,23,33,0,DraftKings
nba,2026,2,2026-02-11,401810643,San Antonio Spurs,Golden State Warriors,0,7.5,220.5,126,113,31,32,31,32,38,29,27,19,0,DraftKings
nba,2026,2,2026-02-12,401810646,Dallas Mavericks,Los Angeles Lakers,0,-6.5,237.5,104,124,31,32,19,22,36,28,32,28,0,DraftKings
nba,2026,2,2026-02-12,401810644,Milwaukee Bucks,Oklahoma City Thunder,0,-13.5,214.5,110,93,30,37,22,21,25,30,18,20,0,DraftKings
nba,2026,2,2026-02-19,401810647,Houston Rockets,Charlotte Hornets,0,4.5,218.5,105,101,24,29,27,25,33,19,26,23,0,DraftKings
nba,2026,2,2026-02-19,401810648,Brooklyn Nets,Cleveland Cavaliers,0,-15.5,229.5,84,112,16,32,19,17,34,36,32,10,0,DraftKings
nba,2026,2,2026-02-19,401810649,Atlanta Hawks,Philadelphia 76ers,0,-1.5,241.5,117,107,28,32,28,29,26,27,31,23,0,DraftKings
nba,2026,2,2026-02-19,401810650,Indiana Pacers,Washington Wizards,0,2.5,233.5,105,112,24,23,33,25,26,33,29,24,0,DraftKings
nba,2026,2,2026-02-19,401810652,Toronto Raptors,Chicago Bulls,0,6.5,234.5,110,101,25,28,34,23,23,22,33,23,0,DraftKings
nba,2026,2,2026-02-19,401810651,Detroit Pistons,New York Knicks,0,-3.5,218.5,126,111,28,30,32,36,26,22,31,32,0,DraftKings
nba,2026,2,2026-02-19,401810653,Phoenix Suns,San Antonio Spurs,0,-7.5,229.5,94,121,25,24,22,23,30,31,37,23,0,DraftKings
nba,2026,2,2026-02-19,401810654,Boston Celtics,Golden State Warriors,0,5.5,211.5,121,110,36,38,28,19,32,19,22,37,0,DraftKings
nba,2026,2,2026-02-20,401810657,Cleveland Cavaliers,Charlotte Hornets,0,5.5,229.5,118,113,30,29,31,28,20,33,36,24,0,DraftKings
nba,2026,2,2026-02-19,401810655,Orlando Magic,Sacramento Kings,0,8.5,226.5,131,94,18,46,38,29,28,27,29,10,0,DraftKings
nba,2026,2,2026-02-19,401810656,Denver Nuggets,LA Clippers,0,4.5,226.5,114,115,24,28,25,37,25,20,33,37,0,DraftKings
nba,2026,2,2026-02-20,401810658,Indiana Pacers,Washington Wizards,0,-1.5,230.5,118,131,27,41,24,26,22,35,35,39,0,DraftKings
nba,2026,2,2026-02-20,401810659,Utah Jazz,Memphis Grizzlies,0,-2.5,237.5,114,123,32,35,21,26,28,27,32,36,0,DraftKings
nba,2026,2,2026-02-20,401810660,Miami Heat,Atlanta Hawks,0,3.5,243.5,128,97,29,28,30,41,16,35,24,22,0,DraftKings
nba,2026,2,2026-02-20,401810661,Dallas Mavericks,Minnesota Timberwolves,0,-13.5,239.5,111,122,25,32,31,23,40,29,27,26,0,DraftKings
nba,2026,2,2026-02-20,401810663,Brooklyn Nets,Oklahoma City Thunder,0,-16.5,215.5,86,105,23,10,34,19,21,29,27,28,0,DraftKings
nba,2026,2,2026-02-20,401810664,LA Clippers,Los Angeles Lakers,0,-7.5,228.5,122,125,30,35,30,27,41,31,27,26,0,DraftKings
nba,2026,2,2026-02-20,401810662,Milwaukee Bucks,New Orleans Pelicans,0,-4.5,224.5,139,118,33,38,32,36,38,27,31,22,0,DraftKings
nba,2026,2,2026-02-21,401810666,Orlando Magic,Phoenix Suns,0,-3.5,218.5,110,113,25,26,22,23,21,22,34,19,2,DraftKings
nba,2026,2,2026-02-20,401810665,Denver Nuggets,Portland Trail Blazers,0,1.5,241.5,157,103,41,41,43,32,27,26,32,18,0,DraftKings
nba,2026,2,2026-02-21,401810669,Detroit Pistons,Chicago Bulls,0,10.5,234.5,126,110,28,25,44,29,30,20,26,34,0,DraftKings
nba,2026,2,2026-02-22,401810672,Cleveland Cavaliers,Oklahoma City Thunder,0,4.5,228.5,113,121,25,30,31,27,40,24,25,32,0,DraftKings
nba,2026,2,2026-02-21,401810667,Philadelphia 76ers,New Orleans Pelicans,0,3.5,235.5,111,126,29,36,26,20,24,33,40,29,0,DraftKings
nba,2026,2,2026-02-21,401810670,Sacramento Kings,San Antonio Spurs,0,-18.5,230.5,122,139,31,34,29,28,35,38,32,34,0,DraftKings
nba,2026,2,2026-02-22,401810673,Brooklyn Nets,Atlanta Hawks,0,-9.5,227.5,104,115,30,26,31,17,32,28,29,26,0,DraftKings
nba,2026,2,2026-02-21,401810671,Houston Rockets,New York Knicks,0,-3.5,220.5,106,108,21,33,37,15,27,26,22,33,0,DraftKings
nba,2026,2,2026-02-21,401810668,Memphis Grizzlies,Miami Heat,0,-11.5,238.5,120,136,33,35,26,26,39,34,39,24,0,DraftKings
nba,2026,2,2026-02-22,401810674,Toronto Raptors,Milwaukee Bucks,0,4.5,219.5,122,94,22,38,32,30,27,24,22,21,0,DraftKings
nba,2026,2,2026-02-22,401810675,Denver Nuggets,Golden State Warriors,0,6.5,228.5,117,128,27,40,34,16,39,37,19,33,0,DraftKings
nba,2026,2,2026-02-22,401810678,Boston Celtics,Los Angeles Lakers,0,1.5,230.5,111,89,28,32,24,27,28,22,21,18,0,DraftKings
nba,2026,2,2026-02-22,401810676,Dallas Mavericks,Indiana Pacers,0,1.5,237.5,134,130,36,35,32,31,33,33,29,35,0,DraftKings
nba,2026,2,2026-02-22,401810677,Charlotte Hornets,Washington Wizards,0,10.5,223.5,129,112,38,23,44,24,37,19,28,28,0,DraftKings
nba,2026,2,2026-02-22,401810680,New York Knicks,Chicago Bulls,0,9.5,234.5,105,99,25,27,31,22,27,26,25,21,0,DraftKings
nba,2026,2,2026-02-22,401810682,Orlando Magic,LA Clippers,0,-4.5,215.5,111,109,29,28,31,23,25,28,36,20,0,DraftKings
nba,2026,2,2026-02-22,401810679,Philadelphia 76ers,Minnesota Timberwolves,0,-9.5,239.5,135,108,35,33,26,41,26,32,20,30,0,DraftKings
nba,2026,2,2026-02-22,401810681,Portland Trail Blazers,Phoenix Suns,0,3.5,224.5,92,77,20,27,24,21,20,20,17,20,0,DraftKings
nba,2026,2,2026-02-23,401810685,Utah Jazz,Houston Rockets,0,-13.5,228.5,105,125,22,25,28,30,38,30,32,25,0,DraftKings
nba,2026,2,2026-02-24,401810686,Philadelphia 76ers,Indiana Pacers,0,10.5,234.5,135,114,30,45,31,29,38,27,20,29,0,DraftKings
nba,2026,2,2026-02-23,401810684,Sacramento Kings,Memphis Grizzlies,0,-2.5,233.5,123,114,33,30,29,31,25,36,28,25,0,DraftKings
nba,2026,2,2026-02-23,401810683,San Antonio Spurs,Detroit Pistons,0,-1.5,232.5,114,103,24,33,26,31,27,28,20,28,0,DraftKings
nba,2026,2,2026-02-24,401810688,Dallas Mavericks,Brooklyn Nets,0,1.5,226.5,123,114,36,40,23,24,29,35,27,23,0,DraftKings
nba,2026,2,2026-02-24,401810689,Oklahoma City Thunder,Toronto Raptors,0,-1.5,216.5,116,107,25,35,38,18,32,19,29,27,0,DraftKings
nba,2026,2,2026-02-24,401810687,Washington Wizards,Atlanta Hawks,0,-12.5,236.5,98,119,20,23,21,34,35,25,40,19,0,DraftKings
nba,2026,2,2026-02-24,401810690,New York Knicks,Cleveland Cavaliers,0,-4.5,231.5,94,109,26,28,11,29,35,25,23,26,0,DraftKings
nba,2026,2,2026-02-24,401810691,Charlotte Hornets,Chicago Bulls,0,8.5,232.5,131,99,31,25,42,33,31,24,16,28,0,DraftKings
nba,2026,2,2026-02-24,401810694,Boston Celtics,Phoenix Suns,0,5.5,207.5,97,81,21,29,30,17,26,20,11,24,0,DraftKings
nba,2026,2,2026-02-24,401810693,Golden State Warriors,New Orleans Pelicans,0,1.5,229.5,109,113,19,20,33,37,31,15,31,36,0,DraftKings
nba,2026,2,2026-02-24,401810692,Miami Heat,Milwaukee Bucks,0,6.5,229.5,117,128,29,29,35,24,30,33,26,39,0,DraftKings
nba,2026,2,2026-02-24,401810695,Orlando Magic,Los Angeles Lakers,0,-6.5,228.5,110,109,25,28,26,31,33,23,24,29,0,DraftKings
nba,2026,2,2026-02-25,401810697,Oklahoma City Thunder,Detroit Pistons,0,-10.5,220.5,116,124,34,18,28,36,22,36,36,30,0,DraftKings
nba,2026,2,2026-02-25,401810698,San Antonio Spurs,Toronto Raptors,0,5.5,230.5,110,107,30,27,21,32,29,30,31,17,0,DraftKings
nba,2026,2,2026-02-24,401810696,Minnesota Timberwolves,Portland Trail Blazers,0,6.5,234.5,124,121,33,29,34,28,27,32,35,27,0,DraftKings
nba,2026,2,2026-02-25,401810699,Golden State Warriors,Memphis Grizzlies,0,3.5,227.5,133,112,34,40,22,37,31,22,23,36,0,DraftKings
nba,2026,2,2026-02-25,401810700,Sacramento Kings,Houston Rockets,0,-13.5,222.5,97,128,22,28,26,21,33,44,31,20,0,DraftKings
nba,2026,2,2026-02-26,401810703,Charlotte Hornets,Indiana Pacers,0,12.5,229.5,133,109,31,36,40,26,34,12,36,27,0,DraftKings
nba,2026,2,2026-02-25,401810702,Boston Celtics,Denver Nuggets,0,-3.5,228.5,84,103,24,24,19,17,21,26,30,26,0,DraftKings
nba,2026,2,2026-02-26,401810705,Washington Wizards,Atlanta Hawks,0,-10.5,236.5,96,126,26,30,24,16,37,39,22,28,0,DraftKings
nba,2026,2,2026-02-26,401810706,San Antonio Spurs,Brooklyn Nets,0,10.5,223.5,126,110,36,35,33,22,22,34,28,26,0,DraftKings
nba,2026,2,2026-02-25,401810701,Cleveland Cavaliers,Milwaukee Bucks,0,3.5,220.5,116,118,33,30,31,22,33,29,31,25,0,DraftKings
nba,2026,2,2026-02-26,401810704,Miami Heat,Philadelphia 76ers,0,-2.5,240.5,117,124,35,22,34,26,36,37,26,25,0,DraftKings
nba,2026,2,2026-02-26,401810710,Los Angeles Lakers,Phoenix Suns,0,5.5,223.5,110,113,27,22,31,30,22,27,31,33,0,DraftKings
nba,2026,2,2026-02-26,401810709,Sacramento Kings,Dallas Mavericks,0,-7.5,236.5,130,121,42,26,32,30,28,28,32,33,0,DraftKings
nba,2026,2,2026-02-26,401810707,Houston Rockets,Orlando Magic,0,2.5,214.5,113,108,22,21,38,32,29,24,27,28,0,DraftKings
nba,2026,2,2026-02-26,401810708,Portland Trail Blazers,Chicago Bulls,0,3.5,235.5,121,112,32,37,24,28,34,29,23,26,0,DraftKings
nba,2026,2,2026-02-26,401810711,New Orleans Pelicans,Utah Jazz,0,6.5,245.5,129,118,37,41,25,26,38,23,27,30,0,DraftKings
nba,2026,2,2026-02-27,401810713,Cleveland Cavaliers,Detroit Pistons,0,-8.5,227.5,119,122,35,19,30,30,27,23,35,29,1,DraftKings
nba,2026,2,2026-02-26,401810712,Minnesota Timberwolves,LA Clippers,0,8.5,220.5,94,88,29,15,19,31,27,11,30,20,0,DraftKings
nba,2026,2,2026-02-27,401810715,New York Knicks,Milwaukee Bucks,0,8.5,219.5,127,98,38,39,26,24,30,27,26,15,0,DraftKings
nba,2026,2,2026-02-27,401810716,Memphis Grizzlies,Dallas Mavericks,0,-4.5,241.5,124,105,34,30,37,23,20,24,26,35,0,DraftKings
nba,2026,2,2026-02-27,401810714,Brooklyn Nets,Boston Celtics,0,-16.5,208.5,111,148,32,25,26,28,35,31,43,39,0,DraftKings
nba,2026,2,2026-02-28,401810722,New Orleans Pelicans,Utah Jazz,0,5.5,244.5,115,105,27,38,24,26,22,18,33,32,0,DraftKings
nba,2026,2,2026-02-28,401810719,Houston Rockets,Miami Heat,0,2.5,226.5,105,115,28,24,31,22,32,19,34,30,0,DraftKings
nba,2026,2,2026-02-27,401810717,Denver Nuggets,Oklahoma City Thunder,0,-6.5,234.5,121,127,33,26,24,24,19,31,27,30,1,DraftKings
nba,2026,2,2026-02-28,401810720,Toronto Raptors,Washington Wizards,0,13.5,229.5,134,125,25,36,37,36,33,31,28,33,0,DraftKings
nba,2026,2,2026-02-28,401810718,Portland Trail Blazers,Charlotte Hornets,0,-6.5,228.5,93,109,17,26,24,26,29,22,23,35,0,DraftKings
nba,2026,2,2026-02-28,401810721,Los Angeles Lakers,Golden State Warriors,0,3.5,225.5,129,101,33,32,34,30,20,27,25,29,0,DraftKings
nba,2026,2,2026-03-01,401810723,San Antonio Spurs,New York Knicks,0,1.5,227.5,89,114,21,20,28,20,22,29,29,34,0,DraftKings
nba,2026,2,2026-03-01,401810724,Cleveland Cavaliers,Brooklyn Nets,0,12.5,224.5,106,102,29,17,28,32,24,28,23,27,0,DraftKings
nba,2026,2,2026-03-01,401810725,Milwaukee Bucks,Chicago Bulls,0,2.5,231.5,97,120,32,34,23,8,30,21,36,33,0,DraftKings
nba,2026,2,2026-03-01,401810728,Portland Trail Blazers,Atlanta Hawks,0,-6.5,235.5,101,135,25,33,27,16,44,31,28,32,0,DraftKings
nba,2026,2,2026-03-01,401810726,Minnesota Timberwolves,Denver Nuggets,0,-2.5,240.5,117,108,22,36,32,27,31,19,32,26,0,DraftKings
nba,2026,2,2026-03-01,401810730,Detroit Pistons,Orlando Magic,0,5.5,224.5,106,92,23,27,31,25,26,31,18,17,0,DraftKings
nba,2026,2,2026-03-01,401810727,Memphis Grizzlies,Indiana Pacers,0,-1.5,236.5,125,106,34,31,26,34,34,26,23,23,0,DraftKings
nba,2026,2,2026-03-01,401810732,New Orleans Pelicans,LA Clippers,0,-8.5,222.5,117,137,32,38,24,23,43,33,31,30,0,DraftKings
nba,2026,2,2026-03-01,401810731,Oklahoma City Thunder,Dallas Mavericks,0,16.5,236.5,100,87,36,22,25,17,25,24,20,18,0,DraftKings
nba,2026,2,2026-03-01,401810729,Philadelphia 76ers,Boston Celtics,0,-8.5,219.5,98,114,28,22,33,15,26,36,27,25,0,DraftKings
nba,2026,2,2026-03-02,401810735,Boston Celtics,Milwaukee Bucks,0,2.5,216.5,108,81,30,27,26,25,20,23,22,16,0,DraftKings
nba,2026,2,2026-03-02,401810736,Denver Nuggets,Utah Jazz,0,11.5,242.5,128,125,33,33,34,28,34,33,26,32,0,DraftKings
nba,2026,2,2026-03-03,401810738,Dallas Mavericks,Charlotte Hornets,0,-13.5,226.5,90,117,23,25,24,18,31,26,35,25,0,DraftKings
nba,2026,2,2026-03-02,401810737,LA Clippers,Golden State Warriors,0,1.5,216.5,114,101,19,23,35,37,31,25,23,22,0,DraftKings
nba,2026,2,2026-03-02,401810734,Houston Rockets,Washington Wizards,0,14.5,224.5,123,118,26,34,34,29,30,21,29,38,0,DraftKings
nba,2026,2,2026-03-01,401810733,Sacramento Kings,Los Angeles Lakers,0,-12.5,235.5,104,128,18,31,27,28,36,28,32,32,0,DraftKings
nba,2026,2,2026-03-03,401810739,Detroit Pistons,Cleveland Cavaliers,0,2.5,227.5,109,113,27,21,32,29,25,29,35,24,0,DraftKings
nba,2026,2,2026-03-03,401810740,Washington Wizards,Orlando Magic,0,-15.5,228.5,109,126,24,30,27,28,27,30,40,29,0,DraftKings
nba,2026,2,2026-03-03,401810741,Brooklyn Nets,Miami Heat,0,-12.5,225.5,98,124,28,26,21,23,34,35,22,33,0,DraftKings
nba,2026,2,2026-03-03,401810743,San Antonio Spurs,Philadelphia 76ers,0,7.5,231.5,131,91,32,46,35,18,25,28,11,27,0,DraftKings
nba,2026,2,2026-03-03,401810745,Memphis Grizzlies,Minnesota Timberwolves,0,-14.5,235.5,110,117,32,30,20,28,23,34,32,28,0,DraftKings
nba,2026,2,2026-03-03,401810744,Oklahoma City Thunder,Chicago Bulls,0,9.5,231.5,116,108,26,29,32,29,22,32,22,32,0,DraftKings
nba,2026,2,2026-03-03,401810742,New York Knicks,Toronto Raptors,0,2.5,221.5,111,95,32,36,19,24,31,27,24,13,0,DraftKings
nba,2026,2,2026-03-03,401810746,New Orleans Pelicans,Los Angeles Lakers,0,-7.5,242.5,101,110,33,18,27,23,31,23,22,34,0,DraftKings
nba,2026,2,2026-03-03,401810747,Phoenix Suns,Sacramento Kings,0,9.5,224.5,114,103,22,37,31,24,30,25,20,28,0,DraftKings
nba,2026,2,2026-03-04,401810748,Oklahoma City Thunder,New York Knicks,0,4.5,221.5,103,100,25,25,27,26,23,17,40,20,0,DraftKings
nba,2026,2,2026-03-04,401810752,Atlanta Hawks,Milwaukee Bucks,0,-1.5,232.5,131,113,25,41,32,33,38,33,18,24,0,DraftKings
nba,2026,2,2026-03-04,401810750,Utah Jazz,Philadelphia 76ers,0,-7.5,238.5,102,106,22,26,35,19,29,24,29,24,0,DraftKings
nba,2026,2,2026-03-04,401810749,Charlotte Hornets,Boston Celtics,0,-6.5,214.5,118,89,35,29,27,27,23,20,25,21,0,DraftKings
nba,2026,2,2026-03-04,401810753,Indiana Pacers,LA Clippers,0,-11.5,230.5,107,130,25,26,26,30,42,21,39,28,0,DraftKings
nba,2026,2,2026-03-05,401810754,Dallas Mavericks,Orlando Magic,0,-7.5,230.5,114,115,33,29,26,26,26,34,31,24,0,DraftKings
nba,2026,2,2026-03-04,401810751,Portland Trail Blazers,Memphis Grizzlies,0,9.5,231.5,122,114,32,27,34,29,28,31,30,25,0,DraftKings
nba,2026,2,2026-03-05,401810755,Utah Jazz,Washington Wizards,0,-3.5,240.5,122,112,37,30,26,29,23,26,35,28,0,DraftKings
nba,2026,2,2026-03-05,401810756,Brooklyn Nets,Miami Heat,0,-12.5,225.5,110,126,26,30,27,27,31,29,35,31,0,DraftKings
nba,2026,2,2026-03-05,401810760,Chicago Bulls,Phoenix Suns,0,-10.5,224.5,105,103,24,31,28,22,20,30,27,26,0,DraftKings
nba,2026,2,2026-03-05,401810761,Los Angeles Lakers,Denver Nuggets,0,-3.5,240.5,113,120,22,32,32,27,32,32,29,27,0,DraftKings
nba,2026,2,2026-03-05,401810757,Golden State Warriors,Houston Rockets,0,-9.5,214.5,115,113,30,21,30,20,20,27,35,19,1,DraftKings
nba,2026,2,2026-03-05,401810758,Toronto Raptors,Minnesota Timberwolves,0,-4.5,226.5,107,115,27,27,22,31,31,24,35,25,0,DraftKings
nba,2026,2,2026-03-05,401810762,New Orleans Pelicans,Sacramento Kings,0,6.5,236.5,133,123,26,41,38,28,30,33,28,32,0,DraftKings
nba,2026,2,2026-03-05,401810759,Detroit Pistons,San Antonio Spurs,0,-2.5,227.5,106,121,23,32,30,21,38,33,22,28,0,DraftKings
nba,2026,2,2026-03-06,401810764,Miami Heat,Charlotte Hornets,0,-7.5,229.5,128,120,30,28,40,30,27,34,40,19,0,DraftKings
nba,2026,2,2026-03-06,401810763,Dallas Mavericks,Boston Celtics,0,-15.5,226.5,100,120,22,31,27,20,21,37,32,30,0,DraftKings
nba,2026,2,2026-03-06,401810769,Indiana Pacers,Los Angeles Lakers,0,-9.5,235.5,117,128,27,24,29,37,35,29,35,29,0,DraftKings
nba,2026,2,2026-03-06,401810766,New York Knicks,Denver Nuggets,0,-1.5,229.5,142,103,27,38,40,37,29,23,28,23,0,DraftKings
nba,2026,2,2026-03-06,401810768,LA Clippers,San Antonio Spurs,0,-7.5,221.5,112,116,32,34,26,20,25,21,35,35,0,DraftKings
nba,2026,2,2026-03-06,401810765,Portland Trail Blazers,Houston Rockets,0,-6.5,220.5,99,106,34,22,26,17,27,30,20,29,0,DraftKings
nba,2026,2,2026-03-06,401810767,New Orleans Pelicans,Phoenix Suns,0,-3.5,228.5,116,118,29,23,29,35,26,32,34,26,0,DraftKings
nba,2026,2,2026-03-07,401810771,Brooklyn Nets,Detroit Pistons,0,-13.5,214.5,107,105,19,27,27,34,32,30,22,21,0,DraftKings
nba,2026,2,2026-03-07,401810770,Orlando Magic,Minnesota Timberwolves,0,-6.5,224.5,119,92,27,33,30,29,30,20,28,14,0,DraftKings
nba,2026,2,2026-03-07,401810775,Golden State Warriors,Oklahoma City Thunder,0,-11.5,219.5,97,104,28,26,29,14,34,33,19,18,0,DraftKings
nba,2026,2,2026-03-07,401810772,Philadelphia 76ers,Atlanta Hawks,0,-6.5,234.5,116,125,38,35,21,22,28,38,31,28,0,DraftKings
nba,2026,2,2026-03-08,401810777,New York Knicks,Los Angeles Lakers,0,5.5,226.5,97,110,23,26,20,28,31,23,34,22,0,DraftKings
nba,2026,2,2026-03-08,401810776,Boston Celtics,Cleveland Cavaliers,0,-1.5,224.5,109,98,35,21,30,23,26,10,33,29,0,DraftKings
nba,2026,2,2026-03-07,401810773,LA Clippers,Memphis Grizzlies,0,7.5,229.5,123,120,23,35,31,34,41,18,31,30,0,DraftKings
nba,2026,2,2026-03-07,401810774,Utah Jazz,Milwaukee Bucks,0,-9.5,230.5,99,113,13,31,32,23,24,27,32,30,0,DraftKings
nba,2026,2,2026-03-08,401810778,Detroit Pistons,Miami Heat,0,1.5,230.5,110,121,16,32,32,30,34,33,36,18,0,DraftKings
nba,2026,2,2026-03-08,401810779,Dallas Mavericks,Toronto Raptors,0,-9.5,233.5,92,122,29,15,22,26,36,21,31,34,0,DraftKings
nba,2026,2,2026-03-08,401810780,Washington Wizards,New Orleans Pelicans,0,-11.5,244.5,118,138,35,30,28,25,32,35,35,36,0,DraftKings
nba,2026,2,2026-03-08,401810781,Orlando Magic,Milwaukee Bucks,0,6.5,216.5,130,91,25,42,33,30,15,40,15,21,0,DraftKings
nba,2026,2,2026-03-08,401810784,Indiana Pacers,Portland Trail Blazers,0,-9.5,238.5,111,131,30,22,28,31,30,39,31,31,0,DraftKings
nba,2026,2,2026-03-08,401810782,Houston Rockets,San Antonio Spurs,0,-5.5,223.5,120,145,33,24,37,26,32,37,41,35,0,DraftKings
nba,2026,2,2026-03-08,401810785,Chicago Bulls,Sacramento Kings,0,4.5,236.5,110,126,25,26,38,21,30,35,39,22,0,DraftKings
nba,2026,2,2026-03-08,401810783,Charlotte Hornets,Phoenix Suns,0,4.5,218.5,99,111,30,28,19,22,28,32,21,30,0,DraftKings
nba,2026,2,2026-03-09,401810786,Philadelphia 76ers,Cleveland Cavaliers,0,-14.5,226.5,101,115,20,24,22,35,26,30,31,28,0,DraftKings
nba,2026,2,2026-03-09,401810787,Memphis Grizzlies,Brooklyn Nets,0,-1.5,220.5,115,126,31,26,29,29,33,32,26,35,0,DraftKings
nba,2026,2,2026-03-09,401810789,Golden State Warriors,Utah Jazz,0,6.5,224.5,116,119,27,28,29,32,29,30,32,28,0,DraftKings
nba,2026,2,2026-03-10,401810792,Detroit Pistons,Brooklyn Nets,0,15.5,216.5,138,100,38,35,32,33,27,13,33,27,0,DraftKings
nba,2026,2,2026-03-09,401810790,New York Knicks,LA Clippers,0,1.5,220.5,118,126,24,31,26,37,28,36,24,38,0,DraftKings
nba,2026,2,2026-03-10,401810791,Memphis Grizzlies,Philadelphia 76ers,0,-4.5,229.5,129,139,32,39,33,25,32,36,30,41,0,DraftKings
nba,2026,2,2026-03-09,401810788,Denver Nuggets,Oklahoma City Thunder,0,-3.5,237.5,126,129,40,20,33,33,37,29,30,33,0,DraftKings
nba,2026,2,2026-03-10,401810793,Washington Wizards,Miami Heat,0,-15.5,235.5,129,150,29,33,35,32,40,36,37,37,0,DraftKings
nba,2026,2,2026-03-10,401810794,Dallas Mavericks,Atlanta Hawks,0,-9.5,240.5,112,124,26,27,38,21,40,24,31,29,0,DraftKings
nba,2026,2,2026-03-10,401810795,Toronto Raptors,Houston Rockets,0,-4.5,220.5,99,113,29,20,34,16,29,29,28,27,0,DraftKings
nba,2026,2,2026-03-10,401810796,Phoenix Suns,Milwaukee Bucks,0,2.5,219.5,129,114,36,26,38,29,30,35,32,17,0,DraftKings
nba,2026,2,2026-03-10,401810800,Indiana Pacers,Sacramento Kings,0,-3.5,236.5,109,114,25,34,23,27,24,18,30,42,0,DraftKings
nba,2026,2,2026-03-10,401810799,Charlotte Hornets,Portland Trail Blazers,0,3.5,227.5,103,101,20,26,32,25,34,21,27,19,0,DraftKings
nba,2026,2,2026-03-10,401810798,Chicago Bulls,Golden State Warriors,0,-6.5,227.5,130,124,26,31,32,29,30,21,32,35,1,DraftKings
nba,2026,2,2026-03-11,401810802,Cleveland Cavaliers,Orlando Magic,0,3.5,226.5,122,128,35,27,27,33,38,24,34,32,0,DraftKings
nba,2026,2,2026-03-10,401810797,Boston Celtics,San Antonio Spurs,0,-3.5,221.5,116,125,31,27,32,26,29,29,39,28,0,DraftKings
nba,2026,2,2026-03-10,401810801,Minnesota Timberwolves,Los Angeles Lakers,0,2.5,229.5,106,120,21,24,23,38,16,29,39,36,0,DraftKings
nba,2026,2,2026-03-11,401810803,Toronto Raptors,New Orleans Pelicans,0,2.5,235.5,111,122,30,28,25,28,29,31,33,29,0,DraftKings
nba,2026,2,2026-03-11,401810806,Charlotte Hornets,Sacramento Kings,0,14.5,224.5,117,109,30,29,31,27,34,28,23,24,0,DraftKings
nba,2026,2,2026-03-11,401810804,New York Knicks,Utah Jazz,0,13.5,231.5,134,117,26,30,40,38,41,24,29,23,0,DraftKings
nba,2026,2,2026-03-11,401810805,Houston Rockets,Denver Nuggets,0,-6.5,232.5,93,129,20,27,22,24,24,29,40,36,0,DraftKings
nba,2026,2,2026-03-12,401810808,Philadelphia 76ers,Detroit Pistons,0,-14.5,224.5,109,131,27,33,21,28,36,33,35,27,0,DraftKings
nba,2026,2,2026-03-11,401810807,Minnesota Timberwolves,LA Clippers,0,-1.5,226.5,128,153,27,38,33,30,38,36,35,44,0,DraftKings
nba,2026,2,2026-03-12,401810812,Milwaukee Bucks,Miami Heat,0,-5.5,233.5,105,112,21,30,26,28,31,28,26,27,0,DraftKings
nba,2026,2,2026-03-12,401810809,Phoenix Suns,Indiana Pacers,0,9.5,222.5,123,108,36,31,29,27,36,25,27,20,0,DraftKings
nba,2026,2,2026-03-12,401810810,Washington Wizards,Orlando Magic,0,-14.5,236.5,131,136,26,30,25,42,36,27,33,27,1,DraftKings
nba,2026,2,2026-03-12,401810811,Brooklyn Nets,Atlanta Hawks,0,-15.5,226.5,97,108,21,29,29,18,30,27,25,26,0,DraftKings
nba,2026,2,2026-03-12,401810815,Chicago Bulls,Los Angeles Lakers,0,-10.5,240.5,130,142,26,36,36,32,26,41,41,34,0,DraftKings
nba,2026,2,2026-03-13,401810816,Memphis Grizzlies,Detroit Pistons,0,-16.5,233.5,110,126,35,26,23,26,37,31,30,28,0,DraftKings
nba,2026,2,2026-03-12,401810813,Denver Nuggets,San Antonio Spurs,0,-3.5,241.5,136,131,25,28,41,42,37,32,37,25,0,DraftKings
nba,2026,2,2026-03-13,401810818,Phoenix Suns,Toronto Raptors,0,-5.5,221.5,115,122,28,34,30,23,30,29,27,36,0,DraftKings
nba,2026,2,2026-03-12,401810814,Boston Celtics,Oklahoma City Thunder,0,-8.5,216.5,102,104,28,31,24,19,27,29,24,24,0,DraftKings
nba,2026,2,2026-03-12,401810966,Dallas Mavericks,Memphis Grizzlies,0,5.5,239.5,120,112,34,31,21,34,22,32,30,28,0,DraftKings
nba,2026,2,2026-03-13,401810817,New York Knicks,Indiana Pacers,0,12.5,228.5,101,92,24,32,20,25,21,24,29,18,0,DraftKings
nba,2026,2,2026-03-13,401810819,New Orleans Pelicans,Houston Rockets,0,-5.5,230.5,105,107,24,25,23,33,28,29,23,27,0,DraftKings
nba,2026,2,2026-03-13,401810820,Cleveland Cavaliers,Dallas Mavericks,0,13.5,236.5,138,105,38,29,41,30,21,29,33,22,0,DraftKings
nba,2026,2,2026-03-13,401810822,Utah Jazz,Portland Trail Blazers,0,-15.5,235.5,114,124,38,20,31,25,28,38,29,29,0,DraftKings
nba,2026,2,2026-03-14,401810824,Brooklyn Nets,Philadelphia 76ers,0,-8.5,217.5,97,104,16,15,25,41,29,24,24,27,0,DraftKings
nba,2026,2,2026-03-13,401810821,Minnesota Timberwolves,Golden State Warriors,0,4.5,224.5,127,117,31,38,31,27,28,20,39,30,0,DraftKings
nba,2026,2,2026-03-13,401810823,Chicago Bulls,LA Clippers,0,-13.5,235.5,108,119,28,29,28,23,33,30,29,27,0,DraftKings
nba,2026,2,2026-03-14,401810825,Milwaukee Bucks,Atlanta Hawks,0,-11.5,228.5,99,122,30,22,26,21,31,29,35,27,0,DraftKings
nba,2026,2,2026-03-14,401810828,Charlotte Hornets,San Antonio Spurs,0,-6.5,232.5,102,115,24,22,37,19,31,28,32,24,0,DraftKings
nba,2026,2,2026-03-14,401810826,Washington Wizards,Boston Celtics,0,-20.5,232.5,100,111,27,14,31,28,29,35,29,18,0,DraftKings
nba,2026,2,2026-03-14,401810829,Denver Nuggets,Los Angeles Lakers,0,1.5,244.5,125,127,26,24,37,31,34,27,26,31,1,DraftKings
nba,2026,2,2026-03-14,401810830,Sacramento Kings,LA Clippers,0,-13.5,231.5,118,109,33,35,24,26,31,23,21,34,0,DraftKings
nba,2026,2,2026-03-14,401810827,Orlando Magic,Miami Heat,0,-4.5,236.5,121,117,41,30,27,23,27,28,28,34,0,DraftKings
nba,2026,2,2026-03-15,401810833,Detroit Pistons,Toronto Raptors,0,3.5,224.5,108,119,32,32,17,27,33,26,34,26,0,DraftKings
nba,2026,2,2026-03-15,401810832,Dallas Mavericks,Cleveland Cavaliers,0,-14.5,233.5,130,120,35,25,40,30,31,28,27,34,0,DraftKings
nba,2026,2,2026-03-15,401810834,Indiana Pacers,Milwaukee Bucks,0,-7.5,227.5,123,134,34,31,31,27,26,36,40,32,0,DraftKings
nba,2026,2,2026-03-15,401810831,Minnesota Timberwolves,Oklahoma City Thunder,0,-8.5,227.5,103,116,22,31,23,27,23,24,33,36,0,DraftKings
nba,2026,2,2026-03-15,401810837,Utah Jazz,Sacramento Kings,0,-3.5,230.5,111,116,28,21,39,23,26,28,35,27,0,DraftKings
nba,2026,2,2026-03-15,401810836,Golden State Warriors,New York Knicks,0,-14.5,218.5,107,110,35,19,26,27,21,24,38,27,0,DraftKings
nba,2026,2,2026-03-16,401810840,Portland Trail Blazers,Brooklyn Nets,0,10.5,221.5,114,95,35,30,26,23,20,21,24,30,0,DraftKings
nba,2026,2,2026-03-16,401810839,Golden State Warriors,Washington Wizards,0,7.5,234.5,125,117,34,30,34,27,23,34,29,31,0,DraftKings
nba,2026,2,2026-03-15,401810835,Portland Trail Blazers,Philadelphia 76ers,0,8.5,228.5,103,109,27,27,22,27,30,23,29,27,0,DraftKings
nba,2026,2,2026-03-16,401810841,Phoenix Suns,Boston Celtics,0,-8.5,216.5,112,120,32,29,25,26,31,34,26,29,0,DraftKings
nba,2026,2,2026-03-16,401810838,Orlando Magic,Atlanta Hawks,0,-3.5,232.5,112,124,21,29,33,29,34,33,37,20,0,DraftKings
nba,2026,2,2026-03-16,401810842,Memphis Grizzlies,Chicago Bulls,0,-7.5,243.5,107,132,27,30,29,21,29,32,36,35,0,DraftKings
nba,2026,2,2026-03-16,401810844,Los Angeles Lakers,Houston Rockets,0,1.5,223.5,100,92,29,22,32,17,28,29,23,12,0,DraftKings
nba,2026,2,2026-03-16,401810843,Dallas Mavericks,New Orleans Pelicans,0,-8.5,240.5,111,129,26,28,32,25,32,35,36,26,0,DraftKings
nba,2026,2,2026-03-17,401810847,Oklahoma City Thunder,Orlando Magic,0,9.5,224.5,113,108,26,25,34,28,22,28,29,29,0,DraftKings
nba,2026,2,2026-03-16,401810845,San Antonio Spurs,LA Clippers,0,8.5,234.5,119,115,29,37,26,27,37,15,30,33,0,DraftKings
nba,2026,2,2026-03-17,401810848,Detroit Pistons,Washington Wizards,0,19.5,233.5,130,117,32,31,37,30,32,25,26,34,0,DraftKings
nba,2026,2,2026-03-17,401810849,Indiana Pacers,New York Knicks,0,-13.5,222.5,110,136,34,30,27,19,38,34,33,31,0,DraftKings
nba,2026,2,2026-03-17,401810846,Miami Heat,Charlotte Hornets,0,-5.5,236.5,106,136,24,33,31,18,26,33,37,40,0,DraftKings
nba,2026,2,2026-03-17,401810850,Cleveland Cavaliers,Milwaukee Bucks,0,12.5,226.5,123,116,37,20,28,38,24,34,29,29,0,DraftKings
nba,2026,2,2026-03-17,401810851,Phoenix Suns,Minnesota Timberwolves,0,-3.5,221.5,104,116,39,24,23,18,36,28,28,24,0,DraftKings
nba,2026,2,2026-03-17,401810852,Philadelphia 76ers,Denver Nuggets,0,-15.5,235.5,96,124,22,18,31,25,38,34,28,24,0,DraftKings
nba,2026,2,2026-03-17,401810853,San Antonio Spurs,Sacramento Kings,0,13.5,233.5,132,104,39,39,34,20,22,25,34,23,0,DraftKings
nba,2026,2,2026-03-18,401810854,Golden State Warriors,Boston Celtics,0,-11.5,216.5,99,120,23,27,23,26,36,27,26,31,0,DraftKings
nba,2026,2,2026-03-18,401810855,Oklahoma City Thunder,Brooklyn Nets,0,19.5,216.5,121,92,28,32,31,30,11,13,31,37,0,DraftKings
nba,2026,2,2026-03-18,401810857,Toronto Raptors,Chicago Bulls,0,7.5,237.5,139,109,32,40,36,31,17,28,31,33,0,DraftKings
nba,2026,2,2026-03-18,401810856,Portland Trail Blazers,Indiana Pacers,0,11.5,233.5,127,119,37,42,26,22,33,29,24,33,0,DraftKings
nba,2026,2,2026-03-18,401810859,Utah Jazz,Minnesota Timberwolves,0,-12.5,231.5,111,147,31,27,26,27,43,29,38,37,0,DraftKings
nba,2026,2,2026-03-19,401810864,Detroit Pistons,Washington Wizards,0,14.5,231.5,117,95,35,25,28,29,14,38,26,17,0,DraftKings
nba,2026,2,2026-03-18,401810862,Los Angeles Lakers,Houston Rockets,0,-1.5,223.5,124,116,35,32,22,35,26,29,37,24,0,DraftKings
nba,2026,2,2026-03-18,401810861,Atlanta Hawks,Dallas Mavericks,0,8.5,239.5,135,120,37,30,34,34,30,26,26,38,0,DraftKings
nba,2026,2,2026-03-18,401858693,Denver Nuggets,Memphis Grizzlies,0,12.5,246.5,118,125,30,30,31,27,31,29,39,26,0,DraftKings
nba,2026,2,2026-03-19,401810866,Cleveland Cavaliers,Chicago Bulls,0,9.5,236.5,115,110,32,29,32,22,22,23,28,37,0,DraftKings
nba,2026,2,2026-03-19,401810863,Orlando Magic,Charlotte Hornets,0,-5.5,225.5,111,130,32,21,24,34,34,38,38,20,0,DraftKings
nba,2026,2,2026-03-19,401810865,Los Angeles Lakers,Miami Heat,0,-3.5,242.5,134,126,29,30,38,37,42,23,23,38,0,DraftKings
nba,2026,2,2026-03-18,401810860,LA Clippers,New Orleans Pelicans,0,2.5,236.5,109,124,40,20,25,24,26,34,36,28,0,DraftKings
nba,2026,2,2026-03-19,401810867,LA Clippers,New Orleans Pelicans,0,-4.5,228.5,99,105,26,26,32,15,28,27,32,18,0,DraftKings
nba,2026,2,2026-03-19,401810869,Milwaukee Bucks,Utah Jazz,0,5.5,227.5,96,128,19,25,29,23,30,34,30,34,0,DraftKings
nba,2026,2,2026-03-19,401810868,Phoenix Suns,San Antonio Spurs,0,-9.5,228.5,100,101,26,33,20,21,24,28,21,28,0,DraftKings
nba,2026,2,2026-03-20,401810871,New York Knicks,Brooklyn Nets,0,18.5,214.5,93,92,14,30,31,18,22,28,15,27,0,DraftKings
nba,2026,2,2026-03-20,401810872,Golden State Warriors,Detroit Pistons,0,-6.5,219.5,101,115,26,24,23,28,21,36,30,28,0,DraftKings
nba,2026,2,2026-03-19,401810870,Philadelphia 76ers,Sacramento Kings,0,2.5,228.5,139,118,45,26,36,32,33,29,27,29,0,DraftKings
nba,2026,2,2026-03-20,401810874,Boston Celtics,Memphis Grizzlies,0,15.5,230.5,117,112,29,26,29,33,27,27,34,24,0,DraftKings
nba,2026,2,2026-03-20,401810873,Atlanta Hawks,Houston Rockets,0,-2.5,227.5,95,117,27,27,22,19,35,27,39,16,0,DraftKings
nba,2026,2,2026-03-20,401810875,Portland Trail Blazers,Minnesota Timberwolves,0,-1.5,231.5,108,104,33,35,19,21,28,31,27,18,0,DraftKings
nba,2026,2,2026-03-20,401810876,Toronto Raptors,Denver Nuggets,0,-6.5,239.5,115,121,30,23,41,21,27,30,28,36,0,DraftKings
nba,2026,2,2026-03-21,401810878,Memphis Grizzlies,Charlotte Hornets,0,-18.5,233.5,101,124,26,21,28,26,30,29,38,27,0,DraftKings
nba,2026,2,2026-03-21,401810877,Oklahoma City Thunder,Washington Wizards,0,21.5,230.5,132,111,32,37,34,29,32,32,32,15,0,DraftKings
nba,2026,2,2026-03-21,401810879,Los Angeles Lakers,Orlando Magic,0,2.5,234.5,105,104,37,25,20,23,30,35,22,17,0,DraftKings
nba,2026,2,2026-03-21,401810881,Golden State Warriors,Atlanta Hawks,0,-7.5,228.5,110,126,36,25,20,29,35,28,39,24,0,DraftKings
nba,2026,2,2026-03-21,401810880,Cleveland Cavaliers,New Orleans Pelicans,0,4.5,237.5,111,106,34,19,23,35,28,28,32,18,0,DraftKings
nba,2026,2,2026-03-21,401810882,Miami Heat,Houston Rockets,0,-2.5,228.5,122,123,29,34,33,26,32,32,23,36,0,DraftKings
nba,2026,2,2026-03-21,401810884,LA Clippers,Dallas Mavericks,0,7.5,233.5,138,131,32,31,37,22,42,30,27,23,1,DraftKings
nba,2026,2,2026-03-21,401810885,Philadelphia 76ers,Utah Jazz,0,5.5,228.5,126,116,38,26,31,31,34,36,24,22,0,DraftKings
nba,2026,2,2026-03-21,401810883,Indiana Pacers,San Antonio Spurs,0,-16.5,235.5,119,134,29,24,32,34,42,24,34,34,0,DraftKings
nba,2026,2,2026-03-22,401810887,Portland Trail Blazers,Denver Nuggets,0,-8.5,237.5,112,128,40,29,24,19,42,33,32,21,0,DraftKings
nba,2026,2,2026-03-21,401810886,Milwaukee Bucks,Phoenix Suns,0,-11.5,218.5,108,105,15,42,24,27,26,26,30,23,0,DraftKings
nba,2026,2,2026-03-22,401810888,Brooklyn Nets,Sacramento Kings,0,-6.5,218.5,122,126,34,28,20,40,30,27,28,41,0,DraftKings
nba,2026,2,2026-03-22,401810889,Washington Wizards,New York Knicks,0,-22.5,229.5,113,145,27,25,29,32,32,36,37,40,0,DraftKings
nba,2026,2,2026-03-22,401810890,Minnesota Timberwolves,Boston Celtics,0,-10.5,222.5,102,92,14,33,29,26,23,21,33,15,0,DraftKings
nba,2026,2,2026-03-22,401810891,Toronto Raptors,Phoenix Suns,0,4.5,219.5,98,120,20,28,21,29,34,32,31,23,0,DraftKings
nba,2026,2,2026-03-23,401810895,Oklahoma City Thunder,Philadelphia 76ers,0,16.5,226.5,123,103,35,30,32,26,25,18,36,24,0,DraftKings
nba,2026,2,2026-03-23,401810894,Indiana Pacers,Orlando Magic,0,-10.5,233.5,128,126,34,25,44,25,24,40,31,31,0,DraftKings
nba,2026,2,2026-03-23,401810893,Los Angeles Lakers,Detroit Pistons,0,1.5,224.5,110,113,27,25,35,23,23,42,24,24,0,DraftKings
nba,2026,2,2026-03-23,401810892,Memphis Grizzlies,Atlanta Hawks,0,-13.5,238.5,107,146,22,24,29,32,32,39,45,30,0,DraftKings
nba,2026,2,2026-03-23,401810896,San Antonio Spurs,Miami Heat,0,3.5,244.5,136,111,38,38,32,28,31,27,23,30,0,DraftKings
nba,2026,2,2026-03-23,401810897,Houston Rockets,Chicago Bulls,0,8.5,233.5,124,132,21,27,39,37,41,24,30,37,0,DraftKings
nba,2026,2,2026-03-23,401810898,Toronto Raptors,Utah Jazz,0,8.5,230.5,143,127,31,37,49,26,25,33,30,39,0,DraftKings
nba,2026,2,2026-03-23,401810899,Golden State Warriors,Dallas Mavericks,0,3.5,230.5,137,131,34,29,35,28,31,42,25,28,1,DraftKings
nba,2026,2,2026-03-23,401810901,Milwaukee Bucks,LA Clippers,0,-13.5,221.5,96,129,24,23,20,29,28,43,37,21,0,DraftKings
nba,2026,2,2026-03-24,401810902,Sacramento Kings,Charlotte Hornets,0,-18.5,233.5,90,134,25,22,29,14,34,38,41,21,0,DraftKings
nba,2026,2,2026-03-23,401810900,Brooklyn Nets,Portland Trail Blazers,0,-15.5,218.5,99,134,30,21,22,26,35,34,28,37,0,DraftKings
nba,2026,2,2026-03-24,401810903,New Orleans Pelicans,New York Knicks,0,-8.5,229.5,116,121,28,32,32,24,42,24,27,28,0,DraftKings
nba,2026,2,2026-03-25,401810907,Los Angeles Lakers,Indiana Pacers,0,8.5,241.5,137,130,45,30,30,32,28,31,26,45,0,DraftKings
nba,2026,2,2026-03-25,401810906,Atlanta Hawks,Detroit Pistons,0,-2.5,229.5,130,129,37,36,25,23,29,26,40,26,1,DraftKings
nba,2026,2,2026-03-24,401810905,Denver Nuggets,Phoenix Suns,0,5.5,233.5,125,123,28,39,30,28,35,22,38,28,0,DraftKings
nba,2026,2,2026-03-25,401810909,Oklahoma City Thunder,Boston Celtics,0,2.5,222.5,109,119,31,22,30,26,20,29,39,31,0,DraftKings
nba,2026,2,2026-03-24,401810904,Orlando Magic,Cleveland Cavaliers,0,-10.5,230.5,131,136,39,29,29,34,32,40,33,31,0,DraftKings
nba,2026,2,2026-03-25,401810910,Miami Heat,Cleveland Cavaliers,0,-2.5,243.5,120,103,28,35,20,37,19,27,37,20,0,DraftKings
nba,2026,2,2026-03-25,401810908,Chicago Bulls,Philadelphia 76ers,0,-6.5,241.5,137,157,26,26,32,53,38,33,51,35,0,DraftKings
nba,2026,2,2026-03-25,401810911,San Antonio Spurs,Memphis Grizzlies,0,16.5,234.5,123,98,38,19,41,25,19,25,20,34,0,DraftKings
nba,2026,2,2026-03-25,401810913,Houston Rockets,Minnesota Timberwolves,0,1.5,223.5,108,110,19,24,25,27,23,21,26,25,1,DraftKings
nba,2026,2,2026-03-25,401810912,Washington Wizards,Utah Jazz,0,-3.5,239.5,133,110,33,39,32,29,20,25,30,35,0,DraftKings
nba,2026,2,2026-03-25,401810914,Dallas Mavericks,Denver Nuggets,0,-10.5,246.5,135,142,33,26,41,35,34,34,43,31,0,DraftKings
nba,2026,2,2026-03-25,401810915,Brooklyn Nets,Golden State Warriors,0,-12.5,217.5,106,109,30,28,28,20,25,25,27,32,0,DraftKings
nba,2026,2,2026-03-25,401810916,Milwaukee Bucks,Portland Trail Blazers,0,-15.5,226.5,99,130,27,22,32,18,42,29,33,26,0,DraftKings
nba,2026,2,2026-03-25,401810917,Toronto Raptors,LA Clippers,0,-3.5,226.5,94,119,22,23,27,22,36,23,32,28,0,DraftKings
nba,2026,2,2026-03-26,401810918,New York Knicks,Charlotte Hornets,0,-2.5,224.5,103,114,36,19,21,27,38,27,29,20,0,DraftKings
nba,2026,2,2026-03-27,401810924,Houston Rockets,Memphis Grizzlies,0,13.5,227.5,119,109,32,24,31,32,30,19,33,27,0,DraftKings
nba,2026,2,2026-03-27,401810926,New Orleans Pelicans,Toronto Raptors,0,-8.5,229.5,106,119,25,19,31,31,29,30,31,29,0,DraftKings
nba,2026,2,2026-03-27,401810927,Utah Jazz,Denver Nuggets,0,-19.5,247.5,129,135,26,36,43,24,37,25,36,37,0,DraftKings
nba,2026,2,2026-03-27,401810922,Atlanta Hawks,Boston Celtics,0,-4.5,223.5,102,109,29,31,22,20,26,29,32,22,0,DraftKings
nba,2026,2,2026-03-26,401810920,Sacramento Kings,Orlando Magic,0,-15.5,230.5,117,121,30,29,31,27,39,26,28,28,0,DraftKings
nba,2026,2,2026-03-27,401810925,Chicago Bulls,Oklahoma City Thunder,0,-18.5,241.5,113,131,32,35,21,25,29,33,33,36,0,DraftKings
nba,2026,2,2026-03-27,401810923,Miami Heat,Cleveland Cavaliers,0,-5.5,240.5,128,149,27,19,41,41,40,41,28,40,0,DraftKings
nba,2026,2,2026-03-26,401810919,New Orleans Pelicans,Detroit Pistons,0,-4.5,225.5,108,129,33,23,30,22,31,34,27,37,0,DraftKings
nba,2026,2,2026-03-27,401810921,LA Clippers,Indiana Pacers,0,8.5,235.5,114,113,21,29,36,28,42,18,28,25,0,DraftKings
nba,2026,2,2026-03-27,401810928,Washington Wizards,Golden State Warriors,0,-12.5,230.5,126,131,25,35,34,32,38,34,20,39,0,DraftKings
nba,2026,2,2026-03-27,401810930,Brooklyn Nets,Los Angeles Lakers,0,-18.5,224.5,99,116,30,29,25,15,35,26,24,31,0,DraftKings
nba,2026,2,2026-03-27,401810929,Dallas Mavericks,Portland Trail Blazers,0,-10.5,240.5,100,93,32,24,23,21,22,29,25,17,0,DraftKings
nba,2026,2,2026-03-28,401810931,San Antonio Spurs,Milwaukee Bucks,0,17.5,227.5,127,95,37,30,35,25,24,21,34,16,0,DraftKings
nba,2026,2,2026-03-28,401810932,Philadelphia 76ers,Charlotte Hornets,0,-6.5,231.5,118,114,25,39,28,26,36,33,28,17,0,DraftKings
nba,2026,2,2026-03-28,401810933,Sacramento Kings,Atlanta Hawks,0,-13.5,234.5,113,123,30,24,28,31,27,39,22,35,0,DraftKings
nba,2026,2,2026-03-28,401810935,Detroit Pistons,Minnesota Timberwolves,0,2.5,221.5,109,87,33,16,25,35,24,20,16,27,0,DraftKings
nba,2026,2,2026-03-28,401810934,Chicago Bulls,Memphis Grizzlies,0,5.5,247.5,124,125,30,28,30,36,28,28,42,27,0,DraftKings
nba,2026,2,2026-03-28,401810936,Utah Jazz,Phoenix Suns,0,-17.5,232.5,109,134,21,24,38,26,39,34,35,26,0,DraftKings
nba,2026,2,2026-03-29,401810939,Sacramento Kings,Brooklyn Nets,0,-1.5,216.5,99,116,18,27,28,26,31,37,18,30,0,DraftKings
nba,2026,2,2026-03-29,401810937,LA Clippers,Milwaukee Bucks,0,17.5,219.5,127,113,29,28,39,31,25,21,28,39,0,DraftKings
nba,2026,2,2026-03-29,401810940,Boston Celtics,Charlotte Hornets,0,-2.5,216.5,114,99,27,36,26,25,21,28,26,24,0,DraftKings
nba,2026,2,2026-03-29,401810938,Miami Heat,Indiana Pacers,0,8.5,245.5,118,135,36,39,32,11,34,45,29,27,0,DraftKings
nba,2026,2,2026-03-29,401810942,Washington Wizards,Portland Trail Blazers,0,-16.5,235.5,88,123,15,32,19,22,24,34,33,32,0,DraftKings
nba,2026,2,2026-03-29,401810943,Houston Rockets,New Orleans Pelicans,0,5.5,226.5,134,102,29,39,33,33,29,18,33,22,0,DraftKings
nba,2026,2,2026-03-29,401810941,Orlando Magic,Toronto Raptors,0,-1.5,226.5,87,139,20,23,25,19,38,32,43,26,0,DraftKings
nba,2026,2,2026-03-30,401810946,Philadelphia 76ers,Miami Heat,0,2.5,242.5,109,119,34,27,26,22,38,20,33,28,0,DraftKings
nba,2026,2,2026-03-29,401810945,Golden State Warriors,Denver Nuggets,0,-11.5,238.5,93,116,28,25,21,19,23,23,40,30,0,DraftKings
nba,2026,2,2026-03-29,401810944,New York Knicks,Oklahoma City Thunder,0,-7.5,223.5,100,111,23,29,26,22,26,27,31,27,0,DraftKings
nba,2026,2,2026-03-30,401810947,Boston Celtics,Atlanta Hawks,0,-2.5,225.5,102,112,30,24,22,26,29,25,36,22,0,DraftKings
nba,2026,2,2026-03-30,401810948,Phoenix Suns,Memphis Grizzlies,0,12.5,228.5,131,105,34,31,26,40,31,30,28,16,0,DraftKings
nba,2026,2,2026-03-30,401810950,Minnesota Timberwolves,Dallas Mavericks,0,8.5,236.5,124,94,35,21,38,30,23,23,25,23,0,DraftKings
nba,2026,2,2026-03-30,401810949,Chicago Bulls,San Antonio Spurs,0,-17.5,246.5,114,129,28,19,35,32,29,35,38,27,0,DraftKings
nba,2026,2,2026-03-30,401810952,Detroit Pistons,Oklahoma City Thunder,0,-11.5,217.5,110,114,24,19,31,27,31,22,26,22,1,DraftKings
nba,2026,2,2026-03-30,401810951,Cleveland Cavaliers,Utah Jazz,0,16.5,242.5,122,113,31,32,31,28,29,24,36,24,0,DraftKings
nba,2026,2,2026-03-30,401810953,Washington Wizards,Los Angeles Lakers,0,-15.5,237.5,101,120,26,18,33,24,25,40,26,29,0,DraftKings
nba,2026,2,2026-03-31,401810955,Charlotte Hornets,Brooklyn Nets,0,18.5,219.5,117,86,35,23,31,28,18,27,18,23,0,DraftKings
nba,2026,2,2026-03-31,401810954,Phoenix Suns,Orlando Magic,0,-2.5,225.5,111,115,21,35,38,17,28,42,24,21,0,DraftKings
nba,2026,2,2026-03-31,401858694,Dallas Mavericks,Milwaukee Bucks,0,2.5,231.5,99,123,31,20,19,29,38,27,25,33,0,DraftKings
nba,2026,2,2026-03-31,401810957,New York Knicks,Houston Rockets,0,1.5,218.5,94,111,21,29,22,22,37,26,29,19,0,DraftKings
nba,2026,2,2026-03-31,401810956,Toronto Raptors,Detroit Pistons,0,-3.5,219.5,116,127,20,34,27,35,26,33,41,27,0,DraftKings
nba,2026,2,2026-03-31,401810958,Cleveland Cavaliers,Los Angeles Lakers,0,-2.5,236.5,113,127,34,19,30,30,32,33,45,17,0,DraftKings
nba,2026,2,2026-04-01,401810960,Philadelphia 76ers,Washington Wizards,0,14.5,239.5,153,131,35,38,47,33,29,42,32,28,0,DraftKings
nba,2026,2,2026-04-01,401810961,Boston Celtics,Miami Heat,0,4.5,229.5,147,129,53,27,32,35,33,24,45,27,0,DraftKings
nba,2026,2,2026-03-31,401810959,Portland Trail Blazers,LA Clippers,0,-4.5,225.5,114,104,34,28,29,23,31,15,28,30,0,DraftKings
nba,2026,2,2026-04-01,401810962,Atlanta Hawks,Orlando Magic,0,2.5,235.5,130,101,25,47,30,28,28,26,22,25,0,DraftKings
nba,2026,2,2026-04-01,401810858,New York Knicks,Memphis Grizzlies,0,13.5,224.5,130,119,48,31,20,31,30,32,28,29,0,DraftKings
nba,2026,2,2026-04-01,401810963,Sacramento Kings,Toronto Raptors,0,-12.5,227.5,123,115,27,34,29,33,22,34,25,34,0,DraftKings
nba,2026,2,2026-04-01,401810965,Milwaukee Bucks,Houston Rockets,0,-19.5,216.5,113,119,20,24,34,35,27,27,31,34,0,DraftKings
nba,2026,2,2026-04-01,401810967,Denver Nuggets,Utah Jazz,0,17.5,249.5,130,117,39,29,29,33,28,26,36,27,0,DraftKings
nba,2026,2,2026-04-01,401810968,San Antonio Spurs,Golden State Warriors,0,14.5,228.5,127,113,35,35,26,31,26,23,34,30,0,DraftKings
nba,2026,2,2026-04-01,401810964,Indiana Pacers,Chicago Bulls,0,-3.5,246.5,145,126,39,44,34,28,33,33,26,34,0,DraftKings
nba,2026,2,2026-04-02,401810972,Cleveland Cavaliers,Golden State Warriors,0,10.5,230.5,118,111,30,24,30,34,26,21,33,31,0,DraftKings
nba,2026,2,2026-04-02,401810969,Phoenix Suns,Charlotte Hornets,0,-5.5,227.5,107,127,41,19,27,20,33,33,36,25,0,DraftKings
nba,2026,2,2026-04-02,401810971,Los Angeles Lakers,Oklahoma City Thunder,0,-9.5,233.5,96,139,21,30,16,29,44,38,30,27,0,DraftKings
nba,2026,2,2026-04-02,401810970,Minnesota Timberwolves,Detroit Pistons,0,-5.5,220.5,108,113,31,23,26,28,30,24,25,34,0,DraftKings
nba,2026,2,2026-04-02,401810973,New Orleans Pelicans,Portland Trail Blazers,0,-5.5,235.5,106,118,32,33,16,25,35,25,28,30,0,DraftKings
nba,2026,2,2026-04-02,401810974,San Antonio Spurs,LA Clippers,0,-2.5,231.5,118,99,33,35,19,31,25,19,34,21,0,DraftKings
nba,2026,2,2026-04-03,401810975,Indiana Pacers,Charlotte Hornets,0,-15.5,234.5,108,129,24,26,32,26,38,31,31,29,0,DraftKings
nba,2026,2,2026-04-03,401810976,Minnesota Timberwolves,Philadelphia 76ers,0,-3.5,233.5,103,115,17,30,24,32,19,22,42,32,0,DraftKings
nba,2026,2,2026-04-03,401810977,Atlanta Hawks,Brooklyn Nets,0,16.5,225.5,141,107,35,36,27,43,25,30,30,22,0,DraftKings
nba,2026,2,2026-04-03,401810978,Chicago Bulls,New York Knicks,0,-13.5,236.5,96,136,16,25,31,24,38,40,30,28,0,DraftKings
nba,2026,2,2026-04-03,401810979,Utah Jazz,Houston Rockets,0,-18.5,231.5,106,140,22,28,28,28,34,35,38,33,0,DraftKings
nba,2026,2,2026-04-03,401810980,Toronto Raptors,Memphis Grizzlies,0,14.5,233.5,128,96,26,33,37,32,21,20,31,24,0,DraftKings
nba,2026,2,2026-04-03,401810981,Boston Celtics,Milwaukee Bucks,0,17.5,217.5,133,101,43,32,30,28,26,29,21,25,0,DraftKings
nba,2026,2,2026-04-03,401810983,New Orleans Pelicans,Sacramento Kings,0,6.5,232.5,113,117,30,36,26,21,21,34,30,32,0,DraftKings
nba,2026,2,2026-04-04,401810986,Detroit Pistons,Philadelphia 76ers,0,3.5,225.5,116,93,41,30,24,21,31,29,21,12,0,DraftKings
nba,2026,2,2026-04-03,401810982,Orlando Magic,Dallas Mavericks,0,6.5,239.5,138,127,38,33,40,27,31,27,34,35,0,DraftKings
nba,2026,2,2026-04-04,401810984,Washington Wizards,Miami Heat,0,-18.5,245.5,136,152,32,25,34,45,36,41,45,30,0,DraftKings
nba,2026,2,2026-04-04,401810985,San Antonio Spurs,Denver Nuggets,0,1.5,244.5,134,136,43,29,24,28,36,29,27,32,1,DraftKings
nba,2026,2,2026-04-05,401810987,Toronto Raptors,Boston Celtics,0,-9.5,221.5,101,115,26,20,31,24,26,28,26,35,0,DraftKings
nba,2026,2,2026-04-05,401810989,Phoenix Suns,Chicago Bulls,0,11.5,243.5,120,110,30,33,23,34,30,26,28,26,0,DraftKings
nba,2026,2,2026-04-05,401810990,Memphis Grizzlies,Milwaukee Bucks,0,-7.5,230.5,115,131,25,31,31,28,34,28,30,39,0,DraftKings
nba,2026,2,2026-04-05,401810988,Washington Wizards,Brooklyn Nets,0,-3.5,230.5,115,121,23,31,30,31,35,24,26,36,0,DraftKings
nba,2026,2,2026-04-05,401810991,Indiana Pacers,Cleveland Cavaliers,0,-16.5,240.5,108,117,32,26,33,17,31,24,35,27,0,DraftKings
nba,2026,2,2026-04-05,401810994,Utah Jazz,Oklahoma City Thunder,0,-24.5,239.5,111,146,25,29,27,30,40,35,33,38,0,DraftKings
nba,2026,2,2026-04-05,401810992,Charlotte Hornets,Minnesota Timberwolves,0,4.5,226.5,122,108,29,26,34,33,21,39,19,29,0,DraftKings
nba,2026,2,2026-04-05,401810993,Orlando Magic,New Orleans Pelicans,0,6.5,236.5,112,108,29,23,29,31,28,32,28,20,0,DraftKings
nba,2026,2,2026-04-05,401810995,Los Angeles Lakers,Dallas Mavericks,0,1.5,234.5,128,134,30,31,36,31,41,26,40,27,0,DraftKings
nba,2026,2,2026-04-05,401810996,LA Clippers,Sacramento Kings,0,13.5,228.5,138,109,42,29,36,31,32,27,20,30,0,DraftKings
nba,2026,2,2026-04-05,401810997,Houston Rockets,Golden State Warriors,0,3.5,227.5,117,116,26,29,37,25,31,22,29,34,0,DraftKings
nba,2026,2,2026-04-07,401811003,Chicago Bulls,Washington Wizards,0,5.5,249.5,129,98,38,28,34,29,18,19,26,35,0,DraftKings
nba,2026,2,2026-04-06,401811002,Portland Trail Blazers,Denver Nuggets,0,-6.5,235.5,132,137,35,37,29,24,31,27,29,38,1,DraftKings
nba,2026,2,2026-04-06,401810998,New York Knicks,Atlanta Hawks,0,-1.5,226.5,108,105,32,21,28,27,31,26,22,26,0,DraftKings
nba,2026,2,2026-04-07,401811006,Miami Heat,Toronto Raptors,0,-2.5,240.5,95,121,27,24,25,19,32,32,30,27,0,DraftKings
nba,2026,2,2026-04-06,401811000,Cleveland Cavaliers,Memphis Grizzlies,0,13.5,231.5,142,126,24,44,33,41,36,28,26,36,0,DraftKings
nba,2026,2,2026-04-07,401811005,Milwaukee Bucks,Brooklyn Nets,0,1.5,218.5,90,96,29,14,19,28,30,19,21,26,0,DraftKings
nba,2026,2,2026-04-06,401811001,Philadelphia 76ers,San Antonio Spurs,0,-8.5,237.5,102,115,28,27,30,17,29,33,30,23,0,DraftKings
nba,2026,2,2026-04-06,401810999,Detroit Pistons,Orlando Magic,0,1.5,222.5,107,123,28,27,21,31,30,39,29,25,0,DraftKings
nba,2026,2,2026-04-07,401811007,Minnesota Timberwolves,Indiana Pacers,0,12.5,234.5,124,104,35,28,39,22,27,26,24,27,0,DraftKings
nba,2026,2,2026-04-07,401811004,Charlotte Hornets,Boston Celtics,0,-4.5,221.5,102,113,31,30,26,15,20,35,35,23,0,DraftKings
nba,2026,2,2026-04-07,401811010,Oklahoma City Thunder,Los Angeles Lakers,0,17.5,221.5,123,87,34,31,28,30,27,20,15,25,0,DraftKings
nba,2026,2,2026-04-07,401811008,Utah Jazz,New Orleans Pelicans,0,-6.5,242.5,137,156,34,35,27,41,24,37,50,45,0,DraftKings
nba,2026,2,2026-04-07,401811009,Sacramento Kings,Golden State Warriors,0,-14.5,233.5,105,110,26,27,28,24,25,41,19,25,0,DraftKings
nba,2026,2,2026-04-07,401811011,Dallas Mavericks,LA Clippers,0,-11.5,235.5,103,116,26,29,29,19,39,26,24,27,0,DraftKings
nba,2026,2,2026-04-07,401811012,Houston Rockets,Phoenix Suns,0,1.5,221.5,119,105,21,33,27,38,37,20,27,21,0,DraftKings
nba,2026,2,2026-04-08,401811013,Atlanta Hawks,Cleveland Cavaliers,0,-4.5,237.5,116,122,29,38,20,29,33,27,44,18,0,DraftKings
nba,2026,2,2026-04-08,401811017,Memphis Grizzlies,Denver Nuggets,0,-23.5,247.5,119,136,33,39,22,25,37,31,39,29,0,DraftKings
nba,2026,2,2026-04-08,401811014,Minnesota Timberwolves,Orlando Magic,0,-11.5,233.5,120,132,32,21,30,37,34,29,38,31,0,DraftKings
nba,2026,2,2026-04-08,401811015,Milwaukee Bucks,Detroit Pistons,0,-22.5,222.5,111,137,28,29,29,25,34,41,37,25,0,DraftKings
nba,2026,2,2026-04-08,401811016,Portland Trail Blazers,San Antonio Spurs,0,-2.5,229.5,101,112,23,28,22,28,32,29,27,24,0,DraftKings
nba,2026,2,2026-04-08,401811018,Oklahoma City Thunder,LA Clippers,0,8.5,223.5,128,110,34,35,25,34,23,26,31,30,0,DraftKings
nba,2026,2,2026-04-09,401811021,Chicago Bulls,Washington Wizards,0,6.5,249.5,119,108,32,20,35,32,24,27,23,34,0,DraftKings
nba,2026,2,2026-04-08,401811019,Dallas Mavericks,Phoenix Suns,0,-12.5,234.5,107,112,29,24,27,27,33,28,27,24,0,DraftKings
nba,2026,2,2026-04-09,401811023,Boston Celtics,New York Knicks,0,-3.5,210.5,106,112,29,24,30,23,26,28,27,31,0,DraftKings
nba,2026,2,2026-04-09,401811020,Miami Heat,Toronto Raptors,0,-4.5,236.5,114,128,26,24,40,24,32,37,33,26,0,DraftKings
nba,2026,2,2026-04-09,401811022,Indiana Pacers,Brooklyn Nets,0,3.5,224.5,123,94,31,32,35,25,14,23,35,22,0,DraftKings
nba,2026,2,2026-04-09,401811024,Philadelphia 76ers,Houston Rockets,0,-6.5,226.5,102,113,26,30,17,29,35,38,23,17,0,DraftKings
nba,2026,2,2026-04-09,401811025,Los Angeles Lakers,Golden State Warriors,0,-1.5,222.5,119,103,28,25,29,37,23,26,24,30,0,DraftKings
nba,2026,2,2026-04-10,401811026,Detroit Pistons,Charlotte Hornets,0,-6.5,225.5,118,100,36,32,25,25,30,35,25,10,0,DraftKings
nba,2026,2,2026-04-10,401811027,Miami Heat,Washington Wizards,0,15.5,243.5,140,117,34,38,33,35,23,29,33,32,0,DraftKings
nba,2026,2,2026-04-10,401811028,Cleveland Cavaliers,Atlanta Hawks,0,-8.5,233.5,102,124,22,26,17,37,27,34,35,28,0,DraftKings
nba,2026,2,2026-04-10,401811030,Philadelphia 76ers,Indiana Pacers,0,14.5,234.5,105,94,28,30,31,16,21,30,26,17,0,DraftKings
nba,2026,2,2026-04-10,401811029,New Orleans Pelicans,Boston Celtics,0,-18.5,227.5,118,144,25,26,31,36,44,38,34,28,0,DraftKings
nba,2026,2,2026-04-10,401811032,Orlando Magic,Chicago Bulls,0,16.5,246.5,127,103,28,36,35,28,26,27,26,24,0,DraftKings
nba,2026,2,2026-04-10,401811031,Toronto Raptors,New York Knicks,0,-6.5,218.5,95,112,21,15,28,31,22,29,28,33,0,DraftKings
nba,2026,2,2026-04-10,401811035,Dallas Mavericks,San Antonio Spurs,0,-18.5,236.5,120,139,26,39,28,27,37,31,40,31,0,DraftKings
nba,2026,2,2026-04-10,401811036,Memphis Grizzlies,Utah Jazz,0,-4.5,247.5,101,147,30,22,22,27,33,41,36,37,0,DraftKings
nba,2026,2,2026-04-10,401811034,Brooklyn Nets,Milwaukee Bucks,0,-10.5,218.5,108,125,24,30,30,24,38,28,33,26,0,DraftKings
nba,2026,2,2026-04-10,401811037,Oklahoma City Thunder,Denver Nuggets,0,-2.5,223.5,107,127,27,24,34,22,34,25,31,37,0,DraftKings
nba,2026,2,2026-04-10,401811033,Minnesota Timberwolves,Houston Rockets,0,-9.5,227.5,136,132,37,32,34,33,36,37,33,26,0,DraftKings
nba,2026,2,2026-04-10,401811038,LA Clippers,Portland Trail Blazers,0,-1.5,226.5,97,116,24,27,33,13,33,28,25,30,0,DraftKings
nba,2026,2,2026-04-12,401811041,Orlando Magic,Boston Celtics,0,12.5,222.5,108,113,29,32,20,27,20,32,42,19,0,DraftKings
nba,2026,2,2026-04-10,401811040,Phoenix Suns,Los Angeles Lakers,0,2.5,217.5,73,101,24,24,16,9,33,24,24,20,0,DraftKings
nba,2026,2,2026-04-10,401811039,Golden State Warriors,Sacramento Kings,0,10.5,228.5,118,124,27,24,38,29,32,31,19,42,0,DraftKings
nba,2026,2,2026-04-12,401811043,Detroit Pistons,Indiana Pacers,0,16.5,232.5,133,121,41,40,27,25,27,36,26,32,0,DraftKings
nba,2026,2,2026-04-12,401811042,Washington Wizards,Cleveland Cavaliers,0,-10.5,234.5,117,130,21,34,40,22,43,22,34,31,0,DraftKings
nba,2026,2,2026-04-12,401811044,Atlanta Hawks,Miami Heat,0,-10.5,239.5,117,143,24,37,23,33,33,37,29,44,0,DraftKings
nba,2026,2,2026-04-12,401811045,Charlotte Hornets,New York Knicks,0,14.5,217.5,110,96,30,27,30,23,20,24,29,23,0,DraftKings
nba,2026,2,2026-04-12,401811048,Chicago Bulls,Dallas Mavericks,0,-5.5,249.5,128,149,34,22,32,40,45,35,39,30,0,DraftKings
nba,2026,2,2026-04-12,401811046,Milwaukee Bucks,Philadelphia 76ers,0,-16.5,225.5,106,126,26,36,16,28,29,29,38,30,0,DraftKings
nba,2026,2,2026-04-12,401811047,Brooklyn Nets,Toronto Raptors,0,-23.5,218.5,101,136,27,34,23,17,32,38,30,36,0,DraftKings
nba,2026,2,2026-04-12,401811050,New Orleans Pelicans,Minnesota Timberwolves,0,-3.5,239.5,126,132,24,35,31,36,34,39,24,35,0,DraftKings
nba,2026,2,2026-04-12,401811049,Memphis Grizzlies,Houston Rockets,0,-14.5,230.5,101,132,26,19,26,30,32,34,34,32,0,DraftKings
nba,2026,2,2026-04-12,401811051,Phoenix Suns,Oklahoma City Thunder,0,-7.5,213.5,135,103,37,33,34,31,19,33,25,26,0,DraftKings
nba,2026,2,2026-04-12,401811053,Utah Jazz,Los Angeles Lakers,0,-14.5,239.5,107,131,22,23,29,33,32,30,33,36,0,DraftKings
nba,2026,2,2026-04-12,401811052,Denver Nuggets,San Antonio Spurs,0,-9.5,235.5,128,118,37,33,31,27,34,22,35,27,0,DraftKings
nba,2026,3,2026-04-18,401869187,Toronto Raptors,Cleveland Cavaliers,0,-8.5,222.5,113,126,31,23,22,37,35,26,36,29,0,DraftKings
nba,2026,2,2026-04-12,401811054,Golden State Warriors,LA Clippers,0,-3.5,229.5,110,115,26,22,33,29,25,27,31,32,0,DraftKings
nba,2026,2,2026-04-12,401811055,Sacramento Kings,Portland Trail Blazers,0,-18.5,226.5,110,122,33,24,27,26,33,44,19,26,0,DraftKings
nba,2026,3,2026-04-19,401869191,Philadelphia 76ers,Boston Celtics,0,-12.5,217.5,91,123,18,28,25,20,33,31,31,28,0,DraftKings
nba,2026,3,2026-04-18,401869190,Houston Rockets,Los Angeles Lakers,0,2.5,208.5,98,107,29,19,18,32,33,17,25,32,0,DraftKings
nba,2026,3,2026-04-18,401869189,Atlanta Hawks,New York Knicks,0,-5.5,217.5,102,113,24,31,19,28,30,27,26,30,0,DraftKings
nba,2026,3,2026-04-18,401869188,Minnesota Timberwolves,Denver Nuggets,0,-7.5,232.5,105,116,33,29,17,26,23,39,29,25,0,DraftKings
nba,2026,3,2026-04-19,401869192,Phoenix Suns,Oklahoma City Thunder,0,-16.5,216.5,84,119,20,24,22,18,35,30,32,22,0,DraftKings
nba,2026,3,2026-04-19,401869193,Orlando Magic,Detroit Pistons,0,-8.5,220.5,112,101,35,20,26,31,27,24,23,27,0,DraftKings
nba,2026,3,2026-04-20,401869369,Toronto Raptors,Cleveland Cavaliers,0,-9.5,221.5,105,115,19,29,29,28,26,28,30,31,0,DraftKings
nba,2026,3,2026-04-19,401869194,Portland Trail Blazers,San Antonio Spurs,0,-11.5,222.5,98,111,21,28,23,26,30,29,28,24,0,DraftKings
nba,2026,3,2026-04-20,401869395,Minnesota Timberwolves,Denver Nuggets,0,-7.5,232.5,119,114,25,39,26,29,39,25,29,21,0,DraftKings
nba,2026,3,2026-04-20,401869387,Atlanta Hawks,New York Knicks,0,-5.5,218.5,107,106,23,31,25,28,32,29,30,15,0,DraftKings
nba,2026,3,2026-04-21,401869396,Philadelphia 76ers,Boston Celtics,0,-13.5,218.5,111,97,25,37,22,27,28,26,23,20,0,DraftKings
nba,2026,3,2026-04-21,401869378,Portland Trail Blazers,San Antonio Spurs,0,-11.5,221.5,106,103,27,30,22,27,28,29,23,23,0,DraftKings
nba,2026,3,2026-04-21,401869397,Houston Rockets,Los Angeles Lakers,0,5.5,209.5,94,101,26,25,17,26,33,21,21,26,0,DraftKings
nba,2026,3,2026-04-22,401869411,Orlando Magic,Detroit Pistons,0,-8.5,219.5,83,98,21,25,16,21,25,21,38,14,0,DraftKings
nba,2026,3,2026-04-22,401869368,Phoenix Suns,Oklahoma City Thunder,0,-17.5,216.5,107,120,29,28,20,30,30,35,35,20,0,DraftKings
nba,2026,3,2026-04-23,401869389,New York Knicks,Atlanta Hawks,0,1.5,214.5,108,109,21,29,30,28,33,25,30,21,0,DraftKings
nba,2026,3,2026-04-23,401869398,Denver Nuggets,Minnesota Timberwolves,0,-1.5,231.5,96,113,11,28,29,28,25,36,27,25,0,DraftKings
nba,2026,3,2026-04-24,401869404,Boston Celtics,Philadelphia 76ers,0,8.5,215.5,108,100,29,25,25,29,24,23,27,26,0,DraftKings
nba,2026,3,2026-04-24,401869400,Los Angeles Lakers,Houston Rockets,0,-7.5,205.5,112,108,39,24,17,21,32,20,23,26,1,DraftKings
nba,2026,3,2026-04-23,401869375,Cleveland Cavaliers,Toronto Raptors,0,2.5,221.5,104,126,25,29,27,23,31,23,29,43,0,DraftKings
nba,2026,3,2026-04-24,401869382,San Antonio Spurs,Portland Trail Blazers,0,1.5,220.5,120,108,27,32,29,32,29,36,22,21,0,DraftKings
nba,2026,3,2026-04-25,401869414,Detroit Pistons,Orlando Magic,0,1.5,215.5,105,113,26,28,25,26,26,35,26,26,0,DraftKings
nba,2026,3,2026-04-25,401869391,New York Knicks,Atlanta Hawks,0,2.5,215.5,114,98,27,31,28,28,20,24,21,33,0,DraftKings
nba,2026,3,2026-04-26,401869377,Cleveland Cavaliers,Toronto Raptors,0,4.5,218.5,89,93,17,19,22,31,14,24,22,33,0,DraftKings
nba,2026,3,2026-04-26,401869405,Los Angeles Lakers,Houston Rockets,0,-3.5,206.5,96,115,21,26,18,31,26,30,34,25,0,DraftKings
nba,2026,3,2026-04-25,401869399,Denver Nuggets,Minnesota Timberwolves,0,1.5,228.5,96,112,23,31,24,18,22,28,32,30,0,DraftKings
nba,2026,3,2026-04-26,401869385,San Antonio Spurs,Portland Trail Blazers,0,5.5,217.5,114,93,23,18,33,40,25,33,16,19,0,DraftKings
nba,2026,3,2026-04-26,401869406,Boston Celtics,Philadelphia 76ers,0,6.5,212.5,128,96,34,22,39,33,18,20,36,22,0,DraftKings
nba,2026,3,2026-04-25,401869370,Oklahoma City Thunder,Phoenix Suns,0,8.5,211.5,121,109,33,29,25,34,28,25,26,30,0,DraftKings
nba,2026,3,2026-04-27,401869373,Oklahoma City Thunder,Phoenix Suns,0,11.5,215.5,131,122,37,38,31,25,33,34,31,24,0,DraftKings
nba,2026,3,2026-04-27,401869415,Detroit Pistons,Orlando Magic,0,3.5,214.5,88,94,27,25,17,19,26,28,21,19,0,DraftKings
nba,2026,3,2026-04-27,401869401,Minnesota Timberwolves,Denver Nuggets,0,-11.5,226.5,113,125,29,22,24,38,34,26,37,28,0,DraftKings
nba,2026,3,2026-04-28,401869386,Portland Trail Blazers,San Antonio Spurs,0,-10.5,219.5,95,114,24,21,20,30,36,29,21,28,0,DraftKings
nba,2026,3,2026-04-28,401869392,Atlanta Hawks,New York Knicks,0,-6.5,214.5,97,126,22,26,24,25,35,29,26,36,0,DraftKings
nba,2026,3,2026-04-29,401869416,Orlando Magic,Detroit Pistons,0,-11.5,210.5,109,116,26,34,19,30,38,28,23,27,0,DraftKings
nba,2026,3,2026-04-28,401869408,Philadelphia 76ers,Boston Celtics,0,-10.5,214.5,113,97,21,29,35,28,23,34,29,11,0,DraftKings
nba,2026,3,2026-04-29,401869380,Toronto Raptors,Cleveland Cavaliers,0,-9.5,219.5,120,125,34,40,29,17,38,29,33,25,0,DraftKings
nba,2026,3,2026-04-29,401869407,Houston Rockets,Los Angeles Lakers,0,-3.5,209.5,99,93,21,30,25,23,28,19,20,26,0,DraftKings
nba,2026,3,2026-04-30,401869410,Boston Celtics,Philadelphia 76ers,0,6.5,214.5,93,106,23,26,14,30,20,38,24,24,0,DraftKings
nba,2026,3,2026-05-01,401869381,Cleveland Cavaliers,Toronto Raptors,0,4.5,218.5,110,112,32,19,30,23,32,29,31,12,1,DraftKings
nba,2026,3,2026-05-01,401869409,Los Angeles Lakers,Houston Rockets,0,-5.5,203.5,98,78,23,26,22,27,18,13,24,23,0,DraftKings
nba,2026,3,2026-04-30,401869393,New York Knicks,Atlanta Hawks,0,2.5,215.5,140,89,40,43,34,23,15,21,28,25,0,DraftKings
nba,2026,3,2026-05-02,401869412,Philadelphia 76ers,Boston Celtics,0,-3.5,204.5,109,100,32,23,33,21,19,31,25,25,0,DraftKings
nba,2026,3,2026-04-30,401869402,Denver Nuggets,Minnesota Timberwolves,0,7.5,223.5,98,110,30,20,24,24,29,28,25,28,0,DraftKings
nba,2026,3,2026-05-01,401869417,Detroit Pistons,Orlando Magic,0,3.5,210.5,93,79,26,12,24,31,25,35,11,8,0,DraftKings
nba,2026,3,2026-05-04,401871159,Philadelphia 76ers,New York Knicks,0,-7.5,212.5,98,137,25,26,27,20,33,41,35,28,0,DraftKings
nba,2026,3,2026-05-04,401871152,Minnesota Timberwolves,San Antonio Spurs,0,-10.5,218.5,104,102,24,21,24,35,23,22,27,30,0,DraftKings
nba,2026,3,2026-05-03,401869418,Orlando Magic,Detroit Pistons,0,-8.5,200.5,94,116,22,27,15,30,20,40,23,33,0,DraftKings
nba,2026,3,2026-05-05,401871333,Cleveland Cavaliers,Detroit Pistons,0,-3.5,217.5,101,111,21,25,30,25,37,22,24,28,0,DraftKings
nba,2026,3,2026-05-03,401869384,Toronto Raptors,Cleveland Cavaliers,0,-8.5,209.5,102,114,26,23,19,34,24,25,38,27,0,DraftKings
nba,2026,3,2026-05-06,401871160,Philadelphia 76ers,New York Knicks,0,-10.5,213.5,102,108,33,29,28,12,31,30,28,19,0,DraftKings
nba,2026,3,2026-05-05,401871326,Los Angeles Lakers,Oklahoma City Thunder,0,-15.5,212.5,90,108,26,27,19,18,31,30,23,24,0,DraftKings
nba,2026,3,2026-05-06,401871153,Minnesota Timberwolves,San Antonio Spurs,0,-10.5,217.5,95,133,17,18,28,32,24,35,39,35,0,DraftKings
nba,2026,3,2026-05-07,401871327,Los Angeles Lakers,Oklahoma City Thunder,0,-15.5,211.5,107,125,23,35,22,27,27,30,36,32,0,DraftKings
nba,2026,3,2026-05-08,401871161,New York Knicks,Philadelphia 76ers,0,-3.5,214.5,108,94,27,33,25,23,31,21,24,18,0,DraftKings
nba,2026,3,2026-05-07,401871334,Cleveland Cavaliers,Detroit Pistons,0,-3.5,214.5,97,107,18,25,32,22,25,29,25,28,0,DraftKings
nba,2026,3,2026-05-10,401871155,San Antonio Spurs,Minnesota Timberwolves,0,5.5,218.5,109,114,30,26,28,25,34,26,20,34,0,DraftKings
nba,2026,3,2026-05-09,401871335,Detroit Pistons,Cleveland Cavaliers,0,-4.5,211.5,109,116,30,18,33,28,32,32,19,33,0,DraftKings
nba,2026,3,2026-05-09,401871328,Oklahoma City Thunder,Los Angeles Lakers,0,9.5,210.5,131,108,31,26,33,41,25,34,20,29,0,DraftKings
nba,2026,3,2026-05-10,401871162,New York Knicks,Philadelphia 76ers,0,1.5,213.5,144,114,43,38,41,22,24,33,26,31,0,DraftKings
nba,2026,3,2026-05-08,401871154,San Antonio Spurs,Minnesota Timberwolves,0,5.5,216.5,115,108,23,28,35,29,22,29,28,29,0,DraftKings
nba,2026,3,2026-05-12,401871156,Minnesota Timberwolves,San Antonio Spurs,0,-10.5,218.5,97,126,30,17,26,24,34,25,32,35,0,DraftKings
nba,2026,3,2026-05-11,401871336,Detroit Pistons,Cleveland Cavaliers,0,-3.5,213.5,103,112,24,32,21,26,21,31,38,22,0,DraftKings
nba,2026,3,2026-05-11,401871329,Oklahoma City Thunder,Los Angeles Lakers,0,12.5,214.5,115,110,21,28,31,35,26,19,39,26,0,DraftKings
nba,2026,3,2026-05-13,401871337,Cleveland Cavaliers,Detroit Pistons,0,-4.5,210.5,117,113,27,25,32,19,29,31,20,23,1,DraftKings
nba,2026,3,2026-05-15,401871157,San Antonio Spurs,Minnesota Timberwolves,0,5.5,219.5,139,109,36,38,36,29,27,34,23,25,0,DraftKings
nba,2026,3,2026-05-17,401871339,Cleveland Cavaliers,Detroit Pistons,0,-4.5,204.5,125,94,31,33,35,26,22,25,26,21,0,DraftKings
nba,2026,3,2026-05-15,401871338,Detroit Pistons,Cleveland Cavaliers,0,-3.5,209.5,115,94,27,27,30,31,25,26,19,24,0,DraftKings
nba,2026,3,2026-05-18,401873197,San Antonio Spurs,Oklahoma City Thunder,0,-7.5,219.5,122,115,27,24,29,21,27,17,29,28,2,DraftKings
nba,2026,3,2026-05-19,401873341,Cleveland Cavaliers,New York Knicks,0,-6.5,217.5,104,115,16,32,35,18,23,23,23,32,1,DraftKings
nba,2026,3,2026-05-21,401873342,Cleveland Cavaliers,New York Knicks,0,-5.5,215.5,93,109,27,22,21,23,24,29,32,24,0,DraftKings
nba,2026,3,2026-05-20,401873198,San Antonio Spurs,Oklahoma City Thunder,0,-7.5,213.5,113,122,31,20,37,25,31,31,34,26,0,DraftKings
nba,2026,3,2026-05-23,401873343,New York Knicks,Cleveland Cavaliers,0,-3.5,216.5,121,108,37,23,31,30,27,27,28,26,0,DraftKings
nba,2026,3,2026-05-22,401873199,Oklahoma City Thunder,San Antonio Spurs,0,-3.5,219.5,123,108,26,32,37,28,31,20,33,24,0,DraftKings
nba,2026,3,2026-05-26,401873201,San Antonio Spurs,Oklahoma City Thunder,0,-3.5,216.5,114,127,27,31,33,23,29,40,32,26,0,DraftKings
nba,2026,3,2026-05-24,401873200,Oklahoma City Thunder,San Antonio Spurs,0,-2.5,219.5,82,103,19,19,22,22,28,22,28,25,0,DraftKings
nba,2026,3,2026-05-25,401873344,New York Knicks,Cleveland Cavaliers,0,2.5,218.5,130,93,38,30,30,32,26,23,22,22,0,DraftKings
nba,2026,3,2026-06-03,401859963,New York Knicks,San Antonio Spurs,0,-4.5,217.5,105,95,19,29,28,29,27,28,21,19,0,DraftKings
nba,2026,3,2026-05-30,401873203,San Antonio Spurs,Oklahoma City Thunder,0,-3.5,211.5,111,103,32,24,24,31,25,28,24,26,0,DraftKings
nba,2026,3,2026-06-08,401859965,San Antonio Spurs,New York Knicks,0,-1.5,215.5,115,111,33,24,35,23,22,42,27,20,0,DraftKings
nba,2026,3,2026-05-28,401873202,Oklahoma City Thunder,San Antonio Spurs,0,-3.5,218.5,91,118,22,31,13,25,35,25,32,26,0,DraftKings
nba,2026,3,2026-06-05,401859964,New York Knicks,San Antonio Spurs,0,-6.5,217.5,105,104,25,31,28,21,34,18,23,29,0,DraftKings
nba,2026,3,2026-06-10,401859966,San Antonio Spurs,New York Knicks,0,-2.5,216.5,106,107,41,35,14,16,22,27,26,32,0,DraftKings
nba,2026,3,2026-06-13,401859967,New York Knicks,San Antonio Spurs,0,-5.5,216.5,94,90,13,24,28,29,23,19,30,18,0,DraftKings
