league,season,season_type,date,event_id,away,home,neutral,spread_home,total,away_score,home_score,away_p1,away_p2,away_p3,away_p4,home_p1,home_p2,home_p3,home_p4,ot_periods,provider
wnba,2023,2,2023-05-21,401507138,Chicago Sky,Phoenix Mercury,0,-4.0,160.0,75,69,18,23,19,15,18,17,18,16,0,DraftKings
wnba,2023,2,2023-05-21,401507136,Washington Mystics,Connecticut Sun,0,1.5,158.5,74,80,24,14,20,16,14,20,23,23,0,ESPN BET
wnba,2023,2,2023-05-23,401507139,Connecticut Sun,Washington Mystics,0,-5.5,158.5,88,81,21,22,20,25,17,25,17,22,0,ESPN BET
wnba,2023,2,2023-05-27,401507145,Connecticut Sun,New York Liberty,0,-6.5,164.5,65,81,23,15,13,14,17,15,25,24,0,ESPN BET
wnba,2023,2,2023-05-20,401507135,Atlanta Dream,Dallas Wings,0,-1.5,161.5,78,85,18,12,29,19,21,26,22,16,0,DraftKings
wnba,2023,2,2023-05-19,401507130,Connecticut Sun,Indiana Fever,0,6.5,161.5,70,61,19,16,23,12,10,18,15,18,0,ESPN BET
wnba,2023,2,2023-05-21,401507137,Indiana Fever,New York Liberty,0,-16.5,160.0,73,90,14,21,20,18,36,26,23,5,0,DraftKings
wnba,2023,2,2023-05-26,401507144,Dallas Wings,Seattle Storm,0,4.5,161.0,95,91,30,22,23,20,21,20,23,27,0,DraftKings
wnba,2023,2,2023-05-26,401507143,Washington Mystics,Chicago Sky,0,5.0,157.5,71,69,18,22,20,11,18,16,19,16,0,DraftKings
wnba,2023,2,2023-05-23,401507140,Atlanta Dream,Minnesota Lynx,0,-2.0,161.5,83,77,19,21,19,24,30,17,20,10,0,DraftKings
wnba,2023,2,2023-05-25,401507141,Las Vegas Aces,Los Angeles Sparks,0,15.5,170.0,94,85,15,21,31,27,25,21,17,22,0,DraftKings
wnba,2023,2,2023-05-19,401507131,New York Liberty,Washington Mystics,0,2.5,163.0,64,80,12,14,18,20,17,22,21,20,0,DraftKings
wnba,2023,2,2023-05-25,401507142,Minnesota Lynx,Phoenix Mercury,0,-5.0,160.5,81,90,18,22,22,19,27,30,15,18,0,DraftKings
wnba,2023,2,2023-05-19,401507133,Phoenix Mercury,Los Angeles Sparks,0,-1.5,157.0,71,94,22,19,14,16,19,35,19,21,0,DraftKings
wnba,2023,2,2023-05-19,401507132,Chicago Sky,Minnesota Lynx,0,-5.0,162.5,77,66,22,22,21,12,24,3,22,17,0,DraftKings
wnba,2023,2,2023-05-20,401507134,Las Vegas Aces,Seattle Storm,0,13.5,166.5,105,64,18,25,31,31,14,14,20,16,0,DraftKings
wnba,2023,2,2023-05-27,401507146,Los Angeles Sparks,Las Vegas Aces,0,-16.0,170.5,65,93,13,15,23,14,31,28,20,14,0,DraftKings
wnba,2023,2,2023-05-28,401507149,Minnesota Lynx,Las Vegas Aces,0,-15.0,170.0,73,94,17,21,15,20,24,26,23,21,0,DraftKings
wnba,2023,2,2023-05-30,401507151,Indiana Fever,Connecticut Sun,0,-12.5,157.5,78,81,14,20,24,20,22,16,26,17,0,ESPN BET
wnba,2023,2,2023-05-28,401507147,Indiana Fever,Atlanta Dream,0,-7.5,160.0,90,87,20,21,25,24,25,22,21,19,0,DraftKings
wnba,2023,2,2023-06-01,401507154,Connecticut Sun,Minnesota Lynx,0,6.5,159.5,89,84,27,20,22,20,24,23,12,25,0,ESPN BET
wnba,2023,2,2023-06-02,401507157,New York Liberty,Chicago Sky,0,10.0,159.0,77,76,16,19,21,21,19,24,16,17,0,DraftKings
wnba,2023,2,2023-05-30,401507153,New York Liberty,Seattle Storm,0,14.5,163.0,86,78,27,19,22,18,21,18,17,22,0,DraftKings
wnba,2023,2,2023-05-28,401507148,Dallas Wings,Chicago Sky,0,-2.5,161.5,88,94,20,25,23,20,24,25,21,24,0,DraftKings
wnba,2023,2,2023-05-30,401507150,Chicago Sky,Atlanta Dream,0,-3.5,162.5,65,83,13,12,24,16,19,21,27,16,0,DraftKings
wnba,2023,2,2023-06-02,401507155,Dallas Wings,Washington Mystics,0,-7.5,167.5,74,75,14,16,27,17,14,22,19,20,0,DraftKings
wnba,2023,2,2023-05-30,401507152,Minnesota Lynx,Dallas Wings,0,-6.0,168.0,89,94,31,15,18,25,25,27,17,25,0,DraftKings
wnba,2023,2,2023-06-03,401507159,Minnesota Lynx,Washington Mystics,0,-8.0,160.0,80,78,14,25,22,19,16,16,19,27,0,DraftKings
wnba,2023,2,2023-06-02,401507158,Los Angeles Sparks,Phoenix Mercury,0,-3.5,163.5,99,93,22,22,21,21,20,24,23,19,1,DraftKings
wnba,2023,2,2023-06-02,401507156,Las Vegas Aces,Atlanta Dream,0,11.5,172.5,92,87,24,21,27,20,15,15,28,29,0,DraftKings
wnba,2023,2,2023-06-03,401507160,Seattle Storm,Los Angeles Sparks,0,-6.5,163.0,85,92,16,23,20,26,16,23,26,27,0,DraftKings
wnba,2023,2,2023-06-04,401507161,Dallas Wings,Connecticut Sun,0,-6.5,166.5,74,80,13,17,22,22,23,21,19,17,0,ESPN BET
wnba,2023,2,2023-06-04,401507163,Las Vegas Aces,Indiana Fever,0,15.0,171.5,84,80,21,17,18,28,28,11,24,17,0,DraftKings
wnba,2023,2,2023-06-06,401507164,Las Vegas Aces,Connecticut Sun,0,5.5,168.5,90,84,25,23,22,20,14,17,22,31,0,ESPN BET
wnba,2023,2,2023-06-04,401507162,Chicago Sky,New York Liberty,0,-12.5,155.5,86,82,15,15,26,30,18,29,18,17,0,DraftKings
wnba,2023,2,2023-06-06,401507165,Indiana Fever,Chicago Sky,0,-5.5,158.0,103,108,25,25,17,24,26,18,18,29,1,DraftKings
wnba,2023,2,2023-06-07,401507168,Phoenix Mercury,Dallas Wings,0,-5.0,167.5,79,84,26,22,20,11,18,26,21,19,0,DraftKings
wnba,2023,2,2023-06-06,401507166,Los Angeles Sparks,Seattle Storm,0,2.5,165.0,63,66,24,14,10,15,6,29,17,14,0,DraftKings
wnba,2023,2,2023-06-09,401507170,New York Liberty,Atlanta Dream,0,7.0,164.5,106,83,26,35,16,29,17,22,21,23,0,DraftKings
wnba,2023,2,2023-06-08,401507169,Las Vegas Aces,Connecticut Sun,0,5.5,168.5,77,94,15,13,24,25,26,17,21,30,0,Bet365
wnba,2023,2,2023-06-09,401507172,Indiana Fever,Minnesota Lynx,0,-2.5,160.5,71,69,16,20,15,20,14,20,21,14,0,DraftKings
wnba,2023,2,2023-06-11,401507179,Washington Mystics,Seattle Storm,0,3.5,155.5,71,65,22,24,17,8,10,11,21,23,0,DraftKings
wnba,2023,2,2023-06-09,401507171,Phoenix Mercury,Dallas Wings,0,-4.5,167.5,77,90,21,21,16,19,17,28,23,22,0,DraftKings
wnba,2023,2,2023-06-09,401507174,Washington Mystics,Seattle Storm,0,12.0,157.0,73,66,19,27,10,17,16,16,16,18,0,DraftKings
wnba,2023,2,2023-06-11,401507176,Chicago Sky,Las Vegas Aces,0,-13.5,168.5,80,93,15,24,21,20,24,32,24,13,0,DraftKings
wnba,2023,2,2023-06-11,401507175,Dallas Wings,New York Liberty,0,-8.5,170.5,93,102,25,26,17,25,23,22,34,23,0,DraftKings
wnba,2023,2,2023-06-09,401507173,Chicago Sky,Los Angeles Sparks,0,-4.0,159.5,62,77,12,21,15,14,20,17,21,19,0,DraftKings
wnba,2023,2,2023-06-11,401507177,Connecticut Sun,Atlanta Dream,0,3.5,162.5,89,77,25,23,17,24,24,20,16,17,0,ESPN BET
wnba,2023,2,2023-06-11,401507180,Los Angeles Sparks,Minnesota Lynx,0,1.5,160.5,86,91,20,23,21,22,22,21,19,29,0,DraftKings
wnba,2023,2,2023-06-13,401507181,Washington Mystics,Indiana Fever,0,5.0,157.5,66,87,17,21,15,13,19,22,20,26,0,DraftKings
wnba,2023,2,2023-06-11,401507178,Phoenix Mercury,Indiana Fever,0,-3.0,161.0,85,82,26,17,16,26,20,22,25,15,0,DraftKings
wnba,2023,2,2023-06-15,401507185,Atlanta Dream,Connecticut Sun,0,-9.5,163.5,92,88,20,20,21,19,28,22,12,18,1,ESPN BET
wnba,2023,2,2023-06-14,401507184,Los Angeles Sparks,Dallas Wings,0,-5.0,168.5,79,61,19,19,23,18,16,16,19,10,0,DraftKings
wnba,2023,2,2023-06-15,401507187,Seattle Storm,Las Vegas Aces,0,-17.5,167.5,63,96,17,20,15,11,17,30,20,29,0,DraftKings
wnba,2023,2,2023-06-17,401507190,Seattle Storm,Dallas Wings,0,-8.0,164.0,109,103,26,29,19,35,22,25,28,28,0,DraftKings
wnba,2023,2,2023-06-13,401507182,Atlanta Dream,New York Liberty,0,-10.0,169.5,86,79,24,17,19,26,20,26,14,19,0,DraftKings
wnba,2023,2,2023-06-18,401507192,Chicago Sky,Washington Mystics,0,-5.5,155.5,69,77,16,22,17,14,26,16,21,14,0,DraftKings
wnba,2023,2,2023-06-16,401507188,Phoenix Mercury,Washington Mystics,0,-11.5,156.0,69,88,14,24,17,14,28,26,18,16,0,DraftKings
wnba,2023,2,2023-06-16,401507189,Minnesota Lynx,Los Angeles Sparks,0,-6.0,161.5,77,72,18,16,24,19,19,24,14,15,0,DraftKings
wnba,2023,2,2023-06-18,401507193,Atlanta Dream,Indiana Fever,0,-1.0,165.0,100,94,23,25,23,29,14,27,19,34,0,DraftKings
wnba,2023,2,2023-06-15,401507186,Indiana Fever,Chicago Sky,0,1.0,157.0,92,90,17,21,27,27,23,14,34,19,0,DraftKings
wnba,2023,2,2023-06-13,401507183,Seattle Storm,Phoenix Mercury,0,-6.0,161.5,83,69,23,27,20,13,18,18,18,15,0,DraftKings
wnba,2023,2,2023-06-18,401507191,Phoenix Mercury,New York Liberty,0,-14.0,162.0,71,89,17,17,16,21,30,23,16,20,0,DraftKings
wnba,2023,2,2023-06-20,401507196,Atlanta Dream,Dallas Wings,0,-3.5,173.0,73,85,15,17,18,23,20,23,28,14,0,DraftKings
wnba,2023,2,2023-06-18,401507194,Connecticut Sun,Los Angeles Sparks,0,3.5,157.5,83,74,15,24,24,20,19,25,19,11,0,ESPN BET
wnba,2023,2,2023-06-20,401507198,Connecticut Sun,Seattle Storm,0,8.5,160.5,85,79,22,23,22,18,25,23,8,23,0,ESPN BET
wnba,2023,2,2023-06-18,401507195,Minnesota Lynx,Las Vegas Aces,0,-17.5,169.5,62,93,22,19,7,14,26,28,20,19,0,DraftKings
wnba,2023,2,2023-06-20,401507197,Minnesota Lynx,Los Angeles Sparks,0,-6.0,158.5,67,61,19,13,17,18,18,15,16,12,0,DraftKings
wnba,2023,2,2023-06-21,401507199,Las Vegas Aces,Phoenix Mercury,0,19.5,164.5,99,79,32,25,30,12,19,21,20,19,0,DraftKings
wnba,2023,2,2023-06-22,401507201,Connecticut Sun,Minnesota Lynx,0,3.5,158.5,89,68,27,14,26,22,17,11,15,25,0,ESPN BET
wnba,2023,2,2023-06-23,401507203,New York Liberty,Atlanta Dream,0,7.5,171.0,110,80,28,31,29,22,20,20,27,13,0,DraftKings
wnba,2023,2,2023-06-22,401507200,Washington Mystics,Chicago Sky,0,2.5,155.5,80,59,25,18,16,21,9,21,14,15,0,DraftKings
wnba,2023,2,2023-06-25,401507207,Chicago Sky,Connecticut Sun,0,-6.5,157.5,72,96,27,15,21,9,26,28,23,19,0,ESPN BET
wnba,2023,2,2023-06-22,401507202,Indiana Fever,Seattle Storm,0,-2.0,164.5,80,68,23,25,19,13,23,21,15,9,0,DraftKings
wnba,2023,2,2023-06-23,401507204,Dallas Wings,Los Angeles Sparks,0,2.5,163.5,74,76,27,15,18,14,13,20,25,18,0,DraftKings
wnba,2023,2,2023-06-24,401507205,Indiana Fever,Las Vegas Aces,0,-15.5,169.5,88,101,20,23,21,24,27,30,21,23,0,DraftKings
wnba,2023,2,2023-06-24,401507206,Phoenix Mercury,Seattle Storm,0,-1.5,162.5,74,97,15,19,23,17,19,30,23,25,0,DraftKings
wnba,2023,2,2023-06-26,401507210,Indiana Fever,Las Vegas Aces,0,-15.0,169.5,80,88,23,26,15,16,20,28,21,19,0,DraftKings
wnba,2023,2,2023-06-27,401507211,New York Liberty,Connecticut Sun,0,4.5,168.5,89,81,28,19,23,19,29,14,22,16,0,ESPN BET
wnba,2023,2,2023-06-27,401507213,Dallas Wings,Phoenix Mercury,0,3.0,167.5,77,62,24,12,20,21,13,19,19,11,0,DraftKings
wnba,2023,2,2023-06-25,401507208,Washington Mystics,New York Liberty,0,-7.5,162.0,88,89,27,18,17,16,17,22,19,20,1,DraftKings
wnba,2023,2,2023-06-25,401507209,Dallas Wings,Los Angeles Sparks,0,2.5,162.0,83,93,18,26,29,10,26,18,27,22,0,DraftKings
wnba,2023,2,2023-06-27,401507212,Seattle Storm,Minnesota Lynx,0,-3.5,161.5,93,104,20,27,27,19,35,18,27,24,0,DraftKings
wnba,2023,2,2023-06-29,401507217,Indiana Fever,Phoenix Mercury,0,2.5,162.5,63,85,23,12,16,12,31,21,20,13,0,DraftKings
wnba,2023,2,2023-06-30,401507219,Washington Mystics,Atlanta Dream,0,2.0,164.5,89,94,22,26,13,28,28,19,20,27,0,DraftKings
wnba,2023,2,2023-06-29,401507218,Minnesota Lynx,Seattle Storm,0,-2.5,162.5,99,97,25,23,25,14,17,29,27,14,1,DraftKings
wnba,2023,2,2023-06-30,401507220,Los Angeles Sparks,Chicago Sky,0,-2.0,156.0,78,86,21,17,19,21,23,20,19,24,0,DraftKings
wnba,2023,2,2023-06-29,401507216,New York Liberty,Las Vegas Aces,0,-6.5,175.5,81,98,22,20,14,25,28,21,27,22,0,DraftKings
wnba,2023,2,2023-07-02,401507223,Los Angeles Sparks,Atlanta Dream,0,-4.5,166.0,84,112,28,20,21,15,34,20,26,32,0,DraftKings
wnba,2023,2,2023-07-01,401507222,Minnesota Lynx,Phoenix Mercury,0,-1.5,159.5,86,76,25,21,15,25,22,15,20,19,0,DraftKings
wnba,2023,2,2023-06-28,401507214,Los Angeles Sparks,Chicago Sky,0,-2.5,156.5,63,80,20,17,15,11,19,27,16,18,0,DraftKings
wnba,2023,2,2023-07-01,401507221,Connecticut Sun,Las Vegas Aces,0,-10.5,171.5,84,102,22,26,15,21,30,29,25,18,0,ESPN BET
wnba,2023,2,2023-06-28,401507215,Atlanta Dream,Washington Mystics,0,-5.0,163.0,86,109,20,13,30,23,26,35,20,28,0,DraftKings
wnba,2023,2,2023-07-02,401507225,Washington Mystics,Dallas Wings,0,-6.0,162.0,72,89,18,15,16,23,14,23,30,22,0,DraftKings
wnba,2023,2,2023-07-02,401507224,Chicago Sky,Indiana Fever,0,-3.0,159.5,89,87,22,32,18,17,21,26,20,20,0,DraftKings
wnba,2023,2,2023-07-05,401507227,Phoenix Mercury,New York Liberty,0,-14.5,166.5,95,99,13,33,23,26,26,27,25,21,0,DraftKings
wnba,2023,2,2023-07-02,401507226,New York Liberty,Seattle Storm,0,10.0,170.5,81,66,26,18,20,17,14,13,21,18,0,DraftKings
wnba,2023,2,2023-07-05,401507228,Indiana Fever,Minnesota Lynx,0,-2.0,165.5,83,90,19,23,22,19,26,21,24,19,0,DraftKings
wnba,2023,2,2023-07-05,401507229,Dallas Wings,Las Vegas Aces,0,-12.0,172.0,82,89,26,25,16,15,21,21,23,24,0,DraftKings
wnba,2023,2,2023-07-05,401507230,Atlanta Dream,Los Angeles Sparks,0,-1.5,168.5,90,79,29,24,18,19,16,24,18,21,0,DraftKings
wnba,2023,2,2023-07-07,401507232,Indiana Fever,Washington Mystics,0,-0.5,156.0,88,96,21,19,24,24,28,27,19,22,0,DraftKings
wnba,2023,2,2023-07-07,401507234,Las Vegas Aces,Dallas Wings,0,10.0,177.0,78,80,25,15,26,12,23,16,21,20,0,DraftKings
wnba,2023,2,2023-07-07,401507233,Atlanta Dream,Chicago Sky,0,-1.0,169.5,82,68,21,21,17,23,15,26,17,10,0,DraftKings
wnba,2023,2,2023-07-06,401507231,Seattle Storm,Connecticut Sun,0,-10.5,166.5,73,93,6,18,21,28,29,28,23,13,0,ESPN BET
wnba,2023,2,2023-07-08,401507236,Seattle Storm,New York Liberty,0,-15.5,168.0,76,80,16,20,18,22,18,17,25,20,0,DraftKings
wnba,2023,2,2023-07-07,401507235,Phoenix Mercury,Minnesota Lynx,0,-5.0,161.5,64,75,10,12,23,19,23,16,18,18,0,DraftKings
wnba,2023,2,2023-07-09,401507240,Las Vegas Aces,Minnesota Lynx,0,11.5,171.0,113,89,28,26,26,33,19,23,19,28,0,DraftKings
wnba,2023,2,2023-07-09,401507237,Washington Mystics,Connecticut Sun,0,-4.5,160.5,84,92,16,25,25,18,18,28,19,27,0,ESPN BET
wnba,2023,2,2023-07-09,401507239,Los Angeles Sparks,Phoenix Mercury,0,-1.5,160.0,72,78,14,22,14,22,17,25,17,19,0,DraftKings
wnba,2023,2,2023-07-11,401507243,Phoenix Mercury,Las Vegas Aces,0,-17.0,170.0,72,98,22,12,23,15,26,26,32,14,0,DraftKings
wnba,2023,2,2023-07-09,401507238,Dallas Wings,Indiana Fever,0,3.5,168.5,77,76,27,11,21,18,17,21,21,17,0,DraftKings
wnba,2023,2,2023-07-09,401507241,Atlanta Dream,Chicago Sky,0,-1.5,167.0,88,77,24,18,26,20,21,12,34,10,0,DraftKings
wnba,2023,2,2023-07-11,401507242,Seattle Storm,Washington Mystics,0,-5.0,159.0,86,93,20,19,15,32,26,21,27,19,0,DraftKings
wnba,2023,2,2023-07-12,401507244,New York Liberty,Indiana Fever,0,10.0,169.5,95,87,22,26,20,12,26,15,12,27,1,DraftKings
wnba,2023,2,2023-07-12,401507245,Connecticut Sun,Chicago Sky,0,5.5,160.5,84,72,22,14,27,21,17,21,15,19,0,ESPN BET
wnba,2023,2,2023-07-18,401507249,Minnesota Lynx,Atlanta Dream,0,-6.0,170.0,73,82,22,15,22,14,32,22,11,17,0,DraftKings
wnba,2023,2,2023-07-12,401507247,Seattle Storm,Atlanta Dream,0,-13.5,167.5,75,85,17,16,16,26,27,21,21,16,0,DraftKings
wnba,2023,2,2023-07-12,401507246,Dallas Wings,Minnesota Lynx,0,2.5,168.0,107,67,28,22,31,26,19,15,18,15,0,DraftKings
wnba,2023,2,2023-07-12,401507248,Las Vegas Aces,Los Angeles Sparks,0,13.0,169.5,97,78,32,22,26,17,15,16,21,26,0,DraftKings
wnba,2023,2,2023-07-20,401507253,Atlanta Dream,Connecticut Sun,0,-4.5,169.5,71,82,19,22,18,12,19,19,29,15,0,ESPN BET
wnba,2023,2,2023-07-19,401507252,Dallas Wings,New York Liberty,0,-7.5,168.0,98,88,25,24,29,20,20,31,16,21,0,DraftKings
wnba,2023,2,2023-07-18,401507250,Connecticut Sun,Phoenix Mercury,0,7.5,163.5,66,72,15,19,14,18,19,24,15,14,0,ESPN BET
wnba,2023,2,2023-07-19,401507251,Indiana Fever,Washington Mystics,0,-2.5,158.0,82,76,26,13,18,25,21,15,17,23,0,DraftKings
wnba,2023,2,2023-07-20,401507255,Chicago Sky,Phoenix Mercury,0,1.5,155.0,62,80,8,22,20,12,22,18,18,22,0,DraftKings
wnba,2023,2,2023-07-20,401507254,Los Angeles Sparks,Minnesota Lynx,0,-3.0,165.0,70,73,19,10,26,15,18,28,11,16,0,DraftKings
wnba,2023,2,2023-07-22,401507261,Las Vegas Aces,Minnesota Lynx,0,14.5,170.5,98,81,23,25,30,20,18,12,25,26,0,DraftKings
wnba,2023,2,2023-07-22,401507258,Connecticut Sun,Atlanta Dream,0,-1.5,167.5,86,78,30,15,22,19,16,22,16,24,0,ESPN BET
wnba,2023,2,2023-07-20,401507256,Las Vegas Aces,Seattle Storm,0,16.5,171.0,79,63,19,20,23,17,15,13,18,17,0,DraftKings
wnba,2023,2,2023-07-21,401507257,New York Liberty,Washington Mystics,0,10.5,162.5,96,87,27,23,23,23,20,21,20,26,0,DraftKings
wnba,2023,2,2023-07-22,401507260,Los Angeles Sparks,Dallas Wings,0,-8.5,164.5,84,98,30,18,19,17,26,26,25,21,0,DraftKings
wnba,2023,2,2023-07-23,401507263,Phoenix Mercury,Washington Mystics,0,-3.0,156.5,69,84,14,17,19,19,25,21,25,13,0,DraftKings
wnba,2023,2,2023-07-23,401507262,Indiana Fever,New York Liberty,0,-13.0,170.5,83,101,17,29,18,19,44,24,19,14,0,DraftKings
wnba,2023,2,2023-07-22,401507259,Chicago Sky,Seattle Storm,0,-1.5,158.5,90,75,24,25,16,25,14,18,22,21,0,DraftKings
wnba,2023,2,2023-07-25,401507264,Phoenix Mercury,Atlanta Dream,0,-7.5,163.5,65,78,16,17,13,19,20,25,19,14,0,DraftKings
wnba,2023,2,2023-07-25,401507265,Seattle Storm,New York Liberty,0,-15.0,170.5,82,86,26,19,15,22,21,14,19,32,0,DraftKings
wnba,2023,2,2023-07-25,401507268,Indiana Fever,Los Angeles Sparks,0,-4.5,163.5,78,79,22,16,23,17,20,27,13,19,0,DraftKings
wnba,2023,2,2023-07-25,401507266,Las Vegas Aces,Chicago Sky,0,13.5,167.0,107,95,30,25,24,28,26,22,21,26,0,DraftKings
wnba,2023,2,2023-07-25,401507267,Connecticut Sun,Dallas Wings,0,-3.5,168.5,88,83,27,13,23,25,24,18,22,19,0,ESPN BET
wnba,2023,2,2023-07-27,401507270,Indiana Fever,Los Angeles Sparks,0,-2.5,160.5,68,81,18,21,14,15,22,23,21,15,0,DraftKings
wnba,2023,2,2023-07-30,401507274,Minnesota Lynx,Connecticut Sun,0,-12.5,161.5,87,83,23,25,20,19,21,23,18,21,0,ESPN BET
wnba,2023,2,2023-07-27,401507271,Atlanta Dream,New York Liberty,0,-9.0,175.0,84,95,16,26,24,18,26,31,16,22,0,DraftKings
wnba,2023,2,2023-07-26,401507269,Washington Mystics,Minnesota Lynx,0,-3.5,159.0,92,97,31,29,13,19,35,23,19,20,0,DraftKings
wnba,2023,2,2023-07-28,401558197,Minnesota Lynx,New York Liberty,0,-13.5,167.0,88,83,22,26,22,18,17,22,19,25,0,DraftKings
wnba,2023,2,2023-07-28,401507272,Seattle Storm,Chicago Sky,0,-4.5,161.5,83,74,23,19,25,16,19,21,13,21,0,DraftKings
wnba,2023,2,2023-07-28,401507273,Washington Mystics,Dallas Wings,0,-9.0,165.0,62,90,12,17,22,11,24,19,25,22,0,DraftKings
wnba,2023,2,2023-07-30,401507275,Washington Mystics,Atlanta Dream,0,-8.5,165.5,73,80,22,19,12,20,20,20,16,24,0,DraftKings
wnba,2023,2,2023-07-30,401507277,Phoenix Mercury,Chicago Sky,0,-7.0,155.0,85,104,24,24,19,18,32,25,28,19,0,DraftKings
wnba,2023,2,2023-08-01,401507280,Minnesota Lynx,Connecticut Sun,0,-11.5,163.5,69,79,16,14,22,17,14,23,23,19,0,ESPN BET
wnba,2023,2,2023-07-30,401507276,Seattle Storm,Indiana Fever,0,-4.0,163.0,85,62,24,23,15,23,17,10,24,11,0,DraftKings
wnba,2023,2,2023-07-30,401507279,New York Liberty,Los Angeles Sparks,0,9.0,168.0,87,79,25,26,18,18,11,24,15,29,0,DraftKings
wnba,2023,2,2023-07-30,401507278,Dallas Wings,Las Vegas Aces,0,-11.0,175.5,91,104,20,21,31,19,35,23,21,25,0,DraftKings
wnba,2023,2,2023-08-02,401507284,Dallas Wings,Seattle Storm,0,7.0,167.5,76,65,22,24,19,11,19,14,22,10,0,DraftKings
wnba,2023,2,2023-08-01,401507282,Atlanta Dream,Las Vegas Aces,0,-13.5,179.5,72,93,22,21,16,13,25,29,15,24,0,DraftKings
wnba,2023,2,2023-08-01,401507281,Phoenix Mercury,Indiana Fever,0,-6.0,158.0,71,72,28,15,14,14,27,19,17,9,0,DraftKings
wnba,2023,2,2023-08-03,401507285,Atlanta Dream,Phoenix Mercury,0,7.5,163.5,71,91,22,14,18,17,17,26,27,21,0,DraftKings
wnba,2023,2,2023-08-01,401507283,New York Liberty,Los Angeles Sparks,0,8.5,166.5,76,69,14,18,18,26,19,15,20,15,0,DraftKings
wnba,2023,2,2023-08-04,401507287,Los Angeles Sparks,Washington Mystics,0,-3.0,157.0,77,79,17,23,13,24,21,27,10,21,0,DraftKings
wnba,2023,2,2023-08-04,401507286,Connecticut Sun,Indiana Fever,0,8.5,160.5,88,72,31,25,18,14,22,11,21,18,0,ESPN BET
wnba,2023,2,2023-08-04,401507288,Chicago Sky,Dallas Wings,0,-10.0,164.5,104,89,26,32,28,18,20,28,22,19,0,DraftKings
wnba,2023,2,2023-08-04,401507289,New York Liberty,Minnesota Lynx,0,8.5,170.0,76,66,25,16,17,18,21,21,14,10,0,DraftKings
wnba,2023,2,2023-08-05,401507290,Seattle Storm,Phoenix Mercury,0,-3.5,159.0,97,91,22,19,27,29,22,28,15,26,0,DraftKings
wnba,2023,2,2023-08-06,401507291,Indiana Fever,Atlanta Dream,0,-8.0,166.5,73,82,18,16,16,23,23,20,19,20,0,DraftKings
wnba,2023,2,2023-08-06,401507292,Las Vegas Aces,New York Liberty,0,5.0,176.5,61,99,22,22,9,8,19,30,30,20,0,DraftKings
wnba,2023,2,2023-08-06,401507293,Los Angeles Sparks,Washington Mystics,0,-3.0,155.5,91,83,19,24,18,30,17,19,29,18,0,DraftKings
wnba,2023,2,2023-08-08,401507295,Connecticut Sun,Seattle Storm,0,7.5,160.5,81,69,21,29,18,13,20,14,16,19,0,ESPN BET
wnba,2023,2,2023-08-06,401507294,Chicago Sky,Dallas Wings,0,-8.5,166.5,104,96,21,25,29,29,21,16,29,30,0,DraftKings
wnba,2023,2,2023-08-08,401507296,Los Angeles Sparks,Indiana Fever,0,-1.0,157.5,87,80,23,17,17,30,27,14,17,22,0,DraftKings
wnba,2023,2,2023-08-08,401507298,Las Vegas Aces,Dallas Wings,0,8.5,177.5,104,84,24,30,32,18,13,13,26,32,0,DraftKings
wnba,2023,2,2023-08-08,401507297,Minnesota Lynx,Chicago Sky,0,-3.5,164.5,88,79,28,17,20,23,21,17,24,17,0,DraftKings
wnba,2023,2,2023-08-08,401507299,Washington Mystics,Phoenix Mercury,0,-3.0,159.0,72,91,13,21,22,16,19,25,27,20,0,DraftKings
wnba,2023,2,2023-08-10,401507300,Minnesota Lynx,Indiana Fever,0,2.0,163.5,73,91,21,14,24,14,20,25,26,20,0,DraftKings
wnba,2023,2,2023-08-10,401507301,Connecticut Sun,Phoenix Mercury,0,7.5,160.5,84,90,24,24,12,24,45,7,18,20,0,ESPN BET
wnba,2023,2,2023-08-12,401507305,Atlanta Dream,Los Angeles Sparks,0,1.0,163.5,74,85,24,21,11,18,22,16,24,23,0,DraftKings
wnba,2023,2,2023-08-11,401507303,Chicago Sky,New York Liberty,0,-12.5,169.0,73,89,16,24,15,18,28,20,16,25,0,DraftKings
wnba,2023,2,2023-08-11,401507304,Washington Mystics,Las Vegas Aces,0,-18.0,169.5,89,113,21,27,26,15,30,27,31,25,0,DraftKings
wnba,2023,2,2023-08-12,401507306,Connecticut Sun,Dallas Wings,0,-2.5,168.5,81,91,23,20,21,17,25,27,21,18,0,ESPN BET
wnba,2023,2,2023-08-10,401507302,Atlanta Dream,Seattle Storm,0,5.5,163.5,67,68,17,17,26,7,13,14,20,21,0,DraftKings
wnba,2023,2,2023-08-13,401507307,Chicago Sky,Washington Mystics,0,-2.5,161.0,76,83,21,18,16,21,22,18,21,22,0,DraftKings
wnba,2023,2,2023-08-15,401507376,New York Liberty,Las Vegas Aces,0,-7.0,177.5,82,63,17,15,24,26,11,23,14,15,0,DraftKings
wnba,2023,2,2023-08-13,401507310,Atlanta Dream,Las Vegas Aces,0,-17.0,175.5,65,86,19,11,20,15,20,16,22,28,0,DraftKings
wnba,2023,2,2023-08-13,401507309,New York Liberty,Indiana Fever,0,10.5,165.5,100,89,29,29,25,17,31,20,20,18,0,DraftKings
wnba,2023,2,2023-08-13,401507308,Phoenix Mercury,Seattle Storm,0,-2.5,161.0,71,81,21,14,22,14,25,26,12,18,0,DraftKings
wnba,2023,2,2023-08-18,401507312,Dallas Wings,Connecticut Sun,0,-3.5,168.5,95,75,18,28,20,29,21,19,23,12,0,ESPN BET
wnba,2023,2,2023-08-17,401507311,New York Liberty,Las Vegas Aces,0,-6.5,174.5,75,88,21,19,24,11,25,28,15,20,0,DraftKings
wnba,2023,2,2023-08-18,401507314,Chicago Sky,Atlanta Dream,0,-2.0,161.0,67,78,24,13,17,13,16,23,14,25,0,DraftKings
wnba,2023,2,2023-08-18,401507313,Washington Mystics,Indiana Fever,0,5.0,162.5,83,79,16,26,20,21,18,24,17,20,0,DraftKings
wnba,2023,2,2023-08-18,401507316,Minnesota Lynx,Seattle Storm,0,1.0,161.5,78,70,23,23,18,14,18,21,11,20,0,DraftKings
wnba,2023,2,2023-08-18,401507315,New York Liberty,Phoenix Mercury,0,12.5,163.5,85,63,16,27,32,10,19,19,16,9,0,DraftKings
wnba,2023,2,2023-08-20,401507318,Dallas Wings,Washington Mystics,0,5.5,165.5,97,84,29,27,28,13,23,23,18,20,0,DraftKings
wnba,2023,2,2023-08-19,401507317,Los Angeles Sparks,Las Vegas Aces,0,-16.5,169.5,78,72,24,18,15,21,15,21,19,17,0,DraftKings
wnba,2023,2,2023-08-20,401507320,Indiana Fever,Phoenix Mercury,0,3.5,161.0,83,73,22,18,17,26,19,13,22,19,0,DraftKings
wnba,2023,2,2023-08-20,401507321,Seattle Storm,Minnesota Lynx,0,-5.5,159.5,88,74,21,26,17,24,15,25,12,22,0,DraftKings
wnba,2023,2,2023-08-20,401507319,Connecticut Sun,Chicago Sky,0,5.5,160.5,79,73,25,20,21,13,23,17,16,17,0,ESPN BET
wnba,2023,2,2023-08-22,401507323,Connecticut Sun,Washington Mystics,0,4.5,159.5,68,64,19,17,22,10,18,13,19,14,0,ESPN BET
wnba,2023,2,2023-08-22,401507322,Las Vegas Aces,Atlanta Dream,0,16.5,166.5,112,100,33,23,26,30,34,21,13,32,0,DraftKings
wnba,2023,2,2023-08-22,401507325,Dallas Wings,Minnesota Lynx,0,6.5,168.5,86,91,11,25,23,27,18,21,21,31,0,DraftKings
wnba,2023,2,2023-08-22,401507324,Seattle Storm,Chicago Sky,0,-4.0,158.5,79,102,19,21,20,19,27,23,27,25,0,DraftKings
wnba,2023,2,2023-08-24,401507328,Seattle Storm,Indiana Fever,0,-4.0,160.0,86,90,24,14,18,30,25,21,17,27,0,DraftKings
wnba,2023,2,2023-08-23,401507326,Phoenix Mercury,Los Angeles Sparks,0,-10.5,154.5,62,91,15,15,14,18,30,14,21,26,0,DraftKings
wnba,2023,2,2023-08-24,401507327,New York Liberty,Connecticut Sun,0,5.5,166.5,95,90,22,12,19,29,24,24,15,19,1,ESPN BET
wnba,2023,2,2023-08-24,401507329,Las Vegas Aces,Chicago Sky,0,14.5,171.0,94,87,17,20,33,24,24,26,18,19,0,DraftKings
wnba,2023,2,2023-08-26,401507332,Las Vegas Aces,Washington Mystics,0,10.0,170.0,62,78,17,13,18,14,19,8,25,26,0,DraftKings
wnba,2023,2,2023-08-25,401507331,Los Angeles Sparks,Atlanta Dream,0,2.0,160.5,83,78,17,22,23,21,20,32,12,14,0,DraftKings
wnba,2023,2,2023-08-24,401507330,Minnesota Lynx,Dallas Wings,0,-6.0,166.0,90,81,25,25,21,19,23,25,12,21,0,DraftKings
wnba,2023,2,2023-08-27,401507336,Dallas Wings,Phoenix Mercury,0,7.5,163.0,77,74,18,17,20,22,22,20,13,19,0,DraftKings
wnba,2023,2,2023-08-27,401507335,Atlanta Dream,Indiana Fever,0,1.0,165.0,80,83,18,19,21,22,23,24,7,29,0,DraftKings
wnba,2023,2,2023-08-27,401507334,Los Angeles Sparks,Connecticut Sun,0,-6.5,157.5,68,83,20,18,19,11,19,24,26,14,0,ESPN BET
wnba,2023,2,2023-08-26,401507333,New York Liberty,Minnesota Lynx,0,9.0,167.0,111,76,28,37,28,18,20,15,20,21,0,DraftKings
wnba,2023,2,2023-08-27,401507337,Chicago Sky,Seattle Storm,0,1.0,161.5,90,85,23,23,22,22,29,26,20,10,0,DraftKings
wnba,2023,2,2023-08-28,401507338,Las Vegas Aces,New York Liberty,0,-1.5,173.5,85,94,19,16,23,27,22,25,23,24,0,DraftKings
wnba,2023,2,2023-08-29,401507339,Phoenix Mercury,Atlanta Dream,0,-8.5,159.5,76,94,12,14,30,20,31,23,24,16,0,DraftKings
wnba,2023,2,2023-08-29,401507341,Chicago Sky,Los Angeles Sparks,0,-4.5,162.5,76,75,21,22,21,12,28,15,13,19,0,ESPN BET
wnba,2023,2,2023-08-31,401507343,Washington Mystics,Las Vegas Aces,0,-10.5,168.5,75,84,14,16,29,16,24,16,24,20,0,DraftKings
wnba,2023,2,2023-08-31,401507344,Seattle Storm,Los Angeles Sparks,0,-7.5,159.5,72,61,22,16,14,20,12,17,15,17,0,ESPN BET
wnba,2023,2,2023-08-31,401507342,Phoenix Mercury,Connecticut Sun,0,-14.5,155.5,74,84,18,23,8,25,16,22,20,26,0,ESPN BET
wnba,2023,2,2023-08-29,401507340,Minnesota Lynx,Washington Mystics,0,-7.0,161.5,72,83,16,21,17,18,26,16,25,16,0,DraftKings
wnba,2023,2,2023-09-01,401507345,Dallas Wings,Indiana Fever,0,4.5,170.0,110,100,24,30,26,30,27,19,31,23,0,DraftKings
wnba,2023,2,2023-09-01,401507347,Atlanta Dream,Minnesota Lynx,0,-1.5,164.5,85,91,21,22,20,11,20,23,18,13,1,DraftKings
wnba,2023,2,2023-09-01,401507346,Connecticut Sun,New York Liberty,0,-7.5,160.5,58,89,16,16,17,9,27,22,24,16,0,ESPN BET
wnba,2023,2,2023-09-02,401507348,Seattle Storm,Las Vegas Aces,0,-19.0,169.5,77,103,19,24,24,10,25,24,26,28,0,DraftKings
wnba,2023,2,2023-09-03,401507349,New York Liberty,Chicago Sky,0,8.0,164.5,86,69,22,19,18,27,20,16,21,12,0,DraftKings
wnba,2023,2,2023-09-03,401507351,Phoenix Mercury,Minnesota Lynx,0,-8.0,157.0,73,86,20,21,13,19,18,23,28,17,0,DraftKings
wnba,2023,2,2023-09-03,401507352,Washington Mystics,Los Angeles Sparks,0,2.5,157.5,64,72,21,13,18,12,19,19,13,21,0,DraftKings
wnba,2023,2,2023-09-03,401507350,Indiana Fever,Dallas Wings,0,-9.5,170.5,97,84,23,16,17,22,20,16,19,23,1,DraftKings
wnba,2023,2,2023-09-05,401507353,Los Angeles Sparks,Connecticut Sun,0,-10.0,151.5,76,90,20,16,26,14,26,23,21,20,0,Bet365
wnba,2023,2,2023-09-05,401507355,New York Liberty,Dallas Wings,0,6.5,172.5,94,93,26,27,23,18,30,21,20,22,0,DraftKings
wnba,2023,2,2023-09-05,401507356,Washington Mystics,Phoenix Mercury,0,7.0,153.5,100,77,31,19,20,30,18,15,17,27,0,DraftKings
wnba,2023,2,2023-09-05,401507354,Chicago Sky,Indiana Fever,0,-1.0,164.5,96,69,18,31,27,20,9,25,15,20,0,DraftKings
wnba,2023,2,2023-09-06,401507357,Seattle Storm,Atlanta Dream,0,-9.0,163.5,68,79,24,16,12,16,19,28,18,14,0,DraftKings
wnba,2023,2,2023-09-08,401507359,Indiana Fever,Connecticut Sun,0,-9.5,160.5,59,76,10,21,13,15,26,11,22,17,0,ESPN BET
wnba,2023,2,2023-09-08,401507360,Atlanta Dream,Washington Mystics,0,-5.5,162.0,80,75,21,21,19,19,17,18,25,15,0,DraftKings
wnba,2023,2,2023-09-08,401507361,Minnesota Lynx,Chicago Sky,0,-4.5,165.0,87,92,19,20,23,25,16,28,22,26,0,DraftKings
wnba,2023,2,2023-09-07,401507358,Los Angeles Sparks,New York Liberty,0,-16.0,160.5,89,96,23,27,24,15,21,22,26,27,0,DraftKings
wnba,2023,2,2023-09-08,401507363,Las Vegas Aces,Phoenix Mercury,0,19.5,164.5,94,73,20,28,24,22,20,11,17,25,0,DraftKings
wnba,2023,2,2023-09-08,401507362,Seattle Storm,Dallas Wings,0,-11.5,168.5,91,106,20,25,25,21,32,24,26,24,0,DraftKings
wnba,2023,2,2023-09-10,401507366,Minnesota Lynx,Indiana Fever,0,2.5,164.0,72,87,22,22,19,9,32,24,7,24,0,DraftKings
wnba,2023,2,2023-09-10,401507367,Washington Mystics,New York Liberty,0,-10.0,163.0,90,88,23,27,21,19,25,25,17,21,0,DraftKings
wnba,2023,2,2023-09-10,401507365,Chicago Sky,Connecticut Sun,0,-9.5,160.5,102,91,23,18,26,22,19,24,21,25,1,ESPN BET
wnba,2023,2,2023-09-10,401507364,Dallas Wings,Atlanta Dream,0,-1.5,171.5,94,77,22,22,22,28,20,19,19,19,0,DraftKings
wnba,2023,2,2023-09-10,401507369,Los Angeles Sparks,Seattle Storm,0,2.0,158.5,91,89,17,27,27,20,30,23,25,11,0,Bet365
wnba,2023,2,2023-09-10,401507368,Phoenix Mercury,Las Vegas Aces,0,-20.5,166.0,85,100,23,18,18,26,28,25,30,17,0,DraftKings
wnba,2023,3,2023-09-13,401578550,Chicago Sky,Las Vegas Aces,0,-16.5,172.0,59,87,15,21,10,13,27,26,17,17,0,DraftKings
wnba,2023,3,2023-09-13,401578549,Minnesota Lynx,Connecticut Sun,0,-9.5,159.5,60,90,16,16,20,8,18,28,23,21,0,ESPN BET
wnba,2023,3,2023-09-15,401578551,Washington Mystics,New York Liberty,0,-10.0,163.5,75,90,29,13,15,18,23,23,23,21,0,DraftKings
wnba,2023,3,2023-09-15,401578552,Atlanta Dream,Dallas Wings,0,-6.0,169.0,82,94,36,13,21,12,21,28,18,27,0,DraftKings
wnba,2023,3,2023-09-17,401578553,Minnesota Lynx,Connecticut Sun,0,-8.5,159.5,82,75,24,20,21,17,21,18,21,15,0,ESPN BET
wnba,2023,3,2023-09-17,401578554,Chicago Sky,Las Vegas Aces,0,-17.5,170.5,70,92,14,15,16,25,23,21,25,23,0,DraftKings
wnba,2023,3,2023-09-20,401578557,Connecticut Sun,Minnesota Lynx,0,5.5,155.5,90,75,26,23,16,25,19,15,15,26,0,ESPN BET
wnba,2023,3,2023-09-19,401578555,Washington Mystics,New York Liberty,0,-10.5,162.0,85,90,18,17,21,20,21,25,13,17,1,DraftKings
wnba,2023,3,2023-09-19,401578556,Atlanta Dream,Dallas Wings,0,-6.5,170.0,74,101,24,10,16,24,23,29,18,31,0,DraftKings
wnba,2023,3,2023-09-24,401578562,Dallas Wings,Las Vegas Aces,0,-10.5,174.5,83,97,19,26,12,26,20,29,26,22,0,DraftKings
wnba,2023,3,2023-09-24,401578561,Connecticut Sun,New York Liberty,0,-8.5,162.5,78,63,25,12,28,13,21,19,15,8,0,ESPN BET
wnba,2023,3,2023-09-26,401578564,Dallas Wings,Las Vegas Aces,0,-10.5,175.0,84,91,18,19,20,27,26,18,26,21,0,DraftKings
wnba,2023,3,2023-09-26,401578563,Connecticut Sun,New York Liberty,0,-9.5,158.5,77,84,22,20,15,20,16,22,21,25,0,ESPN BET
wnba,2023,3,2023-09-29,401578565,New York Liberty,Connecticut Sun,0,3.5,158.5,92,81,37,17,18,20,16,24,21,20,0,ESPN BET
wnba,2023,3,2023-09-29,401578566,Las Vegas Aces,Dallas Wings,0,6.5,174.0,64,61,16,15,18,15,18,18,15,10,0,DraftKings
wnba,2023,3,2023-10-08,401578571,New York Liberty,Las Vegas Aces,0,-4.5,170.5,82,99,25,24,16,17,22,24,26,27,0,DraftKings
wnba,2023,3,2023-10-01,401578567,New York Liberty,Connecticut Sun,0,5.5,160.5,87,84,19,26,21,21,23,21,14,26,0,ESPN BET
wnba,2023,3,2023-10-11,401578572,New York Liberty,Las Vegas Aces,0,-5.0,171.0,76,104,19,25,13,19,38,14,28,24,0,DraftKings
wnba,2023,3,2023-10-15,401578573,Las Vegas Aces,New York Liberty,0,2.0,172.5,73,87,18,22,10,23,21,22,18,26,0,DraftKings
wnba,2023,3,2023-10-18,401578574,Las Vegas Aces,New York Liberty,0,-6.0,169.0,70,69,13,17,23,17,23,16,12,18,0,DraftKings
wnba,2024,2,2024-05-14,401620178,New York Liberty,Washington Mystics,0,14.0,166.0,85,80,23,17,19,26,20,23,24,13,0,DraftKings
wnba,2024,2,2024-05-19,401620231,Seattle Storm,Washington Mystics,0,5.5,161.5,84,75,18,21,23,22,15,19,30,11,0,ESPN BET
wnba,2024,2,2024-05-18,401620230,Atlanta Dream,Phoenix Mercury,0,2.5,170.5,85,88,15,22,23,25,24,19,22,23,0,ESPN BET
wnba,2024,2,2024-05-17,401620226,Seattle Storm,Minnesota Lynx,0,1.5,166.5,93,102,16,21,19,22,22,22,19,15,2,ESPN BET
wnba,2024,2,2024-05-14,401620220,Phoenix Mercury,Las Vegas Aces,0,-14.0,168.5,80,89,14,27,21,18,29,13,26,21,0,DraftKings
wnba,2024,2,2024-05-14,401620221,Minnesota Lynx,Seattle Storm,0,-7.5,164.5,83,70,26,19,18,20,28,16,16,10,0,ESPN BET
wnba,2024,2,2024-05-17,401620225,Washington Mystics,Connecticut Sun,0,-8.5,157.5,77,84,20,16,20,21,18,18,16,32,0,ESPN BET
wnba,2024,2,2024-05-15,401620223,Atlanta Dream,Los Angeles Sparks,0,5.0,156.5,92,81,26,22,18,26,26,22,18,15,0,DraftKings
wnba,2024,2,2024-05-18,401620227,Indiana Fever,New York Liberty,0,-13.5,169.5,80,91,22,15,21,22,33,24,16,18,0,ESPN BET
wnba,2024,2,2024-05-20,401620232,Connecticut Sun,Indiana Fever,0,5.5,163.5,88,84,26,15,23,24,26,18,17,23,0,ESPN BET
wnba,2024,2,2024-05-14,401620219,Indiana Fever,Connecticut Sun,0,-5.5,170.5,71,92,13,26,18,14,19,30,16,27,0,DraftKings
wnba,2024,2,2024-05-18,401620229,Chicago Sky,Dallas Wings,0,-4.5,165.5,83,74,14,16,25,28,20,22,21,11,0,ESPN BET
wnba,2024,2,2024-05-18,401620228,Los Angeles Sparks,Las Vegas Aces,0,-18.5,169.5,82,89,18,15,26,23,16,26,29,18,0,ESPN BET
wnba,2024,2,2024-05-15,401620222,Chicago Sky,Dallas Wings,0,-12.5,158.5,79,87,25,18,19,17,16,24,22,25,0,DraftKings
wnba,2024,2,2024-05-16,401620224,New York Liberty,Indiana Fever,0,8.5,169.5,102,66,25,23,19,35,16,15,25,10,0,ESPN BET
wnba,2024,2,2024-05-20,401620233,Seattle Storm,New York Liberty,0,-14.5,165.5,63,74,15,9,21,18,27,9,24,14,0,ESPN BET
wnba,2024,2,2024-05-21,401620235,Phoenix Mercury,Las Vegas Aces,0,-13.5,173.5,98,88,25,21,27,25,20,27,21,20,0,ESPN BET
wnba,2024,2,2024-05-21,401620234,Dallas Wings,Atlanta Dream,0,-6.5,168.5,78,83,27,21,14,16,26,14,19,24,0,ESPN BET
wnba,2024,2,2024-05-22,401620237,Indiana Fever,Seattle Storm,0,-5.5,167.5,83,85,16,24,20,23,25,19,14,27,0,ESPN BET
wnba,2024,2,2024-05-21,401620236,Washington Mystics,Los Angeles Sparks,0,-1.5,158.5,68,70,23,13,19,13,24,8,23,15,0,ESPN BET
wnba,2024,2,2024-05-23,401620239,Chicago Sky,New York Liberty,0,-16.5,168.5,90,81,21,19,23,27,21,11,27,22,0,ESPN BET
wnba,2024,2,2024-05-23,401620238,Minnesota Lynx,Connecticut Sun,0,-5.5,161.5,82,83,23,12,16,21,14,23,15,20,1,ESPN BET
wnba,2024,2,2024-05-24,401620241,Indiana Fever,Los Angeles Sparks,0,1.5,165.5,78,73,15,19,19,25,22,23,11,17,0,ESPN BET
wnba,2024,2,2024-05-25,401620244,Indiana Fever,Las Vegas Aces,0,-16.5,174.5,80,99,28,10,18,24,24,22,26,27,0,ESPN BET
wnba,2024,2,2024-05-23,401620240,Washington Mystics,Phoenix Mercury,0,-6.5,166.5,80,83,20,20,16,24,22,21,27,13,0,ESPN BET
wnba,2024,2,2024-05-26,401620247,Minnesota Lynx,Atlanta Dream,0,-4.5,167.5,92,79,28,23,26,15,25,22,12,20,0,ESPN BET
wnba,2024,2,2024-05-25,401620243,Connecticut Sun,Chicago Sky,0,4.5,160.5,86,82,23,19,27,17,24,26,17,15,0,ESPN BET
wnba,2024,2,2024-05-26,401620248,Dallas Wings,Los Angeles Sparks,0,-1.5,164.5,84,83,27,22,21,14,27,15,21,20,0,ESPN BET
wnba,2024,2,2024-05-25,401620246,Dallas Wings,Phoenix Mercury,0,-4.5,168.5,107,92,21,31,24,31,14,21,34,23,0,ESPN BET
wnba,2024,2,2024-05-25,401620245,Washington Mystics,Seattle Storm,0,-8.5,161.5,69,101,15,26,18,10,25,25,26,25,0,ESPN BET
wnba,2024,2,2024-05-25,401620242,New York Liberty,Minnesota Lynx,0,7.5,165.5,67,84,17,23,18,9,31,13,22,18,0,ESPN BET
wnba,2024,2,2024-05-28,401620249,Phoenix Mercury,Connecticut Sun,0,-7.5,167.5,47,70,13,12,10,12,15,23,15,17,0,ESPN BET
wnba,2024,2,2024-05-28,401620250,Los Angeles Sparks,Indiana Fever,0,-5.5,165.5,88,82,24,13,22,29,15,17,23,27,0,ESPN BET
wnba,2024,2,2024-05-29,401620252,Phoenix Mercury,New York Liberty,0,-13.5,172.5,78,81,20,24,15,19,33,14,13,21,0,ESPN BET
wnba,2024,2,2024-05-30,401620255,Seattle Storm,Indiana Fever,0,6.5,167.5,103,88,27,20,34,22,20,21,18,29,0,ESPN BET
wnba,2024,2,2024-05-29,401620253,Atlanta Dream,Washington Mystics,0,3.5,163.5,73,67,18,20,16,19,22,12,20,13,0,ESPN BET
wnba,2024,2,2024-05-28,401620251,Seattle Storm,Chicago Sky,0,1.5,165.5,77,68,24,14,26,13,20,17,15,16,0,ESPN BET
wnba,2024,2,2024-05-29,401620254,Las Vegas Aces,Minnesota Lynx,0,4.5,169.5,80,66,18,25,19,18,16,18,22,10,0,ESPN BET
wnba,2024,2,2024-05-31,401620257,Las Vegas Aces,Atlanta Dream,0,8.5,172.5,74,78,11,23,19,21,10,18,25,25,0,ESPN BET
wnba,2024,2,2024-05-30,401620256,Los Angeles Sparks,Chicago Sky,0,-4.5,160.5,73,83,15,16,27,15,26,23,18,16,0,ESPN BET
wnba,2024,2,2024-06-01,401620261,Chicago Sky,Indiana Fever,0,-0.5,166.5,70,71,14,19,16,21,17,18,19,17,0,ESPN BET
wnba,2024,2,2024-06-02,401620262,Connecticut Sun,Atlanta Dream,0,2.5,158.5,69,50,17,22,18,12,17,10,16,7,0,ESPN BET
wnba,2024,2,2024-05-31,401620259,Washington Mystics,New York Liberty,0,-13.5,160.5,79,90,17,28,22,12,32,17,21,20,0,ESPN BET
wnba,2024,2,2024-06-02,401620263,Indiana Fever,New York Liberty,0,-14.5,168.5,68,104,13,24,15,16,31,24,26,23,0,ESPN BET
wnba,2024,2,2024-05-31,401620258,Dallas Wings,Connecticut Sun,0,-8.5,162.5,72,74,21,13,16,22,18,22,19,15,0,ESPN BET
wnba,2024,2,2024-05-31,401620260,Phoenix Mercury,Minnesota Lynx,0,-6.5,164.5,71,95,12,19,18,22,21,34,17,23,0,ESPN BET
wnba,2024,2,2024-06-02,401620264,Dallas Wings,Minnesota Lynx,0,-6.5,162.5,76,87,20,18,19,19,21,18,22,26,0,ESPN BET
wnba,2024,2,2024-06-02,401620265,Los Angeles Sparks,Phoenix Mercury,0,-4.5,162.5,68,87,15,7,24,22,16,23,29,19,0,ESPN BET
wnba,2024,2,2024-06-04,401620268,Phoenix Mercury,Seattle Storm,0,-4.5,164.5,62,80,12,21,10,19,25,21,18,16,0,ESPN BET
wnba,2024,2,2024-06-04,401620267,New York Liberty,Chicago Sky,0,8.5,165.5,88,75,31,18,16,23,15,33,18,9,0,ESPN BET
wnba,2024,2,2024-06-04,401620266,Washington Mystics,Connecticut Sun,0,-13.5,152.5,59,76,18,15,10,16,19,13,26,18,0,ESPN BET
wnba,2024,2,2024-06-06,401620272,New York Liberty,Atlanta Dream,0,6.5,163.5,78,61,15,23,17,23,12,20,16,13,0,ESPN BET
wnba,2024,2,2024-06-06,401620271,Chicago Sky,Washington Mystics,1,3.5,156.5,79,71,15,20,25,19,21,23,10,17,0,ESPN BET
wnba,2024,2,2024-06-05,401620270,Minnesota Lynx,Los Angeles Sparks,0,6.5,155.5,86,62,27,18,19,22,12,14,20,16,0,ESPN BET
wnba,2024,2,2024-06-05,401620269,Las Vegas Aces,Dallas Wings,0,9.5,167.5,95,81,29,18,28,20,16,26,19,20,0,ESPN BET
wnba,2024,2,2024-06-07,401620273,Indiana Fever,Washington Mystics,0,3.5,161.5,85,83,28,14,24,19,19,21,24,19,0,ESPN BET
wnba,2024,2,2024-06-09,401620279,Washington Mystics,New York Liberty,0,-15.5,156.5,88,93,23,22,25,18,24,21,27,21,0,ESPN BET
wnba,2024,2,2024-06-07,401620274,Seattle Storm,Las Vegas Aces,0,-7.5,167.5,78,65,17,19,18,24,16,12,23,14,0,ESPN BET
wnba,2024,2,2024-06-09,401620280,Phoenix Mercury,Dallas Wings,0,1.5,163.5,97,90,14,21,21,22,14,18,22,24,2,ESPN BET
wnba,2024,2,2024-06-08,401620277,New York Liberty,Connecticut Sun,0,2.5,154.5,82,75,28,11,18,25,18,21,21,15,0,ESPN BET
wnba,2024,2,2024-06-09,401620281,Seattle Storm,Minnesota Lynx,0,-0.5,157.5,64,83,20,21,11,12,21,15,23,24,0,ESPN BET
wnba,2024,2,2024-06-08,401620278,Atlanta Dream,Chicago Sky,0,1.5,159.5,89,80,29,22,21,17,15,24,18,23,0,ESPN BET
wnba,2024,2,2024-06-07,401620276,Minnesota Lynx,Phoenix Mercury,0,4.5,162.5,80,81,15,20,25,20,21,17,16,27,0,ESPN BET
wnba,2024,2,2024-06-07,401620275,Dallas Wings,Los Angeles Sparks,0,3.5,160.5,72,81,20,24,19,9,23,15,23,20,0,ESPN BET
wnba,2024,2,2024-06-10,401620283,Indiana Fever,Connecticut Sun,0,-10.5,159.5,72,89,15,20,21,16,26,29,25,9,0,ESPN BET
wnba,2024,2,2024-06-11,401620284,Washington Mystics,Atlanta Dream,0,-6.5,155.5,87,68,25,13,26,23,15,18,17,18,0,ESPN BET
wnba,2024,2,2024-06-09,401620282,Las Vegas Aces,Los Angeles Sparks,0,10.5,162.5,92,96,26,18,21,27,21,22,31,22,0,ESPN BET
wnba,2024,2,2024-06-12,401620287,Connecticut Sun,Chicago Sky,0,7.5,153.5,83,75,20,20,20,23,22,16,17,20,0,ESPN BET
wnba,2024,2,2024-06-11,401620286,Los Angeles Sparks,Seattle Storm,0,-11.5,157.5,79,95,25,17,19,18,25,23,18,29,0,ESPN BET
wnba,2024,2,2024-06-13,401620288,Atlanta Dream,Indiana Fever,0,2.5,164.5,84,91,24,20,18,22,33,26,14,18,0,ESPN BET
wnba,2024,2,2024-06-11,401620285,Minnesota Lynx,Las Vegas Aces,0,-7.5,166.5,100,86,29,30,19,22,31,17,12,26,0,ESPN BET
wnba,2024,2,2024-06-14,401620291,Chicago Sky,Washington Mystics,0,2.5,158.5,81,83,10,26,23,22,24,23,21,15,0,ESPN BET
wnba,2024,2,2024-06-13,401620289,Seattle Storm,Dallas Wings,0,6.5,160.5,92,84,21,27,23,21,19,21,22,22,0,ESPN BET
wnba,2024,2,2024-06-13,401620290,Las Vegas Aces,Phoenix Mercury,0,6.5,169.5,103,99,12,42,21,28,28,23,23,25,0,ESPN BET
wnba,2024,2,2024-06-15,401620293,Connecticut Sun,Dallas Wings,0,6.5,157.5,85,67,27,16,25,17,17,16,13,21,0,ESPN BET
wnba,2024,2,2024-06-14,401620292,Los Angeles Sparks,Minnesota Lynx,0,-12.5,160.5,76,81,25,19,12,20,14,25,20,22,0,ESPN BET
wnba,2024,2,2024-06-15,401620294,New York Liberty,Las Vegas Aces,0,-2.5,174.5,90,82,28,17,22,23,20,23,17,22,0,ESPN BET
wnba,2024,2,2024-06-16,401620295,Seattle Storm,Phoenix Mercury,0,3.5,165.5,78,87,19,14,18,27,25,22,19,21,0,ESPN BET
wnba,2024,2,2024-06-16,401620296,Chicago Sky,Indiana Fever,0,-2.5,168.5,83,91,26,17,23,17,23,24,21,23,0,ESPN BET
wnba,2024,2,2024-06-16,401620297,Los Angeles Sparks,Atlanta Dream,0,-4.5,160.5,74,87,14,26,21,13,20,25,15,27,0,ESPN BET
wnba,2024,2,2024-06-18,401620299,Los Angeles Sparks,Connecticut Sun,0,-13.5,153.5,70,79,14,14,20,22,18,21,24,16,0,ESPN BET
wnba,2024,2,2024-06-18,401620300,New York Liberty,Phoenix Mercury,0,5.5,171.5,93,99,26,20,30,17,22,28,19,30,0,ESPN BET
wnba,2024,2,2024-06-17,401620298,Dallas Wings,Minnesota Lynx,0,-14.5,160.5,78,90,22,17,24,15,27,16,23,24,0,ESPN BET
wnba,2024,2,2024-06-19,401620301,Washington Mystics,Indiana Fever,0,-5.5,167.5,81,88,17,26,16,22,21,25,22,20,0,ESPN BET
wnba,2024,2,2024-06-19,401620303,Seattle Storm,Las Vegas Aces,0,-6.5,172.5,83,94,16,16,22,29,29,18,19,28,0,ESPN BET
wnba,2024,2,2024-06-19,401620302,Atlanta Dream,Minnesota Lynx,0,-9.5,161.5,55,68,12,18,17,8,18,17,21,12,0,ESPN BET
wnba,2024,2,2024-06-21,401620306,Indiana Fever,Atlanta Dream,0,2.5,163.5,91,79,35,22,22,12,25,16,21,17,0,ESPN BET
wnba,2024,2,2024-06-21,401620307,Connecticut Sun,Las Vegas Aces,0,-5.5,163.5,74,85,16,12,22,24,20,25,18,22,0,ESPN BET
wnba,2024,2,2024-06-20,401620304,Dallas Wings,Chicago Sky,0,-4.5,163.5,72,83,11,14,14,33,20,22,17,24,0,ESPN BET
wnba,2024,2,2024-06-20,401620305,Los Angeles Sparks,New York Liberty,0,-14.5,167.5,80,93,17,19,20,24,19,24,30,20,0,ESPN BET
wnba,2024,2,2024-06-23,401620311,New York Liberty,Atlanta Dream,0,8.5,165.5,96,75,29,33,18,16,18,20,19,18,0,ESPN BET
wnba,2024,2,2024-06-23,401620314,Connecticut Sun,Seattle Storm,0,-1.5,154.5,61,72,14,17,17,13,8,26,21,17,0,ESPN BET
wnba,2024,2,2024-06-22,401620309,Los Angeles Sparks,New York Liberty,0,-14.5,168.5,88,98,25,19,23,21,21,33,27,17,0,ESPN BET
wnba,2024,2,2024-06-22,401620310,Phoenix Mercury,Minnesota Lynx,0,-5.5,167.5,60,73,15,10,16,19,17,21,22,13,0,ESPN BET
wnba,2024,2,2024-06-22,401620308,Dallas Wings,Washington Mystics,0,2.5,160.5,69,97,13,21,17,18,20,31,22,24,0,ESPN BET
wnba,2024,2,2024-06-23,401620312,Dallas Wings,Washington Mystics,0,-0.5,163.5,84,92,32,19,14,19,25,21,29,17,0,ESPN BET
wnba,2024,2,2024-06-23,401620313,Indiana Fever,Chicago Sky,0,-1.5,170.5,87,88,26,20,26,15,28,17,19,24,0,ESPN BET
wnba,2024,2,2024-06-25,401677672,Minnesota Lynx,New York Liberty,0,-5.5,164.5,94,89,23,24,19,28,27,23,10,29,0,ESPN BET
wnba,2024,2,2024-06-27,401620316,Connecticut Sun,Washington Mystics,0,10.5,151.5,94,91,21,25,19,17,32,18,15,17,1,ESPN BET
wnba,2024,2,2024-06-27,401620317,Las Vegas Aces,Chicago Sky,0,10.5,173.5,95,83,21,25,26,23,25,14,24,20,0,ESPN BET
wnba,2024,2,2024-06-27,401620315,Minnesota Lynx,Dallas Wings,0,9.5,164.5,88,94,28,17,25,18,15,28,28,23,0,ESPN BET
wnba,2024,2,2024-06-27,401620318,Indiana Fever,Seattle Storm,0,-9.5,167.5,77,89,21,18,22,16,30,23,17,19,0,ESPN BET
wnba,2024,2,2024-06-28,401620320,Los Angeles Sparks,Phoenix Mercury,0,-10.5,169.5,78,92,26,19,17,16,23,21,28,20,0,ESPN BET
wnba,2024,2,2024-06-29,401620321,Las Vegas Aces,Washington Mystics,0,12.5,174.5,88,77,20,26,21,21,28,24,17,8,0,ESPN BET
wnba,2024,2,2024-06-29,401620322,Dallas Wings,Seattle Storm,0,-10.5,167.5,76,97,25,16,18,17,28,26,26,17,0,ESPN BET
wnba,2024,2,2024-06-28,401620319,Atlanta Dream,Connecticut Sun,0,-9.5,150.5,78,74,19,12,26,21,19,14,23,18,0,ESPN BET
wnba,2024,2,2024-06-30,401620323,Atlanta Dream,New York Liberty,0,-15.5,167.5,75,81,24,17,18,16,13,23,24,21,0,ESPN BET
wnba,2024,2,2024-06-30,401620325,Indiana Fever,Phoenix Mercury,0,-7.5,175.5,88,82,20,18,29,21,26,23,15,18,0,ESPN BET
wnba,2024,2,2024-06-30,401620324,Minnesota Lynx,Chicago Sky,0,6.5,162.5,70,62,16,18,18,18,24,15,18,5,0,ESPN BET
wnba,2024,2,2024-07-01,401620326,Connecticut Sun,Phoenix Mercury,0,4.5,157.5,83,72,19,23,22,19,17,18,18,19,0,ESPN BET
wnba,2024,2,2024-07-01,401620327,Dallas Wings,Seattle Storm,0,-11.5,166.5,71,95,20,17,13,21,19,26,34,16,0,ESPN BET
wnba,2024,2,2024-07-02,401620328,Minnesota Lynx,New York Liberty,0,-6.5,167.5,67,76,22,20,17,8,20,22,16,18,0,ESPN BET
wnba,2024,2,2024-07-02,401620329,Chicago Sky,Atlanta Dream,0,1.5,158.5,85,77,22,21,23,19,19,22,23,13,0,ESPN BET
wnba,2024,2,2024-07-02,401620330,Indiana Fever,Las Vegas Aces,0,-13.5,178.5,69,88,24,13,22,10,26,20,19,23,0,ESPN BET
wnba,2024,2,2024-07-03,401620332,Phoenix Mercury,Dallas Wings,0,5.5,172.5,104,96,27,29,27,21,18,25,33,20,0,ESPN BET
wnba,2024,2,2024-07-04,401620333,Connecticut Sun,Minnesota Lynx,0,-3.5,151.5,78,73,20,16,28,14,17,23,18,15,0,ESPN BET
wnba,2024,2,2024-07-02,401620331,Washington Mystics,Los Angeles Sparks,0,-1.5,162.5,82,80,18,20,14,30,22,21,21,16,0,ESPN BET
wnba,2024,2,2024-07-04,401620334,Washington Mystics,Las Vegas Aces,0,-15.5,172.5,77,98,20,15,20,22,23,25,35,15,0,ESPN BET
wnba,2024,2,2024-07-05,401620337,Chicago Sky,Seattle Storm,0,-9.5,161.5,88,84,23,17,30,18,22,20,22,20,0,ESPN BET
wnba,2024,2,2024-07-05,401620336,Las Vegas Aces,Los Angeles Sparks,0,12.5,173.5,93,98,24,12,24,24,21,25,24,14,1,ESPN BET
wnba,2024,2,2024-07-06,401620338,New York Liberty,Indiana Fever,0,10.5,174.5,78,83,18,20,24,16,24,15,16,28,0,ESPN BET
wnba,2024,2,2024-07-05,401620335,Atlanta Dream,Dallas Wings,0,-4.5,162.5,82,85,16,25,20,21,20,22,18,25,0,ESPN BET
wnba,2024,2,2024-07-06,401620339,Washington Mystics,Minnesota Lynx,0,-8.5,157.5,67,74,14,22,21,10,25,11,19,19,0,ESPN BET
wnba,2024,2,2024-07-07,401620340,Atlanta Dream,Connecticut Sun,0,-14.5,150.5,67,80,16,8,25,18,20,14,33,13,0,ESPN BET
wnba,2024,2,2024-07-07,401620342,Chicago Sky,Seattle Storm,0,-9.5,163.5,71,84,20,19,14,18,12,19,29,24,0,ESPN BET
wnba,2024,2,2024-07-07,401620343,Phoenix Mercury,Los Angeles Sparks,0,4.5,167.5,84,78,25,17,23,19,15,24,24,15,0,ESPN BET
wnba,2024,2,2024-07-07,401620341,Dallas Wings,Las Vegas Aces,0,-15.5,179.5,85,104,27,21,17,20,25,26,26,27,0,ESPN BET
wnba,2024,2,2024-07-09,401620344,Minnesota Lynx,Los Angeles Sparks,0,4.5,157.5,82,67,29,22,19,12,16,19,16,16,0,ESPN BET
wnba,2024,2,2024-07-10,401620345,New York Liberty,Connecticut Sun,0,2.5,158.5,71,68,29,10,20,12,19,19,16,14,0,ESPN BET
wnba,2024,2,2024-07-10,401620348,Las Vegas Aces,Seattle Storm,0,3.5,172.5,84,79,13,17,30,24,17,19,19,24,0,ESPN BET
wnba,2024,2,2024-07-10,401620347,Atlanta Dream,Chicago Sky,0,-6.5,155.5,69,78,22,12,20,15,18,20,16,24,0,ESPN BET
wnba,2024,2,2024-07-10,401620346,Washington Mystics,Indiana Fever,0,-7.5,168.5,89,84,26,25,25,13,17,20,18,29,0,ESPN BET
wnba,2024,2,2024-07-11,401620350,Chicago Sky,New York Liberty,0,-8.5,164.5,76,91,22,18,22,14,19,19,25,28,0,ESPN BET
wnba,2024,2,2024-07-10,401620349,Dallas Wings,Phoenix Mercury,0,-7.5,172.5,84,100,29,17,20,18,21,28,31,20,0,ESPN BET
wnba,2024,2,2024-07-13,401620355,Los Angeles Sparks,Dallas Wings,0,-3.5,171.5,87,81,22,23,16,26,18,26,19,18,0,ESPN BET
wnba,2024,2,2024-07-12,401620353,Minnesota Lynx,Seattle Storm,0,-6.5,154.5,63,91,22,15,19,7,25,25,22,19,0,ESPN BET
wnba,2024,2,2024-07-12,401620352,Phoenix Mercury,Indiana Fever,0,-1.5,173.5,86,95,16,19,23,28,28,27,26,14,0,ESPN BET
wnba,2024,2,2024-07-13,401620354,New York Liberty,Chicago Sky,0,4.5,167.5,81,67,14,29,18,20,21,13,20,13,0,ESPN BET
wnba,2024,2,2024-07-12,401620351,Las Vegas Aces,Atlanta Dream,0,14.5,169.5,84,70,20,24,13,27,15,15,17,23,0,ESPN BET
wnba,2024,2,2024-07-14,401620356,Phoenix Mercury,Connecticut Sun,0,-7.5,155.5,69,96,20,22,9,18,20,28,19,29,0,ESPN BET
wnba,2024,2,2024-07-14,401620357,Las Vegas Aces,Washington Mystics,0,12.5,172.5,89,77,20,20,25,24,31,12,19,15,0,ESPN BET
wnba,2024,2,2024-07-14,401620358,Atlanta Dream,Seattle Storm,0,-14.5,155.5,70,81,23,13,21,13,24,18,18,21,0,ESPN BET
wnba,2024,2,2024-07-14,401620359,Indiana Fever,Minnesota Lynx,0,-4.5,164.5,81,74,20,18,15,28,19,19,22,14,0,ESPN BET
wnba,2024,2,2024-07-16,401620360,Phoenix Mercury,Washington Mystics,0,4.5,168.5,96,87,17,27,27,25,19,27,17,24,0,ESPN BET
wnba,2024,2,2024-07-16,401620361,Seattle Storm,Los Angeles Sparks,0,9.5,162.5,89,83,19,22,23,25,17,20,24,22,0,ESPN BET
wnba,2024,2,2024-07-16,401620362,Connecticut Sun,New York Liberty,0,1.5,152.5,74,82,23,19,21,11,28,17,18,19,0,ESPN BET
wnba,2024,2,2024-07-17,401620364,Atlanta Dream,Minnesota Lynx,0,-7.5,151.5,79,86,19,16,25,19,14,19,23,30,0,ESPN BET
wnba,2024,2,2024-07-16,401620363,Chicago Sky,Las Vegas Aces,0,-13.5,173.5,93,85,25,19,25,24,12,25,26,22,0,ESPN BET
wnba,2024,2,2024-07-20,401620458,Team USA,Team WNBA,1,6.5,191.5,109,117,23,31,25,30,24,28,36,29,0,ESPN BET
wnba,2024,2,2024-07-17,401620365,Indiana Fever,Dallas Wings,0,4.5,178.5,93,101,20,26,24,23,27,27,18,29,0,ESPN BET
wnba,2024,2,2024-08-15,401620366,Phoenix Mercury,Chicago Sky,0,5.5,162.5,85,65,30,20,19,16,12,16,24,13,0,ESPN BET
wnba,2024,2,2024-08-16,401620369,Seattle Storm,Atlanta Dream,0,6.5,157.5,81,83,22,19,19,21,18,11,26,28,0,ESPN BET
wnba,2024,2,2024-08-17,401620372,Minnesota Lynx,Washington Mystics,0,4.5,157.5,99,83,22,23,33,21,16,23,17,27,0,ESPN BET
wnba,2024,2,2024-08-16,401620371,Connecticut Sun,Dallas Wings,0,5.5,161.5,109,91,27,23,32,27,20,18,23,30,0,ESPN BET
wnba,2024,2,2024-08-15,401620367,Washington Mystics,Minnesota Lynx,0,-8.5,156.5,68,79,15,22,21,10,18,17,23,21,0,ESPN BET
wnba,2024,2,2024-08-17,401620374,Chicago Sky,Los Angeles Sparks,0,3.5,161.5,90,86,26,16,22,26,25,21,28,12,0,ESPN BET
wnba,2024,2,2024-08-15,401620368,New York Liberty,Los Angeles Sparks,0,11.5,164.5,103,68,29,28,25,21,10,18,20,20,0,ESPN BET
wnba,2024,2,2024-08-16,401620370,Phoenix Mercury,Indiana Fever,0,-3.5,175.5,89,98,16,21,28,24,33,21,19,25,0,ESPN BET
wnba,2024,2,2024-08-17,401620373,New York Liberty,Las Vegas Aces,0,-3.5,174.5,79,67,24,18,17,20,28,8,15,16,0,ESPN BET
wnba,2024,2,2024-08-18,401620375,Connecticut Sun,Atlanta Dream,0,7.5,155.5,70,82,15,19,18,18,19,19,21,23,0,ESPN BET
wnba,2024,2,2024-08-18,401620377,Seattle Storm,Indiana Fever,0,3.5,170.5,75,92,17,17,24,17,13,22,24,33,0,ESPN BET
wnba,2024,2,2024-08-18,401620378,Chicago Sky,Phoenix Mercury,0,-7.5,165.5,68,86,19,16,15,18,32,20,17,17,0,ESPN BET
wnba,2024,2,2024-08-20,401620379,Los Angeles Sparks,Connecticut Sun,0,-13.5,158.5,61,69,20,15,11,15,17,24,12,16,0,ESPN BET
wnba,2024,2,2024-08-20,401620380,Dallas Wings,New York Liberty,0,-9.5,172.5,74,94,16,23,21,14,26,22,21,25,0,ESPN BET
wnba,2024,2,2024-08-18,401620376,Los Angeles Sparks,Las Vegas Aces,0,-16.5,172.5,71,87,21,16,16,18,21,23,20,23,0,ESPN BET
wnba,2024,2,2024-08-20,401620381,Seattle Storm,Washington Mystics,0,7.5,161.5,83,77,26,18,17,22,17,13,27,20,0,ESPN BET
wnba,2024,2,2024-08-21,401620382,Phoenix Mercury,Atlanta Dream,0,2.5,166.5,63,72,6,20,22,15,19,15,14,24,0,ESPN BET
wnba,2024,2,2024-08-21,401620383,Minnesota Lynx,Las Vegas Aces,0,-6.5,167.5,98,87,26,28,24,20,25,21,21,20,0,ESPN BET
wnba,2024,2,2024-08-22,401620384,Dallas Wings,New York Liberty,0,-10.5,172.5,71,79,17,15,17,22,14,21,18,26,0,ESPN BET
wnba,2024,2,2024-08-23,401620386,Chicago Sky,Connecticut Sun,0,-11.5,153.5,80,82,17,18,29,16,17,28,18,19,0,ESPN BET
wnba,2024,2,2024-08-23,401620385,Phoenix Mercury,Atlanta Dream,0,1.5,161.5,82,80,24,24,17,17,17,24,18,21,0,ESPN BET
wnba,2024,2,2024-08-23,401620387,Los Angeles Sparks,Washington Mystics,0,-5.5,164.5,74,80,21,20,14,19,22,16,16,26,0,ESPN BET
wnba,2024,2,2024-08-23,401620388,Las Vegas Aces,Minnesota Lynx,0,3.5,167.5,74,87,18,21,15,20,18,22,25,22,0,ESPN BET
wnba,2024,2,2024-08-25,401620391,Las Vegas Aces,Chicago Sky,0,9.5,168.5,77,75,12,20,20,25,17,13,22,23,0,ESPN BET
wnba,2024,2,2024-08-24,401620390,Indiana Fever,Minnesota Lynx,0,-4.5,167.5,80,90,16,28,16,20,29,16,22,23,0,ESPN BET
wnba,2024,2,2024-08-24,401620389,Connecticut Sun,New York Liberty,0,-7.5,158.5,72,64,20,20,19,13,25,13,14,12,0,ESPN BET
wnba,2024,2,2024-08-25,401620392,Los Angeles Sparks,Dallas Wings,0,-6.5,171.5,110,113,26,29,37,18,13,32,28,40,0,ESPN BET
wnba,2024,2,2024-08-26,401620393,Indiana Fever,Atlanta Dream,0,-0.5,166.5,84,79,22,30,18,14,17,21,21,20,0,ESPN BET
wnba,2024,2,2024-08-26,401620395,Washington Mystics,Seattle Storm,0,-10.5,161.5,74,72,24,18,14,18,19,24,12,17,0,ESPN BET
wnba,2024,2,2024-08-28,401620397,Connecticut Sun,Indiana Fever,0,4.5,164.5,80,84,26,16,24,14,33,18,18,15,0,ESPN BET
wnba,2024,2,2024-08-28,401620399,New York Liberty,Los Angeles Sparks,0,12.5,165.5,88,94,14,25,24,25,26,20,21,27,0,ESPN BET
wnba,2024,2,2024-08-28,401620398,Washington Mystics,Chicago Sky,0,2.5,159.5,74,70,22,22,10,20,20,19,19,12,0,ESPN BET
wnba,2024,2,2024-08-28,401620401,Atlanta Dream,Seattle Storm,0,-8.5,156.5,81,85,16,24,22,19,23,20,16,26,0,ESPN BET
wnba,2024,2,2024-08-28,401620400,Minnesota Lynx,Phoenix Mercury,0,4.5,163.5,89,76,25,21,25,18,15,22,15,24,0,ESPN BET
wnba,2024,2,2024-08-30,401620402,Indiana Fever,Chicago Sky,0,6.5,163.5,100,81,23,24,31,22,26,16,22,17,0,ESPN BET
wnba,2024,2,2024-09-01,401620407,Seattle Storm,Connecticut Sun,0,-0.5,157.5,86,93,20,14,22,30,22,20,23,28,0,ESPN BET
wnba,2024,2,2024-09-01,401620408,Chicago Sky,Minnesota Lynx,0,-13.5,155.5,74,79,19,13,19,23,25,14,21,19,0,ESPN BET
wnba,2024,2,2024-08-30,401620403,Minnesota Lynx,Dallas Wings,0,7.5,170.5,76,94,18,22,19,17,22,17,29,26,0,ESPN BET
wnba,2024,2,2024-08-30,401620404,Atlanta Dream,Las Vegas Aces,0,-10.5,164.5,72,83,18,20,20,14,22,22,21,18,0,ESPN BET
wnba,2024,2,2024-08-31,401620406,Connecticut Sun,Washington Mystics,0,8.5,153.5,96,85,20,25,31,20,14,28,20,23,0,ESPN BET
wnba,2024,2,2024-08-30,401620405,New York Liberty,Seattle Storm,0,4.5,163.5,98,85,27,22,25,24,26,25,20,14,0,ESPN BET
wnba,2024,2,2024-09-03,401620412,Seattle Storm,Connecticut Sun,0,-3.5,158.5,71,64,13,21,21,16,18,13,17,16,0,ESPN BET
wnba,2024,2,2024-09-01,401620410,Atlanta Dream,Los Angeles Sparks,0,4.5,163.5,80,62,25,21,18,16,12,18,15,17,0,ESPN BET
wnba,2024,2,2024-09-01,401620409,Indiana Fever,Dallas Wings,0,3.5,182.5,100,93,19,26,25,30,23,23,28,19,0,ESPN BET
wnba,2024,2,2024-09-01,401620411,Las Vegas Aces,Phoenix Mercury,0,5.5,169.5,97,79,29,23,24,21,10,18,31,20,0,ESPN BET
wnba,2024,2,2024-09-03,401620413,Washington Mystics,Dallas Wings,0,-5.5,174.5,90,86,26,25,20,19,16,23,26,21,0,ESPN BET
wnba,2024,2,2024-09-03,401620414,Chicago Sky,Las Vegas Aces,0,-13.5,163.5,71,90,13,18,20,20,17,30,21,22,0,ESPN BET
wnba,2024,2,2024-09-03,401620415,Atlanta Dream,Phoenix Mercury,0,-1.5,160.5,66,74,12,13,24,17,16,24,16,18,0,ESPN BET
wnba,2024,2,2024-09-05,401620418,Washington Mystics,Phoenix Mercury,0,-5.5,165.5,90,77,24,26,25,15,15,17,21,24,0,ESPN BET
wnba,2024,2,2024-09-04,401620416,Los Angeles Sparks,Indiana Fever,0,-12.5,174.5,86,93,19,29,17,21,23,24,22,24,0,ESPN BET
wnba,2024,2,2024-09-05,401620417,Seattle Storm,New York Liberty,0,-7.5,164.5,70,77,20,16,21,13,24,16,22,15,0,ESPN BET
wnba,2024,2,2024-09-06,401620420,Las Vegas Aces,Connecticut Sun,0,1.5,163.5,72,67,17,9,23,23,22,16,14,15,0,ESPN BET
wnba,2024,2,2024-09-07,401620423,Phoenix Mercury,Seattle Storm,0,-6.5,164.5,66,90,17,13,21,15,17,28,28,17,0,ESPN BET
wnba,2024,2,2024-09-06,401620421,Minnesota Lynx,Indiana Fever,0,2.5,169.5,99,88,19,26,29,25,27,23,12,26,0,ESPN BET
wnba,2024,2,2024-09-08,401620426,Las Vegas Aces,New York Liberty,0,-9.5,167.5,71,75,24,9,18,20,26,19,19,11,0,ESPN BET
wnba,2024,2,2024-09-08,401620425,Atlanta Dream,Indiana Fever,0,-5.5,170.5,100,104,21,27,21,21,22,22,22,24,1,ESPN BET
wnba,2024,2,2024-09-06,401620422,Los Angeles Sparks,Chicago Sky,0,-4.5,164.5,78,92,20,22,19,17,19,29,27,17,0,ESPN BET
wnba,2024,2,2024-09-08,401620424,Minnesota Lynx,Washington Mystics,0,7.5,161.5,78,71,18,17,16,27,17,22,13,19,0,ESPN BET
wnba,2024,2,2024-09-08,401620427,Dallas Wings,Chicago Sky,0,4.5,172.5,77,92,19,16,19,23,33,18,27,14,0,ESPN BET
wnba,2024,2,2024-09-06,401620419,Dallas Wings,Atlanta Dream,0,-2.5,169.5,96,107,24,32,19,17,16,26,27,23,1,ESPN BET
wnba,2024,2,2024-09-08,401620428,Connecticut Sun,Los Angeles Sparks,0,10.5,160.5,79,67,19,20,16,24,18,27,13,9,0,ESPN BET
wnba,2024,2,2024-09-10,401620430,New York Liberty,Dallas Wings,0,10.5,176.5,105,91,28,30,29,18,18,25,26,22,0,ESPN BET
wnba,2024,2,2024-09-10,401620429,Minnesota Lynx,Atlanta Dream,0,5.5,155.5,76,64,20,21,22,13,14,24,16,10,0,ESPN BET
wnba,2024,2,2024-09-10,401620431,Connecticut Sun,Los Angeles Sparks,0,11.5,158.5,86,66,16,27,21,22,18,14,13,21,0,ESPN BET
wnba,2024,2,2024-09-11,401620434,Seattle Storm,Los Angeles Sparks,0,12.5,162.5,90,82,15,26,25,24,23,18,19,22,0,ESPN BET
wnba,2024,2,2024-09-11,401620433,Washington Mystics,Chicago Sky,0,1.5,161.5,89,58,29,14,28,18,13,16,19,10,0,ESPN BET
wnba,2024,2,2024-09-11,401620432,Las Vegas Aces,Indiana Fever,0,4.5,179.5,86,75,20,21,23,22,18,14,25,18,0,ESPN BET
wnba,2024,2,2024-09-12,401620435,New York Liberty,Dallas Wings,0,10.5,178.5,99,67,25,25,23,26,15,17,23,12,0,ESPN BET
wnba,2024,2,2024-09-13,401620439,Chicago Sky,Minnesota Lynx,0,-12.5,157.5,66,83,22,13,9,22,16,24,24,19,0,ESPN BET
wnba,2024,2,2024-09-13,401620440,Connecticut Sun,Phoenix Mercury,0,9.5,156.5,88,69,22,24,24,18,17,21,6,25,0,ESPN BET
wnba,2024,2,2024-09-15,401620441,Dallas Wings,Indiana Fever,0,-9.5,187.5,109,110,34,25,24,26,26,31,27,26,0,ESPN BET
wnba,2024,2,2024-09-13,401620436,Washington Mystics,Atlanta Dream,0,-4.5,155.5,72,69,14,20,18,20,20,10,19,20,0,ESPN BET
wnba,2024,2,2024-09-15,401620443,Atlanta Dream,Washington Mystics,0,1.5,153.5,76,73,21,18,15,16,14,18,21,17,1,ESPN BET
wnba,2024,2,2024-09-13,401620437,Las Vegas Aces,Indiana Fever,0,4.5,177.5,78,74,19,24,17,18,13,22,22,17,0,ESPN BET
wnba,2024,2,2024-09-13,401620438,Seattle Storm,Dallas Wings,0,11.5,174.5,83,81,19,18,34,12,28,22,13,18,0,ESPN BET
wnba,2024,2,2024-09-15,401620442,Minnesota Lynx,New York Liberty,0,-5.5,160.5,88,79,30,22,22,14,17,22,11,29,0,ESPN BET
wnba,2024,2,2024-09-15,401620444,Phoenix Mercury,Chicago Sky,0,1.5,158.5,93,88,22,33,22,16,24,33,19,12,0,ESPN BET
wnba,2024,2,2024-09-15,401620446,Los Angeles Sparks,Seattle Storm,0,-8.5,160.5,87,90,15,23,27,22,24,28,21,17,0,ESPN BET
wnba,2024,2,2024-09-15,401620445,Connecticut Sun,Las Vegas Aces,0,-4.5,159.5,71,84,25,15,11,20,29,19,23,13,0,ESPN BET
wnba,2024,2,2024-09-17,401620447,Minnesota Lynx,Connecticut Sun,0,-1.5,153.5,78,76,22,20,20,16,22,15,16,23,0,ESPN BET
wnba,2024,2,2024-09-17,401620449,Chicago Sky,Atlanta Dream,0,-10.5,151.5,70,86,14,18,20,18,22,24,14,26,0,ESPN BET
wnba,2024,2,2024-09-17,401620448,New York Liberty,Washington Mystics,0,9.5,161.5,87,71,29,18,25,15,18,19,17,17,0,ESPN BET
wnba,2024,2,2024-09-17,401620451,Las Vegas Aces,Seattle Storm,0,8.5,163.5,85,72,29,19,15,22,18,22,21,11,0,ESPN BET
wnba,2024,2,2024-09-17,401620450,Phoenix Mercury,Los Angeles Sparks,0,2.5,164.5,85,81,14,22,28,21,14,30,10,27,0,ESPN BET
wnba,2024,2,2024-09-19,401620453,Atlanta Dream,New York Liberty,0,-4.5,157.5,78,67,21,22,23,12,15,15,19,18,0,ESPN BET
wnba,2024,2,2024-09-19,401620452,Chicago Sky,Connecticut Sun,0,-13.5,152.5,54,87,15,20,6,13,20,26,23,18,0,ESPN BET
wnba,2024,2,2024-09-19,401620454,Indiana Fever,Washington Mystics,0,-2.5,168.5,91,92,24,21,21,25,22,30,30,10,0,ESPN BET
wnba,2024,2,2024-09-19,401620456,Dallas Wings,Las Vegas Aces,0,3.5,171.5,84,98,30,15,23,16,30,30,28,10,0,ESPN BET
wnba,2024,2,2024-09-19,401620457,Seattle Storm,Phoenix Mercury,0,-1.5,164.5,89,70,35,8,25,21,14,17,18,21,0,ESPN BET
wnba,2024,3,2024-09-22,401721255,Atlanta Dream,New York Liberty,0,-13.5,156.5,69,83,16,14,19,20,29,19,21,14,0,ESPN BET
wnba,2024,2,2024-09-19,401620455,Los Angeles Sparks,Minnesota Lynx,0,-4.5,159.5,68,51,19,19,15,15,13,17,14,7,0,ESPN BET
wnba,2024,3,2024-09-22,401721256,Seattle Storm,Las Vegas Aces,0,-9.5,161.5,67,78,18,24,23,2,9,29,26,14,0,ESPN BET
wnba,2024,3,2024-09-22,401721253,Indiana Fever,Connecticut Sun,0,-6.5,165.5,69,93,20,18,19,12,23,23,22,25,0,ESPN BET
wnba,2024,3,2024-09-22,401721261,Phoenix Mercury,Minnesota Lynx,0,-9.5,158.5,95,102,19,23,27,26,32,24,21,25,0,ESPN BET
wnba,2024,3,2024-09-24,401721258,Atlanta Dream,New York Liberty,0,-12.5,155.5,82,91,28,20,16,18,19,24,22,26,0,ESPN BET
wnba,2024,3,2024-09-24,401721262,Seattle Storm,Las Vegas Aces,0,-7.5,158.5,76,83,20,18,19,19,30,15,17,21,0,ESPN BET
wnba,2024,3,2024-09-25,401721260,Phoenix Mercury,Minnesota Lynx,0,-9.5,160.5,88,101,25,22,17,24,21,28,27,25,0,ESPN BET
wnba,2024,3,2024-09-25,401721254,Indiana Fever,Connecticut Sun,0,-6.5,163.5,81,87,14,20,18,29,17,24,20,26,0,ESPN BET
wnba,2024,3,2024-09-29,401724938,Las Vegas Aces,New York Liberty,0,-3.5,163.5,77,87,21,17,24,15,28,20,23,16,0,ESPN BET
wnba,2024,3,2024-10-01,401724939,Las Vegas Aces,New York Liberty,0,-3.5,164.5,84,88,27,13,22,22,22,24,23,19,0,ESPN BET
wnba,2024,3,2024-10-04,401725077,Minnesota Lynx,Connecticut Sun,0,-2.5,151.5,90,81,23,25,20,22,16,20,18,27,0,ESPN BET
wnba,2024,3,2024-09-29,401725075,Connecticut Sun,Minnesota Lynx,0,-3.5,151.5,73,70,23,19,15,16,16,22,24,8,0,ESPN BET
wnba,2024,3,2024-10-01,401725076,Connecticut Sun,Minnesota Lynx,0,-4.5,152.5,70,77,10,20,19,21,12,24,22,19,0,ESPN BET
wnba,2024,3,2024-10-08,401725079,Connecticut Sun,Minnesota Lynx,0,-3.5,151.5,77,88,18,16,14,29,31,22,12,23,0,ESPN BET
wnba,2024,3,2024-10-04,401724940,New York Liberty,Las Vegas Aces,0,-3.5,163.5,81,95,23,26,6,26,26,26,21,22,0,ESPN BET
wnba,2024,3,2024-10-06,401724941,New York Liberty,Las Vegas Aces,0,-2.5,166.5,76,62,23,18,12,23,19,19,13,11,0,ESPN BET
wnba,2024,3,2024-10-06,401725078,Minnesota Lynx,Connecticut Sun,0,-2.5,153.5,82,92,22,28,13,19,15,28,25,24,0,ESPN BET
wnba,2024,3,2024-10-16,401726990,New York Liberty,Minnesota Lynx,0,3.5,160.5,80,77,18,17,26,19,28,15,19,15,0,ESPN BET
wnba,2024,3,2024-10-10,401726988,Minnesota Lynx,New York Liberty,0,-6.5,160.5,95,93,19,17,25,23,32,12,24,16,1,ESPN BET
wnba,2024,3,2024-10-18,401726991,New York Liberty,Minnesota Lynx,0,3.5,159.5,80,82,23,22,18,17,23,23,18,18,0,ESPN BET
wnba,2024,3,2024-10-20,401726992,Minnesota Lynx,New York Liberty,0,-6.5,156.5,62,67,19,15,10,16,10,17,20,13,1,ESPN BET
wnba,2024,3,2024-10-13,401726989,Minnesota Lynx,New York Liberty,0,-7.5,162.5,66,80,21,18,14,13,31,18,12,19,0,ESPN BET
wnba,2025,2,2025-05-17,401736116,Las Vegas Aces,New York Liberty,0,-3.5,169.5,78,92,20,13,25,20,19,28,16,29,0,ESPN BET
wnba,2025,2,2025-05-20,401736121,Las Vegas Aces,Connecticut Sun,0,13.5,166.5,87,62,24,28,26,9,13,16,17,16,0,ESPN BET
wnba,2025,2,2025-05-16,401736112,Atlanta Dream,Washington Mystics,0,8.5,156.5,90,94,24,21,25,20,20,21,30,23,0,ESPN BET
wnba,2025,2,2025-05-16,401736114,Los Angeles Sparks,Golden State Valkyries,0,6.5,162.5,84,67,19,23,24,18,20,19,21,7,0,ESPN BET
wnba,2025,2,2025-05-17,401736115,Chicago Sky,Indiana Fever,0,-7.5,169.5,58,93,17,15,13,13,22,23,20,28,0,ESPN BET
wnba,2025,2,2025-05-16,401736113,Minnesota Lynx,Dallas Wings,0,4.5,164.5,99,84,19,27,35,18,21,25,20,18,0,ESPN BET
wnba,2025,2,2025-05-19,401736120,Seattle Storm,Dallas Wings,0,3.5,166.5,79,71,25,31,10,13,26,15,20,10,0,ESPN BET
wnba,2025,2,2025-05-18,401736119,Minnesota Lynx,Los Angeles Sparks,0,6.5,164.5,89,75,30,16,24,19,25,20,17,13,0,ESPN BET
wnba,2025,2,2025-05-22,401736126,Indiana Fever,Atlanta Dream,0,4.5,172.5,81,76,13,24,24,20,18,16,24,18,0,ESPN BET
wnba,2025,2,2025-05-18,401736118,Washington Mystics,Connecticut Sun,0,3.5,158.5,90,85,13,28,19,30,23,23,19,20,0,ESPN BET
wnba,2025,2,2025-05-21,401736125,Los Angeles Sparks,Phoenix Mercury,0,-4.5,159.5,86,89,19,27,7,33,23,19,24,23,0,ESPN BET
wnba,2025,2,2025-05-21,401736123,Dallas Wings,Minnesota Lynx,0,-11.5,168.5,81,85,18,22,22,19,21,26,23,15,0,ESPN BET
wnba,2025,2,2025-05-22,401736127,New York Liberty,Chicago Sky,0,11.5,164.5,99,74,28,25,22,24,23,9,22,20,0,ESPN BET
wnba,2025,2,2025-05-17,401736117,Seattle Storm,Phoenix Mercury,0,6.5,158.5,59,81,15,15,16,13,23,18,19,21,0,ESPN BET
wnba,2025,2,2025-05-21,401736124,Washington Mystics,Golden State Valkyries,0,5.5,162.5,74,76,14,16,16,28,11,20,16,29,0,ESPN BET
wnba,2025,2,2025-05-20,401736122,Atlanta Dream,Indiana Fever,0,-6.5,171.5,91,90,31,13,32,15,23,19,23,25,0,ESPN BET
wnba,2025,2,2025-05-23,401736128,Connecticut Sun,Minnesota Lynx,0,-16.5,157.5,70,76,19,26,11,14,15,20,14,27,0,ESPN BET
wnba,2025,2,2025-05-24,401736132,New York Liberty,Indiana Fever,0,4.5,174.5,90,88,30,25,13,22,29,17,30,12,0,ESPN BET
wnba,2025,2,2025-05-23,401736130,Golden State Valkyries,Los Angeles Sparks,0,-10.5,160.5,82,73,24,25,19,14,26,9,18,20,0,ESPN BET
wnba,2025,2,2025-05-23,401736129,Washington Mystics,Las Vegas Aces,0,-15.5,165.5,72,75,18,24,17,13,16,17,17,25,0,ESPN BET
wnba,2025,2,2025-05-23,401736131,Phoenix Mercury,Seattle Storm,0,-5.5,157.5,70,77,24,20,17,9,24,18,20,15,0,ESPN BET
wnba,2025,2,2025-05-27,401736139,Golden State Valkyries,New York Liberty,0,-18.5,162.5,67,95,10,19,22,16,27,21,19,28,0,ESPN BET
wnba,2025,2,2025-05-27,401736142,Chicago Sky,Phoenix Mercury,0,-7.5,159.5,89,94,21,23,27,18,17,21,29,27,0,ESPN BET
wnba,2025,2,2025-05-27,401736140,Seattle Storm,Minnesota Lynx,0,-7.5,156.5,77,82,11,18,22,26,26,13,15,28,0,ESPN BET
wnba,2025,2,2025-05-25,401736135,Chicago Sky,Los Angeles Sparks,0,-4.5,164.5,78,91,19,20,25,14,21,22,33,15,0,ESPN BET
wnba,2025,2,2025-05-27,401736141,Atlanta Dream,Los Angeles Sparks,0,-2.5,160.5,88,82,16,24,26,22,15,16,22,29,0,ESPN BET
wnba,2025,2,2025-05-25,401736136,Washington Mystics,Phoenix Mercury,0,-5.5,162.5,62,68,15,7,22,18,13,19,14,22,0,ESPN BET
wnba,2025,2,2025-05-24,401736133,Dallas Wings,Atlanta Dream,0,-6.5,169.5,75,83,18,12,20,25,17,20,31,15,0,ESPN BET
wnba,2025,2,2025-05-25,401736137,Las Vegas Aces,Seattle Storm,0,5.5,158.5,82,102,20,16,23,23,34,24,22,22,0,ESPN BET
wnba,2025,2,2025-05-27,401736138,Dallas Wings,Connecticut Sun,0,4.5,163.5,109,87,23,33,32,21,24,18,32,13,0,ESPN BET
wnba,2025,2,2025-05-25,401736134,Connecticut Sun,Atlanta Dream,0,-7.5,158.5,55,79,16,17,15,7,21,16,26,16,0,ESPN BET
wnba,2025,2,2025-05-28,401736143,Indiana Fever,Washington Mystics,0,3.5,165.5,77,83,23,17,13,24,19,25,16,23,0,ESPN BET
wnba,2025,2,2025-05-29,401736145,Dallas Wings,Chicago Sky,0,-0.5,173.5,92,97,19,24,30,19,29,20,19,29,0,ESPN BET
wnba,2025,2,2025-05-30,401736146,Connecticut Sun,Indiana Fever,0,-11.5,158.5,85,83,21,22,25,17,23,16,20,24,0,ESPN BET
wnba,2025,2,2025-05-30,401736148,Los Angeles Sparks,Las Vegas Aces,0,-10.5,166.5,81,96,21,21,17,22,28,29,23,16,0,ESPN BET
wnba,2025,2,2025-05-29,401736144,Golden State Valkyries,New York Liberty,0,-14.5,164.5,77,82,18,19,19,21,20,17,20,25,0,ESPN BET
wnba,2025,2,2025-05-30,401736147,New York Liberty,Washington Mystics,0,8.5,164.5,85,63,27,17,22,19,17,15,16,15,0,ESPN BET
wnba,2025,2,2025-05-30,401736149,Minnesota Lynx,Phoenix Mercury,0,4.5,159.5,74,71,20,18,15,21,17,22,19,13,0,ESPN BET
wnba,2025,2,2025-05-30,401736150,Atlanta Dream,Seattle Storm,0,-4.5,156.5,94,87,15,19,29,31,23,22,21,21,0,ESPN BET
wnba,2025,2,2025-05-31,401736151,Chicago Sky,Dallas Wings,0,-2.5,172.5,94,83,23,23,20,28,22,21,16,24,0,ESPN BET
wnba,2025,2,2025-06-03,401736157,Phoenix Mercury,Minnesota Lynx,0,-12.5,159.5,65,88,23,12,14,16,19,25,23,21,0,ESPN BET
wnba,2025,2,2025-06-01,401736154,Las Vegas Aces,Seattle Storm,0,2.5,160.5,75,70,27,17,17,14,17,15,15,23,0,ESPN BET
wnba,2025,2,2025-06-01,401736152,Connecticut Sun,New York Liberty,0,-18.5,163.5,52,100,13,15,8,16,31,29,30,10,0,ESPN BET
wnba,2025,2,2025-06-05,401736159,New York Liberty,Washington Mystics,0,12.5,160.5,86,78,17,32,24,13,22,12,23,21,0,ESPN BET
wnba,2025,2,2025-06-03,401736156,Washington Mystics,Indiana Fever,0,-4.5,161.5,76,85,18,16,21,21,19,19,31,16,0,ESPN BET
wnba,2025,2,2025-06-01,401736153,Phoenix Mercury,Los Angeles Sparks,0,-4.5,165.5,85,80,17,20,24,24,27,23,9,21,0,ESPN BET
wnba,2025,2,2025-06-01,401736155,Minnesota Lynx,Golden State Valkyries,0,14.5,158.5,86,75,27,24,17,18,23,29,8,15,0,ESPN BET
wnba,2025,2,2025-06-03,401736158,Dallas Wings,Seattle Storm,0,-9.5,166.5,77,83,20,18,17,22,19,11,24,29,0,ESPN BET
wnba,2025,2,2025-06-06,401736161,Atlanta Dream,Connecticut Sun,0,11.5,159.5,76,84,17,18,26,15,13,23,26,22,0,ESPN BET
wnba,2025,2,2025-06-07,401736164,Indiana Fever,Chicago Sky,0,3.5,166.5,79,52,21,20,27,11,13,15,11,13,0,ESPN BET
wnba,2025,2,2025-06-07,401736163,Las Vegas Aces,Golden State Valkyries,0,12.5,160.5,68,95,13,15,21,19,15,34,22,24,0,ESPN BET
wnba,2025,2,2025-06-07,401736165,Seattle Storm,Phoenix Mercury,0,5.5,156.5,89,77,24,22,19,24,19,24,18,16,0,ESPN BET
wnba,2025,2,2025-06-05,401736160,Golden State Valkyries,Phoenix Mercury,0,-6.5,157.5,77,86,16,22,23,16,21,16,24,25,0,ESPN BET
wnba,2025,2,2025-06-06,401736162,Los Angeles Sparks,Dallas Wings,0,2.5,173.5,93,79,21,24,22,26,17,23,15,24,0,ESPN BET
wnba,2025,2,2025-06-08,401736166,Connecticut Sun,Washington Mystics,0,-7.5,156.5,67,104,21,15,17,14,28,22,28,26,0,ESPN BET
wnba,2025,2,2025-06-08,401736167,Minnesota Lynx,Dallas Wings,0,13.5,166.5,81,65,24,22,11,24,14,25,17,9,0,ESPN BET
wnba,2025,2,2025-06-13,401736175,Dallas Wings,Las Vegas Aces,0,-5.5,170.5,84,88,18,22,30,14,24,25,15,24,0,ESPN BET
wnba,2025,2,2025-06-11,401736173,Minnesota Lynx,Seattle Storm,0,3.5,154.5,84,94,27,22,16,19,32,16,20,26,0,ESPN BET
wnba,2025,2,2025-06-13,401736174,Chicago Sky,Atlanta Dream,0,-12.5,158.5,70,88,12,27,15,16,15,23,20,30,0,ESPN BET
wnba,2025,2,2025-06-09,401736168,Golden State Valkyries,Los Angeles Sparks,0,-7.5,163.5,89,81,25,15,25,13,23,21,21,13,1,ESPN BET
wnba,2025,2,2025-06-11,401736171,Los Angeles Sparks,Las Vegas Aces,0,-8.5,168.5,97,89,29,21,21,26,17,24,24,24,0,ESPN BET
wnba,2025,2,2025-06-11,401736172,Dallas Wings,Phoenix Mercury,0,-6.5,167.5,80,93,20,16,21,23,21,21,25,26,0,ESPN BET
wnba,2025,2,2025-06-10,401736170,Chicago Sky,New York Liberty,0,-16.5,164.5,66,85,15,17,10,24,26,26,18,15,0,ESPN BET
wnba,2025,2,2025-06-10,401736169,Indiana Fever,Atlanta Dream,0,-5.5,161.5,58,77,19,14,9,16,22,11,23,21,0,ESPN BET
wnba,2025,2,2025-06-14,401736177,New York Liberty,Indiana Fever,0,3.5,169.5,88,102,26,24,21,17,24,29,27,22,0,ESPN BET
wnba,2025,2,2025-06-15,401736181,Phoenix Mercury,Las Vegas Aces,0,4.5,164.5,76,70,20,23,17,16,20,19,15,16,0,ESPN BET
wnba,2025,2,2025-06-14,401736176,Los Angeles Sparks,Minnesota Lynx,0,-11.5,163.5,78,101,15,11,25,27,34,24,20,23,0,ESPN BET
wnba,2025,2,2025-06-14,401736178,Seattle Storm,Golden State Valkyries,0,9.5,154.5,70,76,15,16,19,20,21,23,20,12,0,ESPN BET
wnba,2025,2,2025-06-15,401736180,Atlanta Dream,Washington Mystics,0,4.5,158.5,89,56,16,29,23,21,13,21,10,12,0,ESPN BET
wnba,2025,2,2025-06-15,401736179,Chicago Sky,Connecticut Sun,0,-1.5,157.5,78,66,14,24,21,19,16,20,18,12,0,ESPN BET
wnba,2025,2,2025-06-17,401736183,Atlanta Dream,New York Liberty,0,-8.5,162.5,81,86,20,23,25,13,24,16,20,26,0,ESPN BET
wnba,2025,2,2025-06-17,401736182,Connecticut Sun,Indiana Fever,0,-17.5,165.5,71,88,23,16,13,19,24,23,21,20,0,ESPN BET
wnba,2025,2,2025-06-17,401736186,Las Vegas Aces,Minnesota Lynx,0,-12.5,160.5,62,76,18,21,13,10,15,15,26,20,0,ESPN BET
wnba,2025,2,2025-06-20,401736191,Washington Mystics,Atlanta Dream,0,-9.5,157.5,91,92,22,16,22,31,24,23,25,20,0,ESPN BET
wnba,2025,2,2025-06-17,401736184,Washington Mystics,Chicago Sky,0,4.5,155.5,79,72,11,21,24,23,26,18,12,16,0,ESPN BET
wnba,2025,2,2025-06-19,401736189,Phoenix Mercury,New York Liberty,0,-11.5,163.5,89,81,15,26,23,25,17,21,27,16,0,ESPN BET
wnba,2025,2,2025-06-18,401736188,Phoenix Mercury,Connecticut Sun,0,14.5,157.5,83,75,22,26,16,19,9,27,17,22,0,ESPN BET
wnba,2025,2,2025-06-17,401736185,Golden State Valkyries,Dallas Wings,0,-3.5,164.5,71,80,16,20,21,14,23,16,19,22,0,ESPN BET
wnba,2025,2,2025-06-19,401736190,Indiana Fever,Golden State Valkyries,0,11.5,164.5,77,88,21,23,15,18,12,26,17,33,0,ESPN BET
wnba,2025,2,2025-06-17,401736187,Seattle Storm,Los Angeles Sparks,0,8.5,156.5,98,67,26,21,28,23,19,18,14,16,0,ESPN BET
wnba,2025,2,2025-06-20,401736192,Dallas Wings,Connecticut Sun,0,4.5,164.5,86,83,21,21,23,21,15,25,24,19,0,ESPN BET
wnba,2025,2,2025-06-21,401736194,Phoenix Mercury,Chicago Sky,0,10.5,160.5,107,86,31,27,34,15,18,25,15,28,0,ESPN BET
wnba,2025,2,2025-06-22,401736197,Dallas Wings,Washington Mystics,0,-5.5,167.5,88,91,14,31,24,15,27,13,22,22,1,ESPN BET
wnba,2025,2,2025-06-21,401736195,Los Angeles Sparks,Minnesota Lynx,0,-8.5,162.5,66,82,16,19,19,12,21,13,23,25,0,ESPN BET
wnba,2025,2,2025-06-22,401736196,Chicago Sky,Atlanta Dream,0,-16.5,159.5,80,93,19,26,24,11,25,21,23,24,0,ESPN BET
wnba,2025,2,2025-06-20,401736193,Seattle Storm,Las Vegas Aces,0,-2.5,160.5,90,83,23,15,29,23,21,24,21,17,0,ESPN BET
wnba,2025,2,2025-06-22,401736198,Indiana Fever,Las Vegas Aces,0,-0.5,171.5,81,89,21,21,19,20,20,16,22,31,0,ESPN BET
wnba,2025,2,2025-06-22,401736199,New York Liberty,Seattle Storm,0,-3.5,160.5,79,89,22,20,19,18,22,21,25,21,0,ESPN BET
wnba,2025,2,2025-06-22,401736200,Connecticut Sun,Golden State Valkyries,0,-9.5,153.5,63,87,20,12,13,18,23,36,14,14,0,ESPN BET
wnba,2025,2,2025-06-26,401736208,Washington Mystics,Las Vegas Aces,0,-8.5,160.5,94,83,29,24,26,15,25,19,17,22,0,ESPN BET
wnba,2025,2,2025-06-25,401736205,New York Liberty,Golden State Valkyries,0,9.5,163.5,81,78,29,17,18,17,32,11,18,17,0,ESPN BET
wnba,2025,2,2025-06-24,401736204,Indiana Fever,Seattle Storm,0,-3.5,168.5,94,86,27,18,30,19,24,15,19,28,0,ESPN BET
wnba,2025,2,2025-06-24,401736203,Atlanta Dream,Dallas Wings,0,8.5,169.5,55,68,10,19,11,15,19,12,19,18,0,ESPN BET
wnba,2025,2,2025-06-25,401736206,Connecticut Sun,Las Vegas Aces,0,-19.5,160.5,59,85,6,23,17,13,21,19,28,17,0,ESPN BET
wnba,2025,2,2025-06-24,401736201,Minnesota Lynx,Washington Mystics,0,8.5,156.5,64,68,22,15,18,9,20,19,15,14,0,ESPN BET
wnba,2025,2,2025-06-26,401736207,Los Angeles Sparks,Indiana Fever,0,-6.5,168.5,85,75,20,10,20,35,19,15,24,17,0,ESPN BET
wnba,2025,2,2025-06-24,401736202,Los Angeles Sparks,Chicago Sky,0,5.5,166.5,86,97,29,19,21,17,17,25,25,30,0,ESPN BET
wnba,2025,2,2025-06-27,401736210,Indiana Fever,Dallas Wings,0,1.5,167.5,94,86,33,23,18,20,13,30,26,17,0,ESPN BET
wnba,2025,2,2025-06-27,401736211,Chicago Sky,Golden State Valkyries,0,-8.5,157.5,78,83,22,12,20,24,20,19,17,27,0,ESPN BET
wnba,2025,2,2025-06-27,401736209,Minnesota Lynx,Atlanta Dream,0,3.5,156.5,96,92,28,24,17,17,20,27,21,18,1,ESPN BET
wnba,2025,2,2025-06-27,401736212,New York Liberty,Phoenix Mercury,0,-1.5,168.5,91,106,19,24,27,21,28,33,27,18,0,ESPN BET
wnba,2025,2,2025-06-28,401736214,Washington Mystics,Dallas Wings,0,7.5,160.5,71,79,9,22,25,15,28,17,19,15,0,ESPN BET
wnba,2025,2,2025-06-27,401736213,Connecticut Sun,Seattle Storm,0,-19.5,156.5,81,97,19,19,17,26,24,28,30,15,0,ESPN BET
wnba,2025,2,2025-06-29,401736216,Chicago Sky,Los Angeles Sparks,0,-7.5,167.5,92,85,17,23,21,31,18,16,28,23,0,ESPN BET
wnba,2025,2,2025-06-29,401736215,New York Liberty,Atlanta Dream,0,-1.5,165.5,81,90,19,15,19,28,29,18,16,27,0,ESPN BET
wnba,2025,2,2025-06-29,401736219,Seattle Storm,Golden State Valkyries,0,4.5,158.5,57,84,14,13,17,13,23,11,31,19,0,ESPN BET
wnba,2025,2,2025-07-03,401736221,Los Angeles Sparks,New York Liberty,0,-10.5,170.5,79,89,20,21,18,20,21,16,32,20,0,ESPN BET
wnba,2025,2,2025-07-03,401736223,Phoenix Mercury,Dallas Wings,0,11.5,165.5,89,98,20,23,28,18,32,29,21,16,0,ESPN BET
wnba,2025,2,2025-07-03,401736220,Las Vegas Aces,Indiana Fever,0,4.5,163.5,54,81,14,10,23,7,21,25,22,13,0,ESPN BET
wnba,2025,2,2025-07-03,401736222,Seattle Storm,Atlanta Dream,0,-1.5,157.5,80,79,15,24,20,21,13,24,19,23,0,ESPN BET
wnba,2025,2,2025-06-29,401736218,Connecticut Sun,Minnesota Lynx,0,-20.5,154.5,63,102,17,9,15,22,27,23,27,25,0,ESPN BET
wnba,2025,2,2025-07-01,401736430,Indiana Fever,Minnesota Lynx,0,-10.5,159.5,74,59,12,20,20,22,20,7,15,17,0,ESPN BET
wnba,2025,2,2025-06-29,401736217,Las Vegas Aces,Phoenix Mercury,0,-5.5,167.5,84,81,15,25,19,25,21,19,10,31,0,ESPN BET
wnba,2025,2,2025-07-03,401736224,Washington Mystics,Minnesota Lynx,0,-11.5,156.5,75,92,24,14,14,23,16,27,27,22,0,ESPN BET
wnba,2025,2,2025-07-05,401736225,Los Angeles Sparks,Indiana Fever,0,-5.5,163.5,89,87,21,21,28,19,23,22,24,18,0,ESPN BET
wnba,2025,2,2025-07-05,401736226,Golden State Valkyries,Minnesota Lynx,0,-9.5,155.5,71,82,18,18,24,11,25,16,28,13,0,ESPN BET
wnba,2025,2,2025-07-06,401736227,Las Vegas Aces,Connecticut Sun,0,17.5,156.5,86,68,16,27,27,16,12,16,22,18,0,ESPN BET
wnba,2025,2,2025-07-06,401736229,Chicago Sky,Minnesota Lynx,0,-14.5,161.5,75,80,24,13,15,23,10,28,18,24,0,ESPN BET
wnba,2025,2,2025-07-06,401736228,Seattle Storm,New York Liberty,0,-5.5,167.5,79,70,22,19,22,16,18,26,6,20,0,ESPN BET
wnba,2025,2,2025-07-07,401736231,Dallas Wings,Phoenix Mercury,0,-5.5,163.5,72,102,19,20,17,16,28,24,30,20,0,ESPN BET
wnba,2025,2,2025-07-07,401736230,Golden State Valkyries,Atlanta Dream,0,-7.5,157.5,81,90,26,19,23,13,16,27,21,26,0,ESPN BET
wnba,2025,2,2025-07-08,401736232,Chicago Sky,Washington Mystics,0,-6.5,159.5,79,81,19,16,19,25,22,18,16,25,0,ESPN BET
wnba,2025,2,2025-07-09,401736235,Golden State Valkyries,Indiana Fever,0,-6.5,164.5,80,61,21,20,23,16,23,9,19,10,0,ESPN BET
wnba,2025,2,2025-07-09,401736236,Minnesota Lynx,Phoenix Mercury,0,7.5,160.5,71,79,19,18,20,14,15,25,12,27,0,ESPN BET
wnba,2025,2,2025-07-08,401736233,Las Vegas Aces,New York Liberty,0,-4.5,165.5,78,87,16,26,18,18,19,21,22,25,0,ESPN BET
wnba,2025,2,2025-07-09,401736234,Seattle Storm,Connecticut Sun,0,16.5,155.5,83,93,27,22,25,9,18,23,25,27,0,ESPN BET
wnba,2025,2,2025-07-10,401736238,Minnesota Lynx,Los Angeles Sparks,0,7.5,165.5,91,82,22,28,30,11,26,14,19,23,0,ESPN BET
wnba,2025,2,2025-07-09,401736237,Dallas Wings,Chicago Sky,0,-1.5,166.5,76,87,18,19,25,14,19,26,26,16,0,ESPN BET
wnba,2025,2,2025-07-10,401736239,Las Vegas Aces,Washington Mystics,0,-2.5,157.5,68,70,15,25,15,13,15,12,23,20,0,ESPN BET
wnba,2025,2,2025-07-11,401736240,Atlanta Dream,Indiana Fever,0,-1.5,167.5,82,99,23,22,20,17,21,19,29,30,0,ESPN BET
wnba,2025,2,2025-07-12,401736243,Golden State Valkyries,Las Vegas Aces,0,-5.5,156.5,102,104,21,25,26,30,23,22,31,28,0,ESPN BET
wnba,2025,2,2025-07-11,401736241,Connecticut Sun,Seattle Storm,0,-18.5,157.5,65,79,16,17,19,13,10,21,24,24,0,ESPN BET
wnba,2025,2,2025-07-13,401736245,Atlanta Dream,New York Liberty,0,-5.5,164.5,72,79,26,16,11,19,13,18,24,24,0,ESPN BET
wnba,2025,2,2025-07-13,401736244,Dallas Wings,Indiana Fever,0,-9.5,174.5,83,102,27,15,21,20,28,36,20,18,0,ESPN BET
wnba,2025,2,2025-07-12,401736242,Minnesota Lynx,Chicago Sky,0,11.5,161.5,81,87,23,21,23,14,29,28,16,14,0,ESPN BET
wnba,2025,2,2025-07-13,401736246,Connecticut Sun,Los Angeles Sparks,0,-10.5,164.5,88,92,30,19,18,21,27,20,22,23,0,ESPN BET
wnba,2025,2,2025-07-13,401736247,Washington Mystics,Seattle Storm,0,-7.5,156.5,74,69,16,15,16,27,10,18,27,14,0,ESPN BET
wnba,2025,2,2025-07-14,401736248,Minnesota Lynx,Chicago Sky,0,11.5,161.5,91,78,28,16,24,23,24,22,17,15,0,ESPN BET
wnba,2025,2,2025-07-14,401736249,Phoenix Mercury,Golden State Valkyries,0,-2.5,158.5,78,77,16,20,23,19,20,12,26,19,0,ESPN BET
wnba,2025,2,2025-07-15,401736251,Washington Mystics,Los Angeles Sparks,0,-1.5,165.5,80,99,22,12,23,23,26,33,20,20,0,ESPN BET
wnba,2025,2,2025-07-16,401736252,Atlanta Dream,Chicago Sky,0,9.5,159.5,86,49,23,18,33,12,10,13,13,13,0,ESPN BET
wnba,2025,2,2025-07-15,401736250,Indiana Fever,Connecticut Sun,0,15.5,166.5,85,77,29,15,18,23,28,14,18,17,0,ESPN BET
wnba,2025,2,2025-07-16,401736253,Phoenix Mercury,Minnesota Lynx,0,-10.5,158.5,66,79,10,23,16,17,21,16,27,15,0,ESPN BET
wnba,2025,2,2025-07-16,401736254,Golden State Valkyries,Seattle Storm,0,-5.5,156.5,58,67,15,16,13,14,14,17,17,19,0,ESPN BET
wnba,2025,2,2025-07-16,401736255,Indiana Fever,New York Liberty,0,-9.5,163.5,77,98,24,14,19,20,32,21,21,24,0,ESPN BET
wnba,2025,2,2025-07-16,401736256,Las Vegas Aces,Dallas Wings,0,6.5,170.5,90,86,22,25,25,18,22,19,11,34,0,ESPN BET
wnba,2025,2,2025-07-22,401736258,Indiana Fever,New York Liberty,0,-9.5,163.5,84,98,22,24,21,17,23,19,27,29,0,ESPN BET
wnba,2025,2,2025-07-22,401736259,Chicago Sky,Minnesota Lynx,0,-15.5,159.5,68,91,24,14,12,18,18,29,23,21,0,ESPN BET
wnba,2025,2,2025-07-22,401736257,Los Angeles Sparks,Washington Mystics,0,-2.5,168.5,93,86,16,24,27,26,26,9,32,19,0,ESPN BET
wnba,2025,2,2025-07-22,401736260,Atlanta Dream,Las Vegas Aces,0,-2.5,162.5,72,87,27,12,20,13,20,25,22,20,0,ESPN BET
wnba,2025,2,2025-07-23,401736262,Atlanta Dream,Phoenix Mercury,0,-7.5,164.5,90,79,26,13,26,25,17,17,22,23,0,ESPN BET
wnba,2025,2,2025-07-22,401736261,Dallas Wings,Seattle Storm,0,-6.5,162.5,87,63,15,19,32,21,19,17,15,12,0,ESPN BET
wnba,2025,2,2025-07-24,401736264,Las Vegas Aces,Indiana Fever,0,1.5,164.5,70,80,18,23,15,14,18,17,27,18,0,ESPN BET
wnba,2025,2,2025-07-24,401736263,Los Angeles Sparks,Connecticut Sun,0,5.5,169.5,101,86,22,23,32,24,27,17,24,18,0,ESPN BET
wnba,2025,2,2025-07-26,401736271,Seattle Storm,Washington Mystics,0,4.5,154.5,58,69,21,14,10,13,16,24,20,9,0,ESPN BET
wnba,2025,2,2025-07-25,401736267,Las Vegas Aces,Minnesota Lynx,0,-9.5,163.5,78,109,18,17,26,17,27,24,34,24,0,ESPN BET
wnba,2025,2,2025-07-26,401736270,Los Angeles Sparks,New York Liberty,0,-10.5,176.5,101,99,35,23,16,27,20,25,24,30,0,ESPN BET
wnba,2025,2,2025-07-24,401736265,Seattle Storm,Chicago Sky,0,11.5,155.5,95,57,26,13,31,25,18,8,17,14,0,ESPN BET
wnba,2025,2,2025-07-25,401736268,Dallas Wings,Golden State Valkyries,0,-3.5,163.5,76,86,21,15,24,16,10,20,33,23,0,ESPN BET
wnba,2025,2,2025-07-25,401736266,Phoenix Mercury,New York Liberty,0,-5.5,171.5,76,89,27,19,13,17,23,23,21,22,0,ESPN BET
wnba,2025,2,2025-07-27,401736272,Golden State Valkyries,Connecticut Sun,0,4.5,156.5,64,95,15,18,16,15,23,26,26,20,0,ESPN BET
wnba,2025,2,2025-07-27,401736269,Indiana Fever,Chicago Sky,0,10.5,156.5,93,78,26,25,24,18,13,26,22,17,0,ESPN BET
wnba,2025,2,2025-07-27,401736273,Las Vegas Aces,Dallas Wings,0,8.5,167.5,106,80,27,29,17,33,27,17,14,22,0,ESPN BET
wnba,2025,2,2025-07-27,401736274,Phoenix Mercury,Washington Mystics,0,7.5,162.5,88,72,21,21,26,20,23,23,12,14,0,ESPN BET
wnba,2025,2,2025-07-28,401736276,Seattle Storm,Connecticut Sun,0,10.5,157.5,101,85,27,30,30,14,21,25,12,27,0,ESPN BET
wnba,2025,2,2025-07-27,401736275,Atlanta Dream,Minnesota Lynx,0,-8.5,159.5,90,86,22,24,14,30,19,13,22,32,0,ESPN BET
wnba,2025,2,2025-07-29,401736279,Chicago Sky,Washington Mystics,0,-7.5,158.5,86,103,27,20,22,17,30,25,25,23,0,ESPN BET
wnba,2025,2,2025-07-28,401736277,New York Liberty,Dallas Wings,0,8.5,173.5,82,92,19,17,26,20,31,32,22,7,0,ESPN BET
wnba,2025,2,2025-07-29,401736280,Las Vegas Aces,Los Angeles Sparks,0,1.5,175.5,89,74,31,17,22,19,18,16,19,21,0,ESPN BET
wnba,2025,2,2025-07-29,401736278,Golden State Valkyries,Atlanta Dream,0,-8.5,155.5,77,75,20,19,30,8,16,23,17,19,0,ESPN BET
wnba,2025,2,2025-08-01,401736285,Phoenix Mercury,Atlanta Dream,0,3.5,167.5,72,95,23,19,8,22,34,24,26,11,0,ESPN BET
wnba,2025,2,2025-07-30,401736281,Phoenix Mercury,Indiana Fever,0,3.5,167.5,101,107,30,20,22,29,20,35,19,33,0,ESPN BET
wnba,2025,2,2025-07-30,401736283,New York Liberty,Minnesota Lynx,0,-7.5,167.5,93,100,24,18,20,31,24,27,17,32,0,ESPN BET
wnba,2025,2,2025-08-01,401736286,New York Liberty,Connecticut Sun,0,11.5,171.5,62,78,20,17,18,7,15,29,20,14,0,ESPN BET
wnba,2025,2,2025-07-31,401736284,Golden State Valkyries,Washington Mystics,0,-4.5,153.5,68,67,30,16,16,6,20,14,21,12,0,ESPN BET
wnba,2025,2,2025-07-30,401736282,Atlanta Dream,Dallas Wings,0,2.5,167.5,88,85,26,18,18,26,21,19,24,21,0,ESPN BET
wnba,2025,2,2025-08-02,401736290,Minnesota Lynx,Las Vegas Aces,0,4.5,167.5,111,58,35,32,25,19,17,16,16,9,0,ESPN BET
wnba,2025,2,2025-08-01,401736287,Golden State Valkyries,Chicago Sky,0,3.5,153.5,73,66,14,23,15,21,15,22,17,12,0,ESPN BET
wnba,2025,2,2025-08-03,401736291,Washington Mystics,Atlanta Dream,0,-5.5,156.5,83,99,23,16,21,23,12,28,31,28,0,ESPN BET
wnba,2025,2,2025-08-01,401736289,Los Angeles Sparks,Seattle Storm,0,-4.5,169.5,108,106,18,18,23,27,16,23,27,20,2,ESPN BET
wnba,2025,2,2025-08-03,401736292,New York Liberty,Connecticut Sun,0,11.5,171.5,87,78,25,20,21,21,19,19,19,21,0,ESPN BET
wnba,2025,2,2025-08-01,401736288,Indiana Fever,Dallas Wings,0,3.5,175.5,88,78,22,26,22,18,22,20,15,21,0,ESPN BET
wnba,2025,2,2025-08-03,401736295,Indiana Fever,Seattle Storm,0,-2.5,164.5,78,74,17,25,16,20,16,18,20,20,0,ESPN BET
wnba,2025,2,2025-08-03,401736294,Golden State Valkyries,Las Vegas Aces,0,-8.5,157.5,77,101,14,11,25,27,27,23,26,25,0,ESPN BET
wnba,2025,2,2025-08-05,401736296,Dallas Wings,New York Liberty,0,-11.5,176.5,76,85,15,20,18,23,24,13,23,25,0,ESPN BET
wnba,2025,2,2025-08-03,401736293,Phoenix Mercury,Chicago Sky,0,12.5,164.5,83,67,13,29,27,14,19,15,17,16,0,ESPN BET
wnba,2025,2,2025-08-05,401736297,Washington Mystics,Chicago Sky,0,5.5,157.5,64,78,10,18,18,18,25,10,26,17,0,ESPN BET
wnba,2025,2,2025-08-05,401736298,Indiana Fever,Los Angeles Sparks,0,2.5,178.5,91,100,27,16,21,27,26,28,22,24,0,ESPN BET
wnba,2025,2,2025-08-07,401736302,Atlanta Dream,Chicago Sky,0,11.5,160.5,86,65,15,13,32,26,18,16,18,13,0,ESPN BET
wnba,2025,2,2025-08-05,401736299,Connecticut Sun,Phoenix Mercury,0,-14.5,168.5,66,82,6,22,20,18,26,18,20,18,0,ESPN BET
wnba,2025,2,2025-08-06,401736301,Las Vegas Aces,Golden State Valkyries,0,5.5,159.5,78,72,16,27,21,14,14,24,16,18,0,ESPN BET
wnba,2025,2,2025-08-05,401736300,Minnesota Lynx,Seattle Storm,0,-1.5,156.5,91,87,20,15,28,28,19,24,21,23,0,ESPN BET
wnba,2025,2,2025-08-07,401736303,Connecticut Sun,Los Angeles Sparks,0,-9.5,174.5,91,102,29,22,18,22,27,22,25,28,0,ESPN BET
wnba,2025,2,2025-08-07,401736304,Indiana Fever,Phoenix Mercury,0,-4.5,172.5,60,95,16,20,11,13,26,21,26,22,0,ESPN BET
wnba,2025,2,2025-08-08,401736305,New York Liberty,Dallas Wings,0,10.5,170.5,88,77,28,22,14,24,15,19,23,20,0,ESPN BET
wnba,2025,2,2025-08-08,401736306,Washington Mystics,Minnesota Lynx,0,-10.5,157.5,76,80,22,13,20,21,15,23,20,22,0,ESPN BET
wnba,2025,2,2025-08-09,401736309,Chicago Sky,Indiana Fever,0,-10.5,164.5,70,92,16,21,17,16,25,23,26,18,0,ESPN BET
wnba,2025,2,2025-08-08,401736307,Seattle Storm,Las Vegas Aces,0,-1.5,164.5,86,90,17,19,27,23,23,24,24,19,0,ESPN BET
wnba,2025,2,2025-08-10,401736310,Minnesota Lynx,New York Liberty,0,-4.5,167.5,83,71,25,11,30,17,24,14,19,14,0,ESPN BET
wnba,2025,2,2025-08-09,401736308,Los Angeles Sparks,Golden State Valkyries,0,4.5,165.5,59,72,14,9,25,11,19,14,23,16,0,ESPN BET
wnba,2025,2,2025-08-10,401736313,Atlanta Dream,Phoenix Mercury,0,-3.5,166.5,74,66,24,15,14,21,19,15,16,16,0,ESPN BET
wnba,2025,2,2025-08-10,401736311,Washington Mystics,Dallas Wings,0,-4.5,163.5,91,78,18,12,33,28,23,18,17,20,0,ESPN BET
wnba,2025,2,2025-08-10,401736312,Seattle Storm,Los Angeles Sparks,0,4.5,172.5,91,94,26,19,24,22,14,32,22,26,0,ESPN BET
wnba,2025,2,2025-08-11,401736315,Connecticut Sun,Golden State Valkyries,0,-9.5,154.5,57,74,10,16,18,13,14,18,23,19,0,ESPN BET
wnba,2025,2,2025-08-12,401736316,Dallas Wings,Indiana Fever,0,-9.5,169.5,81,80,23,19,25,14,15,27,13,25,0,ESPN BET
wnba,2025,2,2025-08-13,401736319,Golden State Valkyries,Washington Mystics,0,1.5,149.5,88,83,30,16,24,18,12,16,24,31,0,ESPN BET
wnba,2025,2,2025-08-10,401736314,Connecticut Sun,Las Vegas Aces,0,-11.5,167.5,86,94,31,14,17,24,27,18,25,24,0,ESPN BET
wnba,2025,2,2025-08-12,401736317,New York Liberty,Los Angeles Sparks,0,4.5,176.5,105,97,28,22,28,27,30,14,28,25,0,ESPN BET
wnba,2025,2,2025-08-13,401736318,Chicago Sky,Connecticut Sun,0,-3.5,159.5,62,71,18,10,17,17,21,21,18,11,0,ESPN BET
wnba,2025,2,2025-08-13,401736320,New York Liberty,Las Vegas Aces,0,-2.5,171.5,77,83,24,19,20,14,20,20,21,22,0,ESPN BET
wnba,2025,2,2025-08-15,401736322,Washington Mystics,Indiana Fever,0,-8.5,163.5,88,84,16,24,22,26,23,22,19,20,0,ESPN BET
wnba,2025,2,2025-08-13,401736321,Atlanta Dream,Seattle Storm,0,-2.5,160.5,85,75,24,17,27,17,18,21,15,21,0,ESPN BET
wnba,2025,2,2025-08-15,401736324,Los Angeles Sparks,Dallas Wings,0,5.5,178.5,97,96,32,21,27,17,27,23,18,28,0,ESPN BET
wnba,2025,2,2025-08-15,401736323,Golden State Valkyries,Chicago Sky,0,7.5,148.5,90,59,27,15,27,21,23,17,9,10,0,ESPN BET
wnba,2025,2,2025-08-15,401736325,Seattle Storm,Atlanta Dream,1,-1.5,158.5,80,78,21,19,27,13,20,14,21,23,0,ESPN BET
wnba,2025,2,2025-08-15,401736326,Las Vegas Aces,Phoenix Mercury,0,-4.5,167.5,86,83,15,26,19,26,17,25,17,24,0,ESPN BET
wnba,2025,2,2025-08-16,401736327,New York Liberty,Minnesota Lynx,0,-1.5,166.5,80,86,12,21,28,19,21,17,22,26,0,ESPN BET
wnba,2025,2,2025-08-17,401736329,Indiana Fever,Connecticut Sun,0,6.5,167.5,99,93,11,18,23,32,24,24,15,21,1,ESPN BET
wnba,2025,2,2025-08-17,401736328,Los Angeles Sparks,Washington Mystics,0,3.5,172.5,86,95,18,23,24,21,23,30,24,18,0,ESPN BET
wnba,2025,2,2025-08-17,401736332,Atlanta Dream,Golden State Valkyries,0,4.5,151.5,79,63,12,13,28,26,15,10,17,21,0,ESPN BET
wnba,2025,2,2025-08-17,401736330,Dallas Wings,Las Vegas Aces,0,-10.5,171.5,87,106,27,17,22,21,31,24,26,25,0,ESPN BET
wnba,2025,2,2025-08-19,401736334,Connecticut Sun,Washington Mystics,0,-5.5,158.5,80,69,21,26,15,18,23,12,16,18,0,ESPN BET
wnba,2025,2,2025-08-17,401736331,Phoenix Mercury,Seattle Storm,0,-1.5,163.5,85,82,20,23,24,18,17,20,23,22,0,ESPN BET
wnba,2025,2,2025-08-19,401736333,Minnesota Lynx,New York Liberty,0,-3.5,166.5,75,85,20,17,23,15,24,24,18,19,0,ESPN BET
wnba,2025,2,2025-08-19,401736335,Seattle Storm,Chicago Sky,0,10.5,158.5,94,88,20,26,20,28,20,14,16,38,0,ESPN BET
wnba,2025,2,2025-08-20,401736338,Dallas Wings,Los Angeles Sparks,0,-7.5,182.5,80,81,16,21,29,14,18,26,15,22,0,ESPN BET
wnba,2025,2,2025-08-21,401736339,Washington Mystics,Connecticut Sun,0,2.5,158.5,56,67,11,15,19,11,16,17,23,11,0,ESPN BET
wnba,2025,2,2025-08-19,401736336,Atlanta Dream,Las Vegas Aces,0,-2.5,167.5,72,74,19,21,21,11,18,23,16,17,0,ESPN BET
wnba,2025,2,2025-08-19,401736337,Phoenix Mercury,Golden State Valkyries,0,6.5,155.5,98,91,28,19,21,30,31,28,14,18,0,ESPN BET
wnba,2025,2,2025-08-21,401736340,Chicago Sky,New York Liberty,0,-15.5,163.5,91,85,22,22,21,26,23,23,22,17,0,ESPN BET
wnba,2025,2,2025-08-21,401736342,Phoenix Mercury,Las Vegas Aces,0,-1.5,170.5,61,83,17,12,17,15,23,20,16,24,0,ESPN BET
wnba,2025,2,2025-08-21,401736341,Minnesota Lynx,Atlanta Dream,0,-0.5,160.5,73,75,24,16,20,13,25,17,12,21,0,ESPN BET
wnba,2025,2,2025-08-22,401736343,Minnesota Lynx,Indiana Fever,0,4.5,164.5,95,90,22,28,32,13,27,25,17,21,0,ESPN BET
wnba,2025,2,2025-08-22,401736345,Golden State Valkyries,Phoenix Mercury,0,-8.5,157.5,72,81,15,16,23,18,17,24,26,14,0,ESPN BET
wnba,2025,2,2025-08-23,401736348,Connecticut Sun,Chicago Sky,0,-2.5,157.5,94,84,28,27,18,21,13,28,20,23,0,ESPN BET
wnba,2025,2,2025-08-22,401736344,Seattle Storm,Dallas Wings,0,8.5,168.5,95,60,28,20,19,28,16,18,11,15,0,ESPN BET
wnba,2025,2,2025-08-23,401736346,New York Liberty,Atlanta Dream,0,-6.5,160.5,62,78,14,15,15,18,24,24,16,14,0,ESPN BET
wnba,2025,2,2025-08-23,401736347,Las Vegas Aces,Washington Mystics,0,7.5,160.5,91,81,19,25,24,23,26,13,22,20,0,ESPN BET
wnba,2025,2,2025-08-24,401736349,Seattle Storm,Washington Mystics,0,8.5,156.5,84,82,28,20,19,17,19,20,21,22,0,ESPN BET
wnba,2025,2,2025-08-24,401736350,Golden State Valkyries,Dallas Wings,0,-0.5,157.5,90,81,23,13,25,29,12,26,17,26,0,ESPN BET
wnba,2025,2,2025-08-25,401736353,Las Vegas Aces,Chicago Sky,0,10.5,166.5,79,74,20,24,16,19,14,18,24,18,0,ESPN BET
wnba,2025,2,2025-08-25,401736352,Connecticut Sun,New York Liberty,0,-13.5,167.5,79,81,15,21,23,20,27,10,21,23,0,ESPN BET
wnba,2025,2,2025-08-24,401736351,Indiana Fever,Minnesota Lynx,0,-11.5,167.5,84,97,30,15,21,18,25,27,25,20,0,ESPN BET
wnba,2025,2,2025-08-26,401736354,Seattle Storm,Indiana Fever,0,4.5,168.5,75,95,20,19,17,19,26,24,24,21,0,ESPN BET
wnba,2025,2,2025-08-26,401736355,Phoenix Mercury,Los Angeles Sparks,0,3.5,177.5,92,84,24,24,20,24,18,22,17,27,0,ESPN BET
wnba,2025,2,2025-08-27,401736356,Las Vegas Aces,Atlanta Dream,0,-3.5,162.5,81,75,16,24,21,20,19,23,6,27,0,ESPN BET
wnba,2025,2,2025-08-27,401736357,Connecticut Sun,Dallas Wings,0,2.5,165.5,101,95,21,33,29,18,30,19,21,25,0,ESPN BET
wnba,2025,2,2025-08-28,401736358,Washington Mystics,New York Liberty,0,-8.5,159.5,63,89,20,17,12,14,18,25,19,27,0,ESPN BET
wnba,2025,2,2025-08-28,401736359,Seattle Storm,Minnesota Lynx,0,-8.5,165.5,93,79,12,21,34,26,25,21,17,16,0,ESPN BET
wnba,2025,2,2025-08-28,401736360,Chicago Sky,Phoenix Mercury,0,-11.5,164.5,79,83,22,8,25,24,17,20,24,22,0,ESPN BET
wnba,2025,2,2025-08-29,401736361,Dallas Wings,Atlanta Dream,0,-15.5,165.5,78,100,21,19,27,11,19,30,22,29,0,ESPN BET
wnba,2025,2,2025-08-29,401736362,Indiana Fever,Los Angeles Sparks,0,-1.5,179.5,76,75,24,20,13,19,31,16,11,17,0,ESPN BET
wnba,2025,2,2025-08-31,401736367,Washington Mystics,Los Angeles Sparks,0,-8.5,168.5,78,81,11,20,18,29,22,18,15,26,0,ESPN BET
wnba,2025,2,2025-08-30,401736364,Washington Mystics,Golden State Valkyries,0,-4.5,148.5,62,99,8,14,21,19,19,32,27,21,0,ESPN BET
wnba,2025,2,2025-08-30,401736366,New York Liberty,Phoenix Mercury,0,0.5,165.5,63,80,16,23,10,14,17,20,18,25,0,ESPN BET
wnba,2025,2,2025-08-30,401736365,Chicago Sky,Seattle Storm,0,-10.5,163.5,69,79,19,15,16,19,22,22,13,22,0,ESPN BET
wnba,2025,2,2025-08-30,401736363,Minnesota Lynx,Connecticut Sun,0,12.5,163.5,94,70,21,21,24,28,19,10,25,16,0,ESPN BET
wnba,2025,2,2025-08-31,401736368,Indiana Fever,Golden State Valkyries,0,3.5,160.5,63,75,14,18,16,15,25,19,11,20,0,ESPN BET
wnba,2025,2,2025-09-01,401736369,Atlanta Dream,Connecticut Sun,0,10.5,159.5,93,76,23,19,25,26,21,27,18,10,0,ESPN BET
wnba,2025,2,2025-09-01,401736370,Dallas Wings,Minnesota Lynx,0,-18.5,169.5,71,96,21,20,18,12,25,23,23,25,0,ESPN BET
wnba,2025,2,2025-09-02,401736372,New York Liberty,Golden State Valkyries,0,5.5,154.5,58,66,18,8,18,14,14,26,16,10,0,ESPN BET
wnba,2025,2,2025-09-03,401736375,Connecticut Sun,Chicago Sky,0,-1.5,162.5,64,88,10,17,17,20,28,14,24,22,0,ESPN BET
wnba,2025,2,2025-09-01,401736371,Los Angeles Sparks,Seattle Storm,0,-7.5,173.5,91,85,20,19,29,23,25,28,20,12,0,ESPN BET
wnba,2025,2,2025-09-02,401736373,Indiana Fever,Phoenix Mercury,0,-7.5,167.5,79,85,23,16,18,22,25,29,13,18,0,ESPN BET
wnba,2025,2,2025-09-04,401736376,Phoenix Mercury,Washington Mystics,0,9.5,159.5,75,69,22,22,17,14,16,20,19,14,0,ESPN BET
wnba,2025,2,2025-09-03,401736374,Los Angeles Sparks,Atlanta Dream,0,-4.5,168.5,75,86,24,17,19,15,26,27,18,15,0,ESPN BET
wnba,2025,2,2025-09-04,401736377,Dallas Wings,Golden State Valkyries,0,-10.5,160.5,80,84,20,21,21,18,21,11,26,26,0,ESPN BET
wnba,2025,2,2025-09-04,401736378,Minnesota Lynx,Las Vegas Aces,0,1.5,164.5,87,97,24,20,22,21,26,21,23,27,0,ESPN BET
wnba,2025,2,2025-09-06,401736383,Minnesota Lynx,Golden State Valkyries,0,6.5,154.5,78,72,16,15,30,17,18,18,16,20,0,ESPN BET
wnba,2025,2,2025-09-05,401736381,New York Liberty,Seattle Storm,0,-1.5,160.5,84,76,22,17,20,25,16,31,13,16,0,ESPN BET
wnba,2025,2,2025-09-05,401736380,Chicago Sky,Indiana Fever,0,-11.5,161.5,77,97,15,26,19,17,31,25,22,19,0,ESPN BET
wnba,2025,2,2025-09-06,401736382,Phoenix Mercury,Connecticut Sun,0,10.5,160.5,84,87,18,32,13,21,26,21,17,23,0,ESPN BET
wnba,2025,2,2025-09-05,401736379,Los Angeles Sparks,Atlanta Dream,0,-5.5,169.5,85,104,24,28,20,13,31,25,29,19,0,ESPN BET
wnba,2025,2,2025-09-07,401736384,Indiana Fever,Washington Mystics,0,6.5,163.5,94,65,19,26,17,32,20,18,9,18,0,ESPN BET
wnba,2025,2,2025-09-07,401736385,Dallas Wings,Los Angeles Sparks,0,-9.5,180.5,77,91,14,19,31,13,21,21,24,25,0,ESPN BET
wnba,2025,2,2025-09-07,401736386,Chicago Sky,Las Vegas Aces,0,-16.5,161.5,66,80,15,15,20,16,24,19,27,10,0,ESPN BET
wnba,2025,2,2025-09-08,401736387,Connecticut Sun,Atlanta Dream,0,-15.5,159.5,62,87,24,19,9,10,26,19,23,19,0,ESPN BET
wnba,2025,2,2025-09-09,401736389,Minnesota Lynx,Indiana Fever,0,1.5,164.5,72,83,14,22,17,19,28,21,21,13,0,ESPN BET
wnba,2025,2,2025-09-09,401736390,Chicago Sky,Las Vegas Aces,0,-17.5,159.5,61,92,14,21,11,15,28,15,23,26,0,ESPN BET
wnba,2025,2,2025-09-09,401736388,Washington Mystics,New York Liberty,0,-14.5,157.5,66,75,12,14,24,16,19,22,20,14,0,ESPN BET
wnba,2025,2,2025-09-09,401736392,Golden State Valkyries,Seattle Storm,0,-6.5,152.5,73,74,18,18,25,12,12,21,20,21,0,ESPN BET
wnba,2025,2,2025-09-10,401736393,Atlanta Dream,Connecticut Sun,0,11.5,157.5,88,72,31,20,20,17,13,15,30,14,0,ESPN BET
wnba,2025,2,2025-09-09,401736391,Los Angeles Sparks,Phoenix Mercury,0,-6.5,174.5,88,83,19,26,18,25,25,19,18,21,0,ESPN BET
wnba,2025,2,2025-09-11,401736394,New York Liberty,Chicago Sky,0,14.5,157.5,91,86,28,28,22,13,11,31,16,28,0,ESPN BET
wnba,2025,2,2025-09-11,401736395,Phoenix Mercury,Dallas Wings,0,5.5,168.5,76,97,28,19,13,16,25,32,25,15,0,ESPN BET
wnba,2025,2,2025-09-11,401736396,Golden State Valkyries,Minnesota Lynx,0,-6.5,152.5,53,72,8,14,19,12,17,17,13,25,0,ESPN BET
wnba,2025,2,2025-09-11,401736397,Las Vegas Aces,Los Angeles Sparks,0,10.5,170.5,103,75,29,24,24,26,13,21,24,17,0,ESPN BET
wnba,2025,3,2025-09-14,401820313,Indiana Fever,Atlanta Dream,0,-7.5,159.5,68,80,21,12,20,15,18,22,18,22,0,ESPN BET
wnba,2025,3,2025-09-14,401820272,Golden State Valkyries,Minnesota Lynx,0,-13.5,148.5,72,101,28,12,18,14,21,26,32,22,0,ESPN BET
wnba,2025,3,2025-09-14,401820314,New York Liberty,Phoenix Mercury,0,1.5,164.5,76,69,17,27,11,10,13,30,14,8,1,ESPN BET
wnba,2025,3,2025-09-16,401820317,Las Vegas Aces,Seattle Storm,0,5.5,162.5,83,86,22,23,24,14,21,23,17,25,0,ESPN BET
wnba,2025,3,2025-09-14,401820315,Seattle Storm,Las Vegas Aces,0,-5.5,162.5,77,102,12,13,27,25,22,23,31,26,0,ESPN BET
wnba,2025,3,2025-09-17,401820318,Phoenix Mercury,New York Liberty,0,-4.5,161.5,86,60,25,26,18,17,25,12,10,13,0,ESPN BET
wnba,2025,3,2025-09-17,401820319,Minnesota Lynx,Golden State Valkyries,0,10.5,152.5,75,74,19,9,21,26,27,14,22,11,0,ESPN BET
wnba,2025,3,2025-09-18,401820320,Indiana Fever,Atlanta Dream,0,-7.5,153.5,87,85,29,20,20,18,27,29,17,12,0,ESPN BET
wnba,2025,3,2025-09-16,401820316,Atlanta Dream,Indiana Fever,0,3.5,159.5,60,77,14,15,15,16,20,15,24,18,0,ESPN BET
wnba,2025,3,2025-09-19,401820324,New York Liberty,Phoenix Mercury,0,-3.5,155.5,73,79,15,26,18,14,22,23,15,19,0,ESPN BET
wnba,2025,3,2025-09-21,401820327,Indiana Fever,Las Vegas Aces,0,-8.5,166.5,89,73,19,22,28,20,18,18,19,18,0,ESPN BET
wnba,2025,3,2025-09-18,401820321,Seattle Storm,Las Vegas Aces,0,-8.5,158.5,73,74,19,7,22,25,14,19,19,22,0,ESPN BET
wnba,2025,3,2025-09-21,401820328,Phoenix Mercury,Minnesota Lynx,0,-9.5,159.5,69,82,24,23,12,10,22,18,19,23,0,ESPN BET
wnba,2025,3,2025-09-23,401820331,Indiana Fever,Las Vegas Aces,0,-9.5,164.5,68,90,17,18,17,16,26,20,24,20,0,ESPN BET
wnba,2025,3,2025-09-23,401820330,Phoenix Mercury,Minnesota Lynx,0,-7.5,159.5,89,83,19,13,22,25,21,27,14,17,1,ESPN BET
wnba,2025,3,2025-09-26,401820334,Las Vegas Aces,Indiana Fever,0,3.5,163.5,84,72,20,15,24,25,16,18,22,16,0,ESPN BET
wnba,2025,3,2025-09-28,401820337,Las Vegas Aces,Indiana Fever,0,3.5,161.5,83,90,21,17,24,21,23,23,21,23,0,ESPN BET
wnba,2025,3,2025-09-26,401820333,Minnesota Lynx,Phoenix Mercury,0,4.5,158.5,76,84,22,22,23,9,19,29,15,21,0,ESPN BET
wnba,2025,3,2025-09-30,401820340,Indiana Fever,Las Vegas Aces,0,-8.5,158.5,98,107,23,22,18,23,23,24,24,15,1,ESPN BET
wnba,2025,3,2025-09-28,401820338,Minnesota Lynx,Phoenix Mercury,0,-4.5,155.5,81,86,25,13,30,13,14,24,17,31,0,ESPN BET
wnba,2025,3,2025-10-05,401820325,Phoenix Mercury,Las Vegas Aces,0,-2.5,163.5,78,91,27,10,24,17,24,22,30,15,0,ESPN BET
wnba,2025,3,2025-10-03,401820322,Phoenix Mercury,Las Vegas Aces,0,-2.5,163.5,86,89,21,29,21,15,21,24,22,22,0,ESPN BET
wnba,2025,3,2025-10-10,401820329,Las Vegas Aces,Phoenix Mercury,0,1.5,163.5,97,86,30,24,22,21,21,17,24,24,0,ESPN BET
wnba,2025,3,2025-10-08,401820326,Las Vegas Aces,Phoenix Mercury,0,-4.5,163.5,90,88,26,29,21,14,23,20,16,29,0,ESPN BET
wnba,2026,2,2026-05-09,401856894,Phoenix Mercury,Las Vegas Aces,0,-9.5,168.5,99,66,27,29,27,16,21,14,10,21,0,DraftKings
wnba,2026,2,2026-05-10,401856896,Seattle Storm,Connecticut Sun,0,-1.5,164.5,89,82,29,15,19,26,24,25,12,21,0,DraftKings
wnba,2026,2,2026-05-10,401856898,Las Vegas Aces,Los Angeles Sparks,0,1.5,178.5,105,78,29,13,33,30,14,27,18,19,0,DraftKings
wnba,2026,2,2026-05-12,401856902,Minnesota Lynx,Phoenix Mercury,0,-4.5,168.5,88,84,19,22,27,20,20,25,22,17,0,DraftKings
wnba,2026,2,2026-05-13,401856904,Seattle Storm,Toronto Tempo,0,-3.5,168.5,73,86,22,23,17,11,27,17,23,19,0,DraftKings
wnba,2026,2,2026-05-10,401856897,New York Liberty,Washington Mystics,0,5.5,165.5,98,93,24,31,17,13,31,17,21,16,1,DraftKings
wnba,2026,2,2026-05-09,401856899,Atlanta Dream,Minnesota Lynx,0,5.5,160.5,91,90,12,25,26,28,24,28,19,19,0,DraftKings
wnba,2026,2,2026-05-09,401856895,Chicago Sky,Portland Fire,0,5.5,163.5,98,83,19,31,18,30,18,19,30,16,0,DraftKings
wnba,2026,2,2026-05-08,401856891,Washington Mystics,Toronto Tempo,0,-1.5,160.5,68,65,17,20,14,17,13,17,17,18,0,DraftKings
wnba,2026,2,2026-05-12,401856901,Atlanta Dream,Dallas Wings,0,1.5,180.5,77,72,19,19,20,19,21,20,18,13,0,DraftKings
wnba,2026,2,2026-05-12,401856903,New York Liberty,Portland Fire,0,11.5,174.5,96,98,27,27,23,19,21,26,23,28,0,DraftKings
wnba,2026,2,2026-05-10,401856900,Phoenix Mercury,Golden State Valkyries,0,-2.5,158.5,79,95,20,11,31,17,17,31,18,29,0,DraftKings
wnba,2026,2,2026-05-08,401856892,Golden State Valkyries,Seattle Storm,0,5.5,157.5,91,80,23,26,20,22,24,17,12,27,0,DraftKings
wnba,2026,2,2026-05-08,401856890,Connecticut Sun,New York Liberty,0,-9.5,160.5,75,106,13,24,23,15,36,30,21,19,0,DraftKings
wnba,2026,2,2026-05-09,401856893,Dallas Wings,Indiana Fever,0,-5.5,179.5,107,104,27,33,20,27,25,26,29,24,0,DraftKings
wnba,2026,2,2026-05-13,401856905,Las Vegas Aces,Connecticut Sun,0,14.5,172.5,98,69,28,20,30,20,19,18,16,16,0,DraftKings
wnba,2026,2,2026-05-14,401856909,New York Liberty,Portland Fire,0,11.5,174.5,100,82,14,25,31,30,20,17,16,29,0,DraftKings
wnba,2026,2,2026-05-15,401856911,Washington Mystics,Indiana Fever,0,-8.5,170.5,104,102,21,20,26,22,28,9,21,31,1,DraftKings
wnba,2026,2,2026-05-17,401856916,Seattle Storm,Indiana Fever,0,-11.5,176.5,78,89,19,25,14,20,32,23,22,12,0,DraftKings
wnba,2026,2,2026-05-17,401856914,Chicago Sky,Minnesota Lynx,0,-5.5,166.5,86,79,16,24,23,23,22,16,18,23,0,DraftKings
wnba,2026,2,2026-05-17,401856915,Las Vegas Aces,Atlanta Dream,0,3.5,171.5,85,84,24,27,24,10,23,21,19,21,0,DraftKings
wnba,2026,2,2026-05-17,401856917,Toronto Tempo,Los Angeles Sparks,0,-7.5,173.5,106,96,27,22,30,27,21,19,27,29,0,DraftKings
wnba,2026,2,2026-05-14,401856908,Minnesota Lynx,Dallas Wings,0,-3.5,178.5,90,86,18,22,28,22,28,20,22,16,0,DraftKings
wnba,2026,2,2026-05-13,401856907,Indiana Fever,Los Angeles Sparks,0,1.5,186.5,87,78,24,24,20,19,20,14,18,26,0,DraftKings
wnba,2026,2,2026-05-15,401856912,Toronto Tempo,Los Angeles Sparks,0,-7.5,170.5,95,99,17,21,25,32,28,18,28,25,0,DraftKings
wnba,2026,2,2026-05-15,401856910,Las Vegas Aces,Connecticut Sun,0,15.5,172.5,101,94,28,26,25,22,20,24,27,23,0,DraftKings
wnba,2026,2,2026-05-15,401856913,Chicago Sky,Phoenix Mercury,0,-4.5,165.5,83,91,17,18,24,24,23,22,24,22,0,DraftKings
wnba,2026,2,2026-05-13,401856906,Chicago Sky,Golden State Valkyries,0,-5.5,166.5,69,63,10,14,25,20,19,9,16,19,0,DraftKings
wnba,2026,2,2026-05-18,401856919,Connecticut Sun,Portland Fire,0,-3.5,174.5,82,83,24,18,22,18,25,13,26,19,0,DraftKings
wnba,2026,2,2026-05-18,401856918,Washington Mystics,Dallas Wings,0,-4.5,170.5,69,92,9,20,17,23,19,19,28,26,0,DraftKings
wnba,2026,2,2026-05-19,401856920,Toronto Tempo,Phoenix Mercury,0,-7.5,169.5,98,90,23,22,28,25,23,21,30,16,0,DraftKings
wnba,2026,2,2026-05-20,401856921,Portland Fire,Indiana Fever,0,-10.5,175.5,73,90,20,17,14,22,28,25,20,17,0,DraftKings
wnba,2026,2,2026-05-21,401856925,Toronto Tempo,Minnesota Lynx,0,-5.5,172.5,72,100,14,18,16,24,27,26,23,24,0,DraftKings
wnba,2026,2,2026-05-20,401856923,Connecticut Sun,Seattle Storm,0,-2.5,169.5,80,78,29,17,17,17,23,18,18,19,0,DraftKings
wnba,2026,2,2026-05-20,401856922,Dallas Wings,Chicago Sky,0,2.5,170.5,99,89,16,21,34,28,22,16,26,25,0,DraftKings
wnba,2026,2,2026-05-21,401856924,Golden State Valkyries,New York Liberty,0,-5.5,169.5,87,70,25,17,21,24,15,19,12,24,0,DraftKings
wnba,2026,2,2026-05-21,401856926,Los Angeles Sparks,Phoenix Mercury,0,-2.5,178.5,97,88,25,35,22,15,24,19,27,18,0,DraftKings
wnba,2026,2,2026-05-22,401856928,Golden State Valkyries,Indiana Fever,0,-5.5,167.5,82,90,18,26,17,21,19,18,29,24,0,DraftKings
wnba,2026,2,2026-05-22,401856927,Dallas Wings,Atlanta Dream,0,-5.5,173.5,69,86,9,22,27,11,19,25,19,23,0,DraftKings
wnba,2026,2,2026-05-22,401856929,Connecticut Sun,Seattle Storm,0,-1.5,165.5,59,77,21,7,15,16,19,18,16,24,0,DraftKings
wnba,2026,2,2026-05-24,401856935,Washington Mystics,Seattle Storm,0,4.5,157.5,85,97,24,13,17,31,26,23,27,21,0,DraftKings
wnba,2026,2,2026-05-23,401856931,Portland Fire,Toronto Tempo,0,-4.5,173.5,99,80,16,28,22,33,16,28,17,19,0,DraftKings
wnba,2026,2,2026-05-24,401856934,Dallas Wings,New York Liberty,0,-5.5,179.5,91,76,17,26,28,20,20,24,17,15,0,DraftKings
wnba,2026,2,2026-05-23,401856932,Los Angeles Sparks,Las Vegas Aces,0,-9.5,181.5,101,95,32,14,26,29,30,22,21,22,0,DraftKings
wnba,2026,2,2026-05-24,401856933,Phoenix Mercury,Atlanta Dream,0,-5.5,168.5,80,82,25,19,13,23,13,24,12,33,0,DraftKings
wnba,2026,2,2026-05-23,401856930,Minnesota Lynx,Chicago Sky,0,1.5,168.5,85,75,24,28,16,17,22,16,20,17,0,DraftKings
wnba,2026,2,2026-05-25,401856937,Connecticut Sun,Golden State Valkyries,0,-13.5,159.5,70,97,22,8,18,22,27,20,26,24,0,DraftKings
wnba,2026,2,2026-05-25,401856936,Portland Fire,New York Liberty,0,-10.5,172.5,81,74,19,16,14,32,18,15,24,17,0,DraftKings
wnba,2026,2,2026-05-27,401856938,Phoenix Mercury,New York Liberty,0,-4.5,169.5,74,84,22,21,12,19,24,18,30,12,0,DraftKings
wnba,2026,2,2026-05-27,401856940,Atlanta Dream,Minnesota Lynx,0,3.5,165.5,81,96,14,23,19,25,23,19,28,26,0,DraftKings
wnba,2026,2,2026-05-27,401856941,Connecticut Sun,Portland Fire,0,-7.5,166.5,61,71,16,11,23,11,17,20,13,21,0,DraftKings
wnba,2026,2,2026-05-27,401856939,Toronto Tempo,Chicago Sky,0,-4.5,173.5,111,104,25,30,25,31,22,26,26,30,0,DraftKings
wnba,2026,2,2026-05-27,401856942,Washington Mystics,Seattle Storm,0,3.5,160.5,78,64,28,20,18,12,20,9,16,19,0,DraftKings
wnba,2026,2,2026-05-28,401856943,Las Vegas Aces,Dallas Wings,0,5.5,177.5,87,95,26,27,19,15,21,24,27,23,0,DraftKings
wnba,2026,2,2026-05-28,401856944,Indiana Fever,Golden State Valkyries,0,-2.5,167.5,88,90,14,30,23,21,21,23,21,25,0,DraftKings
wnba,2026,2,2026-05-29,401856945,Phoenix Mercury,New York Liberty,0,-5.5,170.5,68,75,11,20,23,14,17,17,25,16,0,DraftKings
wnba,2026,2,2026-05-29,401856948,Atlanta Dream,Portland Fire,0,8.5,163.5,86,66,16,22,21,27,14,17,22,13,0,DraftKings
wnba,2026,2,2026-05-29,401856946,Los Angeles Sparks,Washington Mystics,0,-2.5,164.5,92,87,21,21,27,23,25,12,24,26,0,DraftKings
wnba,2026,2,2026-05-30,401856949,Seattle Storm,Toronto Tempo,0,-6.5,171.5,72,93,13,23,20,16,21,16,33,23,0,DraftKings
wnba,2026,2,2026-05-29,401856947,Minnesota Lynx,Chicago Sky,0,4.5,172.5,79,58,19,14,31,15,12,18,16,12,0,DraftKings
wnba,2026,2,2026-06-01,401856953,Seattle Storm,Dallas Wings,0,-13.5,166.5,56,79,10,15,12,19,16,20,21,22,0,DraftKings
wnba,2026,2,2026-05-30,401856950,Los Angeles Sparks,Connecticut Sun,0,3.5,168.5,81,84,18,18,24,21,20,19,23,22,0,DraftKings
wnba,2026,2,2026-05-31,401856952,Las Vegas Aces,Golden State Valkyries,0,1.5,167.5,91,81,21,22,29,19,23,18,13,27,0,DraftKings
wnba,2026,2,2026-05-30,401856951,Indiana Fever,Portland Fire,0,11.5,173.5,84,100,15,22,25,22,29,21,37,13,0,DraftKings
wnba,2026,2,2026-06-02,401856955,Connecticut Sun,Atlanta Dream,0,-13.5,160.5,75,91,25,24,16,10,24,26,18,23,0,DraftKings
wnba,2026,2,2026-06-02,401856956,Chicago Sky,Washington Mystics,0,1.5,161.5,72,90,24,16,18,14,25,22,27,16,0,DraftKings
wnba,2026,2,2026-06-01,401856954,Minnesota Lynx,Phoenix Mercury,0,2.5,166.5,111,77,35,32,21,23,22,18,16,21,0,DraftKings
wnba,2026,2,2026-06-02,401856957,Portland Fire,Golden State Valkyries,0,-9.5,159.5,77,95,20,16,20,21,21,35,18,21,0,DraftKings
wnba,2026,2,2026-06-03,401856960,Phoenix Mercury,Seattle Storm,0,7.5,160.5,72,68,21,15,16,20,15,18,22,13,0,DraftKings
wnba,2026,2,2026-06-02,401856958,Las Vegas Aces,Los Angeles Sparks,0,7.5,176.5,79,69,14,23,27,15,10,20,21,18,0,DraftKings
wnba,2026,2,2026-06-03,401856959,Toronto Tempo,New York Liberty,0,-8.5,172.5,82,97,20,14,24,24,17,23,30,27,0,DraftKings
wnba,2026,2,2026-06-05,401856963,Connecticut Sun,Chicago Sky,0,-6.5,164.5,80,85,25,20,16,19,11,32,22,20,0,DraftKings
wnba,2026,2,2026-06-04,401856962,Golden State Valkyries,Minnesota Lynx,0,-3.5,168.5,84,87,22,22,22,18,18,24,23,22,0,DraftKings
wnba,2026,2,2026-06-04,401856961,Atlanta Dream,Indiana Fever,0,-1.5,174.5,71,83,15,14,22,20,15,23,24,21,0,DraftKings
wnba,2026,2,2026-06-05,401856964,Dallas Wings,Los Angeles Sparks,0,2.5,178.5,104,96,24,30,23,27,28,27,23,18,0,DraftKings
wnba,2026,2,2026-06-05,401856965,Phoenix Mercury,Portland Fire,0,-4.5,160.5,78,72,21,17,17,23,16,18,17,21,0,DraftKings
wnba,2026,2,2026-06-06,401856967,Golden State Valkyries,Las Vegas Aces,0,-2.5,167.5,79,84,13,22,20,24,20,18,20,26,0,DraftKings
wnba,2026,2,2026-06-06,401856969,Indiana Fever,New York Liberty,0,-3.5,174.5,75,83,25,15,17,18,21,16,17,29,0,DraftKings
wnba,2026,2,2026-06-06,401856968,Washington Mystics,Atlanta Dream,0,-8.5,160.5,77,109,20,14,18,25,28,18,32,31,0,DraftKings
wnba,2026,2,2026-06-06,401856966,Seattle Storm,Minnesota Lynx,0,-13.5,162.5,68,88,24,19,10,15,16,29,26,17,0,DraftKings
wnba,2026,2,2026-06-07,401856971,Portland Fire,Los Angeles Sparks,0,-7.5,174.5,72,89,21,22,12,17,24,17,23,25,0,DraftKings
wnba,2026,2,2026-06-07,401856970,Chicago Sky,Toronto Tempo,0,-3.5,175.5,68,85,15,18,20,15,29,19,22,15,0,DraftKings
wnba,2026,2,2026-06-08,401856972,New York Liberty,Connecticut Sun,0,12.5,162.5,89,80,23,15,27,24,18,17,21,24,0,DraftKings
wnba,2026,2,2026-06-08,401856973,Indiana Fever,Washington Mystics,0,5.5,171.5,78,76,21,22,17,18,16,13,24,23,0,DraftKings
wnba,2026,2,2026-06-09,401856977,Phoenix Mercury,Golden State Valkyries,0,-7.5,162.5,81,87,18,14,29,20,22,27,17,21,0,DraftKings
wnba,2026,2,2026-06-09,401856975,Atlanta Dream,Chicago Sky,0,9.5,165.5,82,75,18,21,18,25,17,25,16,17,0,DraftKings
wnba,2026,2,2026-06-08,401856974,Seattle Storm,Las Vegas Aces,0,-15.5,162.5,91,101,25,18,16,32,23,27,22,29,0,DraftKings
wnba,2026,2,2026-06-09,401856976,Dallas Wings,Minnesota Lynx,0,-4.5,170.5,76,100,18,20,22,16,30,28,17,25,0,DraftKings
wnba,2026,2,2026-06-10,401856978,Connecticut Sun,Toronto Tempo,0,-8.5,167.5,102,106,31,26,22,17,30,16,26,24,1,DraftKings
wnba,2026,2,2026-06-11,401856980,Chicago Sky,Indiana Fever,0,-9.5,171.5,106,114,14,26,39,19,27,19,27,25,1,DraftKings
wnba,2026,2,2026-06-10,401856979,Los Angeles Sparks,Seattle Storm,0,7.5,170.5,88,83,22,18,26,22,17,23,27,16,0,DraftKings
wnba,2026,2,2026-06-11,401856981,New York Liberty,Atlanta Dream,0,-3.5,165.5,104,90,21,30,29,24,19,25,20,26,0,DraftKings
wnba,2026,2,2026-06-12,401856984,Toronto Tempo,Washington Mystics,0,-1.5,169.5,85,86,14,23,15,33,17,23,25,21,0,DraftKings
wnba,2026,2,2026-06-12,401856985,Golden State Valkyries,Seattle Storm,0,9.5,157.5,76,72,21,19,26,10,21,17,15,19,0,DraftKings
wnba,2026,2,2026-06-11,401856982,Phoenix Mercury,Dallas Wings,0,-6.5,169.5,70,85,20,16,16,18,24,21,25,15,0,DraftKings
wnba,2026,2,2026-06-13,401856987,Minnesota Lynx,Las Vegas Aces,0,-3.5,174.5,97,100,21,30,20,26,32,25,21,22,0,DraftKings
wnba,2026,2,2026-06-11,401856983,Las Vegas Aces,Portland Fire,0,11.5,170.5,105,89,27,29,22,27,28,22,22,17,0,DraftKings
wnba,2026,2,2026-06-13,401856986,Indiana Fever,Connecticut Sun,0,8.5,170.5,85,75,30,17,16,22,29,9,22,15,0,DraftKings
wnba,2026,2,2026-06-13,401856988,Dallas Wings,Portland Fire,0,3.5,167.5,83,84,13,24,24,22,14,30,19,21,0,DraftKings
wnba,2026,2,2026-06-13,401856989,Los Angeles Sparks,Phoenix Mercury,0,1.5,171.5,111,102,27,24,28,19,27,27,16,28,1,DraftKings
wnba,2026,2,2026-06-14,401856991,Atlanta Dream,Toronto Tempo,0,7.5,170.5,102,77,13,34,23,32,25,14,20,18,0,DraftKings
wnba,2026,2,2026-06-15,401856992,Las Vegas Aces,Dallas Wings,0,2.5,177.5,66,96,20,17,16,13,29,27,18,22,0,DraftKings
wnba,2026,2,2026-06-15,401856993,Portland Fire,Minnesota Lynx,0,-14.5,169.5,74,107,21,19,19,15,35,25,25,22,0,DraftKings
wnba,2026,2,2026-06-14,401856990,Washington Mystics,New York Liberty,0,-13.5,167.5,64,86,13,15,22,14,20,16,27,23,0,DraftKings
wnba,2026,2,2026-06-15,401856994,Los Angeles Sparks,Golden State Valkyries,0,-5.5,173.5,58,78,10,16,21,11,25,20,16,17,0,DraftKings
wnba,2026,2,2026-06-16,401856995,Toronto Tempo,Indiana Fever,0,-8.5,180.5,91,113,20,30,23,18,26,27,32,28,0,DraftKings
wnba,2026,2,2026-06-17,401856996,Washington Mystics,Connecticut Sun,0,-2.5,159.5,88,81,18,18,27,25,14,15,29,23,0,DraftKings
wnba,2026,2,2026-06-17,401856998,Dallas Wings,Golden State Valkyries,0,-3.5,164.5,80,91,26,7,29,18,17,27,20,27,0,DraftKings
wnba,2026,2,2026-06-17,401856997,New York Liberty,Chicago Sky,0,10.5,169.5,96,95,27,20,27,22,32,13,23,27,0,DraftKings
wnba,2026,2,2026-06-17,401856999,Minnesota Lynx,Los Angeles Sparks,0,10.5,174.5,99,83,23,29,22,25,19,18,22,24,0,DraftKings
wnba,2026,2,2026-06-17,401857001,Seattle Storm,Portland Fire,0,-4.5,163.5,89,94,23,25,26,15,21,26,20,27,0,DraftKings
wnba,2026,2,2026-06-17,401857000,Las Vegas Aces,Phoenix Mercury,0,6.5,171.5,86,76,24,21,23,18,28,21,15,12,0,DraftKings
wnba,2026,2,2026-06-19,401857003,Toronto Tempo,Connecticut Sun,0,-1.5,168.5,101,97,20,17,27,37,24,26,24,23,0,DraftKings
wnba,2026,2,2026-06-18,401857002,Atlanta Dream,Indiana Fever,0,1.5,173.5,108,101,24,34,29,21,29,20,29,23,0,DraftKings
wnba,2026,2,2026-06-19,401857004,Washington Mystics,New York Liberty,0,-12.5,168.5,86,83,23,16,24,23,23,20,18,22,0,DraftKings
wnba,2026,2,2026-06-19,401857005,Minnesota Lynx,Golden State Valkyries,0,2.5,166.5,81,75,16,25,22,18,22,24,16,13,0,DraftKings
wnba,2026,2,2026-06-21,401857009,Golden State Valkyries,Las Vegas Aces,0,-3.5,167.5,73,92,17,13,19,24,23,27,27,15,0,DraftKings
wnba,2026,2,2026-06-20,401857006,Indiana Fever,Atlanta Dream,0,-4.5,176.5,96,113,37,22,15,22,30,26,28,29,0,DraftKings
wnba,2026,2,2026-06-20,401857007,Seattle Storm,Phoenix Mercury,0,-6.5,163.5,73,93,24,17,20,12,19,29,33,12,0,DraftKings
wnba,2026,2,2026-06-21,401857010,Washington Mystics,Minnesota Lynx,0,-14.5,169.5,84,79,22,13,21,28,22,20,18,19,0,DraftKings
wnba,2026,2,2026-06-20,401857008,Chicago Sky,Dallas Wings,0,-10.5,174.5,92,93,28,15,28,21,16,22,19,36,0,DraftKings
wnba,2026,2,2026-06-21,401857011,New York Liberty,Los Angeles Sparks,0,5.5,181.5,97,98,28,27,21,21,18,25,27,28,0,DraftKings
wnba,2026,2,2026-06-24,401857017,Phoenix Mercury,Indiana Fever,0,-8.5,176.5,111,109,29,24,29,29,35,20,30,24,0,DraftKings
wnba,2026,2,2026-06-22,401857014,Phoenix Mercury,Indiana Fever,0,-7.5,177.5,77,86,19,22,11,25,6,35,30,15,0,DraftKings
wnba,2026,2,2026-06-22,401857015,Dallas Wings,Seattle Storm,0,9.5,169.5,112,110,26,14,27,29,19,23,24,30,1,DraftKings
wnba,2026,2,2026-06-23,401857016,New York Liberty,Las Vegas Aces,0,-2.5,177.5,87,76,19,23,25,20,17,16,18,25,0,DraftKings
wnba,2026,2,2026-06-22,401857012,Chicago Sky,Connecticut Sun,0,3.5,169.5,63,92,12,18,14,19,16,31,23,22,0,DraftKings
wnba,2026,2,2026-06-22,401857013,Toronto Tempo,Atlanta Dream,0,-14.5,178.5,87,94,15,26,24,22,33,26,22,13,0,DraftKings
wnba,2026,2,2026-06-24,401857019,Portland Fire,Chicago Sky,0,-3.5,172.5,78,101,21,18,21,18,22,24,29,26,0,DraftKings
wnba,2026,2,2026-06-24,401857018,Minnesota Lynx,Washington Mystics,0,8.5,170.5,78,76,19,21,10,28,24,16,18,18,0,DraftKings
wnba,2026,2,2026-06-25,401857021,Los Angeles Sparks,Toronto Tempo,0,1.5,180.5,97,125,24,15,27,31,38,25,32,30,0,DraftKings
wnba,2026,2,2026-06-24,401857020,Atlanta Dream,Golden State Valkyries,0,1.5,166.5,66,77,18,9,13,26,22,22,19,14,0,DraftKings
wnba,2026,2,2026-06-25,401857022,Dallas Wings,Las Vegas Aces,0,-6.5,179.5,84,99,17,22,24,21,28,21,22,28,0,DraftKings
wnba,2026,2,2026-06-25,401857023,New York Liberty,Seattle Storm,0,8.5,167.5,88,99,24,16,20,28,28,20,24,27,0,DraftKings
wnba,2026,2,2026-06-26,401857024,Washington Mystics,Connecticut Sun,0,3.5,164.5,57,68,14,12,21,10,12,18,22,16,0,DraftKings
wnba,2026,2,2026-06-26,401857026,Atlanta Dream,Golden State Valkyries,0,1.5,163.5,75,78,21,14,20,20,20,12,19,27,0,DraftKings
wnba,2026,2,2026-06-26,401857025,Portland Fire,Chicago Sky,0,-6.5,173.5,94,124,17,31,27,19,29,24,35,36,0,DraftKings
wnba,2026,2,2026-06-27,401857027,Phoenix Mercury,Toronto Tempo,0,-5.5,178.5,89,80,20,22,23,24,22,22,22,14,0,DraftKings
wnba,2026,2,2026-06-28,401857032,Las Vegas Aces,Chicago Sky,0,7.5,181.5,107,99,31,30,25,21,31,19,23,26,0,DraftKings
wnba,2026,2,2026-06-27,401857029,Atlanta Dream,Seattle Storm,0,9.5,168.5,90,105,13,26,27,24,21,25,32,27,0,DraftKings
wnba,2026,2,2026-06-28,401857030,Minnesota Lynx,Dallas Wings,0,3.5,178.5,85,77,28,17,19,21,16,13,25,23,0,DraftKings
wnba,2026,2,2026-06-28,401857031,Portland Fire,Washington Mystics,0,-6.5,167.5,123,124,31,24,12,20,28,20,14,25,4,DraftKings
wnba,2026,2,2026-06-27,401857028,Los Angeles Sparks,Indiana Fever,0,-6.5,182.5,87,111,21,16,21,29,27,30,32,22,0,DraftKings
wnba,2026,2,2026-06-30,401857321,Las Vegas Aces,New York Liberty,0,-6.5,174.5,85,93,21,16,25,23,27,24,14,28,0,DraftKings
wnba,2026,2,2026-06-28,401857033,New York Liberty,Golden State Valkyries,0,-1.5,164.5,67,76,15,14,19,19,20,21,23,12,0,DraftKings
wnba,2026,2,2026-07-02,401857034,Atlanta Dream,Washington Mystics,0,8.5,166.5,76,81,22,19,19,16,23,9,24,25,0,DraftKings
wnba,2026,2,2026-07-02,401857035,Dallas Wings,Connecticut Sun,0,6.5,171.5,86,83,16,19,20,31,22,21,19,21,0,DraftKings
wnba,2026,2,2026-07-02,401857036,Seattle Storm,Phoenix Mercury,0,-4.5,170.5,67,90,20,16,22,9,31,24,18,17,0,DraftKings
wnba,2026,2,2026-07-03,401857038,Chicago Sky,Las Vegas Aces,0,-4.5,179.5,90,98,19,18,27,22,22,27,21,16,1,DraftKings
wnba,2026,2,2026-07-04,401857040,Portland Fire,Seattle Storm,0,-4.5,173.5,77,72,10,22,22,23,20,10,17,25,0,DraftKings
wnba,2026,2,2026-07-03,401857037,Minnesota Lynx,New York Liberty,0,2.5,174.5,86,99,22,27,16,21,26,33,19,21,0,DraftKings
wnba,2026,2,2026-07-04,401857039,Golden State Valkyries,Atlanta Dream,0,-5.5,162.5,88,83,19,23,15,31,22,13,24,24,0,DraftKings
wnba,2026,2,2026-07-05,401857041,Dallas Wings,Toronto Tempo,0,6.5,185.5,89,76,30,17,24,18,19,23,17,17,0,DraftKings
wnba,2026,2,2026-07-05,401857042,Indiana Fever,Las Vegas Aces,0,-2.5,180.5,84,68,23,19,26,16,24,17,14,13,0,DraftKings
wnba,2026,2,2026-07-07,401857046,Dallas Wings,New York Liberty,0,-4.5,175.5,88,77,18,29,22,19,20,11,23,23,0,DraftKings
wnba,2026,2,2026-07-06,401857043,Golden State Valkyries,Washington Mystics,0,7.5,155.5,62,49,11,20,19,12,15,18,7,9,0,DraftKings
wnba,2026,2,2026-07-06,401857044,Connecticut Sun,Minnesota Lynx,0,-11.5,165.5,90,89,25,23,22,20,22,22,22,23,0,DraftKings
wnba,2026,2,2026-07-07,401857047,Chicago Sky,Phoenix Mercury,0,-4.5,172.5,77,66,24,13,19,21,15,16,13,22,0,DraftKings
wnba,2026,2,2026-07-06,401857045,Seattle Storm,Los Angeles Sparks,0,-4.5,176.5,82,64,20,28,20,14,15,22,8,19,0,DraftKings
wnba,2026,2,2026-07-08,401857049,Minnesota Lynx,Connecticut Sun,0,7.5,165.5,86,80,21,20,19,26,20,25,20,15,0,DraftKings
wnba,2026,2,2026-07-08,401857048,Golden State Valkyries,Toronto Tempo,0,8.5,165.5,83,75,11,30,16,26,17,14,28,16,0,DraftKings
wnba,2026,2,2026-07-09,401857051,Seattle Storm,Atlanta Dream,0,-12.5,169.5,78,89,19,19,21,19,29,26,19,15,0,DraftKings
wnba,2026,2,2026-07-08,401857050,Indiana Fever,Los Angeles Sparks,0,5.5,181.5,92,106,25,16,30,21,21,27,34,24,0,DraftKings
wnba,2026,2,2026-07-09,401857052,Indiana Fever,Phoenix Mercury,0,1.5,171.5,92,89,28,19,22,23,24,29,15,21,0,DraftKings
wnba,2026,2,2026-07-09,401857053,Las Vegas Aces,Portland Fire,0,9.5,175.5,88,80,23,22,24,19,18,15,19,28,0,DraftKings
wnba,2026,2,2026-07-10,401857054,Golden State Valkyries,Connecticut Sun,0,5.5,153.5,79,64,17,13,24,25,19,6,19,20,0,DraftKings
wnba,2026,2,2026-07-10,401857055,Dallas Wings,Toronto Tempo,0,7.5,178.5,108,95,25,27,32,24,33,23,29,10,0,DraftKings
wnba,2026,2,2026-07-10,401857056,Chicago Sky,Los Angeles Sparks,0,-1.5,177.5,87,102,29,19,22,17,28,25,20,29,0,DraftKings
wnba,2026,2,2026-07-11,401857059,Portland Fire,Atlanta Dream,0,-12.5,174.5,102,92,25,26,32,19,23,21,31,17,0,DraftKings
wnba,2026,2,2026-07-11,401857057,New York Liberty,Minnesota Lynx,0,-4.5,173.5,85,90,13,19,30,23,17,25,19,29,0,DraftKings
wnba,2026,2,2026-07-11,401857058,Phoenix Mercury,Las Vegas Aces,0,-8.5,168.5,58,106,9,13,14,22,29,28,22,27,0,DraftKings
wnba,2026,2,2026-07-12,401857061,Seattle Storm,Washington Mystics,0,-6.5,162.5,79,84,24,21,23,11,18,22,24,20,0,DraftKings
wnba,2026,2,2026-07-12,401857060,New York Liberty,Toronto Tempo,0,7.5,178.5,91,93,19,20,25,27,24,23,33,13,0,DraftKings
wnba,2026,2,2026-07-12,401857062,Chicago Sky,Dallas Wings,0,-9.5,176.5,91,96,20,20,33,18,26,20,20,30,0,DraftKings
wnba,2026,2,2026-07-12,401857063,Indiana Fever,Las Vegas Aces,0,-4.5,181.5,109,75,31,28,21,29,22,26,16,11,0,DraftKings
wnba,2026,2,2026-07-13,401857064,Los Angeles Sparks,Atlanta Dream,0,-9.5,181.5,92,101,21,27,27,17,25,34,24,18,0,DraftKings
wnba,2026,2,2026-07-13,401857065,Phoenix Mercury,Minnesota Lynx,0,-11.5,169.5,100,104,27,22,26,25,21,29,19,35,0,DraftKings
wnba,2026,2,2026-07-14,401857066,Portland Fire,Connecticut Sun,0,-2.5,166.5,87,90,23,17,23,24,32,18,22,18,0,DraftKings
wnba,2026,2,2026-07-15,401857068,Seattle Storm,Chicago Sky,0,-3.5,169.5,90,95,19,25,25,21,26,30,21,18,0,DraftKings
wnba,2026,2,2026-07-14,401857067,Washington Mystics,Toronto Tempo,0,1.5,171.5,79,62,12,14,26,27,17,15,13,17,0,DraftKings
wnba,2026,2,2026-07-15,401857069,Los Angeles Sparks,Minnesota Lynx,0,-11.5,181.5,87,96,18,21,28,20,12,25,31,28,0,DraftKings
wnba,2026,2,2026-07-16,401857071,Portland Fire,Washington Mystics,0,-6.5,162.5,75,56,28,19,12,16,13,18,14,11,0,DraftKings
wnba,2026,2,2026-07-15,401857070,Golden State Valkyries,Indiana Fever,0,-2.5,166.5,88,75,20,20,18,30,18,12,21,24,0,DraftKings
wnba,2026,2,2026-07-17,401857075,Los Angeles Sparks,Chicago Sky,0,-2.5,182.5,82,96,17,19,27,19,16,33,20,27,0,DraftKings
wnba,2026,2,2026-07-17,401857073,Seattle Storm,Indiana Fever,0,-8.5,177.5,107,110,26,30,32,19,37,22,23,28,0,DraftKings
wnba,2026,2,2026-07-18,401857077,New York Liberty,Indiana Fever,0,1.5,184.5,88,108,28,21,12,27,22,23,30,33,0,DraftKings
wnba,2026,2,2026-07-17,401857074,Atlanta Dream,Toronto Tempo,0,9.5,180.5,111,92,23,25,29,34,23,24,19,26,0,DraftKings
wnba,2026,2,2026-07-18,401857078,Portland Fire,Minnesota Lynx,0,-12.5,174.5,93,101,16,23,21,33,24,23,28,26,0,DraftKings
wnba,2026,2,2026-07-17,401857076,Connecticut Sun,Phoenix Mercury,0,-3.5,162.5,96,83,26,28,19,23,21,16,22,24,0,DraftKings
wnba,2026,2,2026-07-18,401857079,Washington Mystics,Golden State Valkyries,0,-8.5,148.5,69,74,18,10,29,12,13,20,19,22,0,DraftKings
wnba,2026,2,2026-07-19,401857081,Chicago Sky,Atlanta Dream,0,-12.5,180.5,91,93,15,19,27,30,31,18,13,31,0,DraftKings
wnba,2026,2,2026-07-19,401857080,Los Angeles Sparks,Dallas Wings,0,-8.5,182.5,82,90,17,23,23,19,27,19,22,22,0,DraftKings
wnba,2026,2,2026-07-20,401857083,Las Vegas Aces,Toronto Tempo,0,10.5,182.5,109,83,30,30,26,23,24,20,21,18,0,DraftKings
wnba,2026,2,2026-07-19,401857082,Connecticut Sun,Phoenix Mercury,0,-4.5,165.5,63,72,12,21,16,14,18,25,11,18,0,DraftKings
wnba,2026,2,2026-07-20,401857084,Washington Mystics,Golden State Valkyries,0,-8.5,147.5,90,82,21,15,18,36,20,15,23,24,0,DraftKings
wnba,2026,2,2026-07-20,401892393,New York Liberty,Dallas Wings,0,4.5,174.5,99,98,25,25,9,24,22,25,21,15,1,DraftKings
wnba,2026,2,2026-07-20,401857085,Minnesota Lynx,Seattle Storm,0,9.5,175.5,105,102,27,26,26,26,23,31,23,25,0,DraftKings
wnba,2026,2,2026-07-22,401857086,Phoenix Mercury,Los Angeles Sparks,0,-1.5,176.5,86,82,19,24,17,26,18,23,19,22,0,DraftKings
wnba,2026,2,2026-07-22,401857088,Chicago Sky,New York Liberty,0,-8.5,178.5,94,95,32,14,25,23,26,22,22,25,0,DraftKings
wnba,2026,2,2026-07-22,401857087,Minnesota Lynx,Seattle Storm,0,10.5,179.5,86,76,18,26,24,18,22,23,15,16,0,DraftKings
wnba,2026,2,2026-07-22,401857090,Connecticut Sun,Indiana Fever,0,-10.5,178.5,88,123,26,20,23,19,36,34,27,26,0,DraftKings
wnba,2026,2,2026-07-22,401857089,Las Vegas Aces,Washington Mystics,0,5.5,164.5,99,100,22,23,33,21,21,25,25,29,0,DraftKings
wnba,2026,2,2026-07-22,401857091,Dallas Wings,Portland Fire,0,6.5,176.5,101,97,18,22,36,25,17,25,27,28,0,DraftKings
wnba,2026,2,2026-07-28,401857092,Connecticut Sun,Washington Mystics,0,-6.5,161.5,84,92,33,21,10,20,26,28,25,13,0,DraftKings
wnba,2026,2,2026-07-28,401857094,Indiana Fever,Seattle Storm,0,8.5,186.5,105,95,37,21,18,29,20,27,25,23,0,DraftKings
wnba,2026,2,2026-07-28,401857093,Toronto Tempo,Minnesota Lynx,0,-17.5,186.5,93,100,28,15,25,25,25,28,28,19,0,DraftKings
wnba,2026,2,2026-07-28,401857096,New York Liberty,Los Angeles Sparks,0,5.5,182.5,113,109,36,17,32,28,30,26,28,25,0,DraftKings
wnba,2026,2,2026-07-29,401857097,Atlanta Dream,Dallas Wings,0,1.5,183.5,82,81,16,16,20,30,16,22,26,17,0,DraftKings
wnba,2026,2,2026-07-28,401857095,Portland Fire,Las Vegas Aces,0,-11.5,176.5,83,98,21,16,27,19,36,17,26,19,0,DraftKings
wnba,2026,2,2026-07-29,401857098,Golden State Valkyries,Phoenix Mercury,0,3.5,156.5,89,91,18,28,20,23,21,13,26,31,0,DraftKings
wnba,2026,2,2026-07-30,401857099,Minnesota Lynx,Toronto Tempo,0,12.5,186.5,104,72,18,32,31,23,19,22,14,17,0,DraftKings
wnba,2026,2,2026-07-30,401857100,Connecticut Sun,Chicago Sky,0,-5.5,176.5,88,94,26,23,17,22,24,16,21,33,0,DraftKings
wnba,2026,2,2026-07-30,401857101,New York Liberty,Las Vegas Aces,0,-4.5,182.5,99,104,26,18,27,28,27,25,26,26,0,DraftKings
wnba,2026,2,2026-07-31,401857102,Seattle Storm,Atlanta Dream,0,-11.5,178.5,89,98,15,18,26,30,27,20,19,32,0,DraftKings
wnba,2026,2,2026-07-31,401857103,Dallas Wings,Washington Mystics,0,3.5,167.5,75,81,14,21,20,20,22,16,21,22,0,DraftKings
wnba,2026,2,2026-08-01,401857106,New York Liberty,Phoenix Mercury,0,2.5,176.5,94,92,26,20,20,28,15,28,22,27,0,DraftKings
wnba,2026,2,2026-08-01,401857105,Las Vegas Aces,Chicago Sky,0,5.5,183.5,83,84,20,20,25,18,16,21,18,29,0,DraftKings
wnba,2026,2,2026-07-31,401857104,Indiana Fever,Portland Fire,0,7.5,188.5,112,98,27,29,34,22,25,22,25,26,0,DraftKings
wnba,2026,2,2026-08-02,401857107,Indiana Fever,Minnesota Lynx,0,-5.5,190.5,100,108,33,20,23,24,36,28,23,21,0,DraftKings
wnba,2026,2,2026-08-02,401857108,Los Angeles Sparks,Portland Fire,0,-1.5,186.5,106,101,22,21,29,34,29,20,23,29,0,DraftKings
wnba,2026,2,2026-08-03,401857111,Las Vegas Aces,Atlanta Dream,0,-2.5,184.5,109,87,22,33,31,23,24,14,24,25,0,DraftKings
wnba,2026,2,2026-08-02,401857110,Toronto Tempo,Golden State Valkyries,0,-13.5,164.5,79,96,20,23,18,18,25,19,23,29,0,DraftKings
wnba,2026,2,2026-08-02,401857109,Connecticut Sun,Dallas Wings,0,-11.5,173.5,63,83,16,21,8,18,22,26,24,11,0,DraftKings
wnba,2026,2,2026-08-03,401857112,Seattle Storm,New York Liberty,0,-7.5,182.5,83,95,18,25,24,16,28,22,29,16,0,DraftKings
wnba,2026,2,2026-08-04,401857114,Toronto Tempo,Golden State Valkyries,0,-11.5,169.5,81,92,24,18,26,13,25,16,31,20,0,DraftKings
wnba,2026,2,2026-08-03,401857113,Phoenix Mercury,Chicago Sky,0,1.5,179.5,106,101,26,29,23,28,27,20,30,24,0,DraftKings
wnba,2026,2,2026-08-05,401857115,Phoenix Mercury,Atlanta Dream,0,-6.5,182.5,82,96,24,23,19,16,33,21,27,15,0,DraftKings
wnba,2026,2,2026-08-05,401857117,Dallas Wings,Washington Mystics,0,2.5,167.5,92,96,31,28,21,12,28,16,28,24,0,DraftKings
wnba,2026,2,2026-08-05,401857116,Seattle Storm,New York Liberty,0,-7.5,182.5,86,92,16,27,22,21,27,20,22,23,0,DraftKings
wnba,2026,2,2026-08-05,401857118,Los Angeles Sparks,Chicago Sky,0,-2.5,187.5,88,95,19,19,24,26,33,15,13,34,0,DraftKings
wnba,2026,2,2026-08-06,401857119,Las Vegas Aces,Indiana Fever,0,-1.5,192.5,86,84,18,19,19,19,20,22,9,24,1,DraftKings
wnba,2026,2,2026-08-06,401857121,Toronto Tempo,Portland Fire,0,-2.5,187.5,83,97,23,14,22,24,25,26,30,16,0,DraftKings
wnba,2026,2,2026-08-07,401857123,Atlanta Dream,Washington Mystics,0,5.5,171.5,74,79,13,17,16,28,19,23,20,17,0,DraftKings
wnba,2026,2,2026-08-07,401857122,Phoenix Mercury,Connecticut Sun,0,5.5,174.5,72,75,27,13,9,23,18,14,17,26,0,DraftKings
wnba,2026,2,2026-08-06,401857120,Los Angeles Sparks,Minnesota Lynx,0,-16.5,188.5,89,82,21,19,26,23,22,26,23,11,0,DraftKings
wnba,2026,2,2026-08-07,401857124,Golden State Valkyries,Dallas Wings,0,1.5,160.5,94,76,26,18,30,20,21,15,22,18,0,DraftKings
